6.384009999999999536e+02,1.002691599999999994e+01
6.384070000000000391e+02,9.940725000000000477e+00
6.384120000000000346e+02,9.931148000000000309e+00
6.384239999999999782e+02,9.911993999999999971e+00
6.384289999999999736e+02,9.950302000000000646e+00
6.384349999999999454e+02,9.959877999999999787e+00
6.384410000000000309e+02,9.931148000000000309e+00
6.384470000000000027e+02,9.931148000000000309e+00
6.384519999999999982e+02,9.902418000000000831e+00
6.384579999999999700e+02,9.902418000000000831e+00
6.384640000000000555e+02,9.940725000000000477e+00
6.384690000000000509e+02,9.921571000000000140e+00
6.384750000000000227e+02,9.979032000000000124e+00
6.384809999999999945e+02,9.911993999999999971e+00
6.384859999999999900e+02,9.940725000000000477e+00
6.384919999999999618e+02,9.921571000000000140e+00
6.384980000000000473e+02,9.931148000000000309e+00
6.385030000000000427e+02,9.979032000000000124e+00
6.385090000000000146e+02,9.911993999999999971e+00
6.385149999999999864e+02,9.931148000000000309e+00
6.385199999999999818e+02,9.931148000000000309e+00
6.385259999999999536e+02,1.001733899999999977e+01
6.385320000000000391e+02,9.902418000000000831e+00
6.385380000000000109e+02,9.940725000000000477e+00
6.385430000000000064e+02,9.998186000000000462e+00
6.385489999999999782e+02,9.959877999999999787e+00
6.385549999999999500e+02,9.864110000000000156e+00
6.385610000000000355e+02,9.940725000000000477e+00
6.385660000000000309e+02,9.940725000000000477e+00
6.385720000000000027e+02,9.959877999999999787e+00
6.385769999999999982e+02,9.931148000000000309e+00
6.385829999999999700e+02,9.873687000000000324e+00
6.385890000000000555e+02,9.921571000000000140e+00
6.385950000000000273e+02,9.931148000000000309e+00
6.386000000000000227e+02,9.950302000000000646e+00
6.386059999999999945e+02,9.959877999999999787e+00
6.386119999999999663e+02,9.950302000000000646e+00
6.386169999999999618e+02,9.000000000000000000e+00
6.386230000000000473e+02,9.940725000000000477e+00
6.386290000000000191e+02,9.902418000000000831e+00
6.386399999999999864e+02,9.931148000000000309e+00
6.386459999999999582e+02,9.969454999999999956e+00
6.386520000000000437e+02,9.883264000000000493e+00
6.386570000000000391e+02,9.979032000000000124e+00
6.386630000000000109e+02,9.940725000000000477e+00
6.386680000000000064e+02,1.000776199999999960e+01
6.386739999999999782e+02,9.969454999999999956e+00
6.386799999999999500e+02,9.959877999999999787e+00
6.386860000000000355e+02,9.931148000000000309e+00
6.386910000000000309e+02,9.969454999999999956e+00
6.386970000000000027e+02,9.940725000000000477e+00
6.387029999999999745e+02,9.959877999999999787e+00
6.387089999999999463e+02,9.921571000000000140e+00
6.387140000000000555e+02,9.921571000000000140e+00
6.387200000000000273e+02,9.883264000000000493e+00
6.387259999999999991e+02,9.940725000000000477e+00
6.387309999999999945e+02,9.931148000000000309e+00
6.387369999999999663e+02,9.902418000000000831e+00
6.387430000000000518e+02,9.998186000000000462e+00
6.387490000000000236e+02,9.998186000000000462e+00
6.387540000000000191e+02,9.988609000000000293e+00
6.387599999999999909e+02,9.959877999999999787e+00
6.387659999999999627e+02,9.959877999999999787e+00
6.387709999999999582e+02,9.873687000000000324e+00
6.387770000000000437e+02,9.988609000000000293e+00
6.387830000000000155e+02,9.892841000000000662e+00
6.387880000000000109e+02,9.959877999999999787e+00
6.387939999999999827e+02,9.902418000000000831e+00
6.387999999999999545e+02,9.883264000000000493e+00
6.388060000000000400e+02,9.921571000000000140e+00
6.388110000000000355e+02,1.000776199999999960e+01
6.388170000000000073e+02,9.921571000000000140e+00
6.388229999999999791e+02,1.001733899999999977e+01
6.388279999999999745e+02,9.959877999999999787e+00
6.388339999999999463e+02,9.940725000000000477e+00
6.388400000000000318e+02,9.921571000000000140e+00
6.388450000000000273e+02,9.911993999999999971e+00
6.388509999999999991e+02,9.969454999999999956e+00
6.388569999999999709e+02,1.002691599999999994e+01
6.388630000000000564e+02,9.959877999999999787e+00
6.388680000000000518e+02,9.931148000000000309e+00
6.388740000000000236e+02,9.940725000000000477e+00
6.388799999999999955e+02,9.959877999999999787e+00
6.388849999999999909e+02,9.979032000000000124e+00
6.388909999999999627e+02,9.998186000000000462e+00
6.388970000000000482e+02,9.950302000000000646e+00
6.389030000000000200e+02,9.950302000000000646e+00
6.389080000000000155e+02,9.911993999999999971e+00
6.389139999999999873e+02,9.911993999999999971e+00
6.389199999999999591e+02,1.001733899999999977e+01
6.389260000000000446e+02,9.940725000000000477e+00
6.389310000000000400e+02,9.950302000000000646e+00
6.389370000000000118e+02,9.931148000000000309e+00
6.389429999999999836e+02,9.921571000000000140e+00
6.389479999999999791e+02,9.940725000000000477e+00
6.389539999999999509e+02,9.940725000000000477e+00
6.389600000000000364e+02,9.998186000000000462e+00
6.389650000000000318e+02,9.911993999999999971e+00
6.389710000000000036e+02,9.921571000000000140e+00
6.389829999999999472e+02,9.921571000000000140e+00
6.389880000000000564e+02,9.854533999999999239e+00
6.389940000000000282e+02,9.988609000000000293e+00
6.390000000000000000e+02,9.959877999999999787e+00
6.390049999999999955e+02,9.950302000000000646e+00
6.390170000000000528e+02,9.988609000000000293e+00
6.390220000000000482e+02,9.931148000000000309e+00
6.390280000000000200e+02,9.969454999999999956e+00
6.390339999999999918e+02,9.931148000000000309e+00
6.390449999999999591e+02,9.940725000000000477e+00
6.390510000000000446e+02,9.959877999999999787e+00
6.390560000000000400e+02,9.998186000000000462e+00
6.390620000000000118e+02,9.911993999999999971e+00
6.390679999999999836e+02,9.979032000000000124e+00
6.390739999999999554e+02,9.873687000000000324e+00
6.390789999999999509e+02,9.950302000000000646e+00
6.390850000000000364e+02,9.854533999999999239e+00
6.390910000000000082e+02,9.921571000000000140e+00
6.390960000000000036e+02,9.911993999999999971e+00
6.391019999999999754e+02,9.950302000000000646e+00
6.391079999999999472e+02,9.959877999999999787e+00
6.391130000000000564e+02,9.921571000000000140e+00
6.391190000000000282e+02,1.002691599999999994e+01
6.391250000000000000e+02,9.902418000000000831e+00
6.391309999999999718e+02,9.988609000000000293e+00
6.391359999999999673e+02,9.931148000000000309e+00
6.391420000000000528e+02,9.921571000000000140e+00
6.391480000000000246e+02,9.911993999999999971e+00
6.391530000000000200e+02,9.950302000000000646e+00
6.391589999999999918e+02,9.979032000000000124e+00
6.391649999999999636e+02,9.892841000000000662e+00
6.391699999999999591e+02,9.940725000000000477e+00
6.391760000000000446e+02,9.949999999999999289e+00
6.391820000000000164e+02,9.969454999999999956e+00
6.391879999999999882e+02,9.911993999999999971e+00
6.391989999999999554e+02,9.940725000000000477e+00
6.392039999999999509e+02,9.864110000000000156e+00
6.392160000000000082e+02,9.921571000000000140e+00
6.392219999999999800e+02,9.950302000000000646e+00
6.392269999999999754e+02,9.931148000000000309e+00
6.392329999999999472e+02,9.931148000000000309e+00
6.392390000000000327e+02,9.911993999999999971e+00
6.392440000000000282e+02,9.921571000000000140e+00
6.392500000000000000e+02,9.988609000000000293e+00
6.392559999999999718e+02,9.988609000000000293e+00
6.392609999999999673e+02,9.969454999999999956e+00
6.392670000000000528e+02,9.940725000000000477e+00
6.392730000000000246e+02,9.931148000000000309e+00
6.392789999999999964e+02,1.000776199999999960e+01
6.392839999999999918e+02,9.988609000000000293e+00
6.392899999999999636e+02,9.911993999999999971e+00
6.392960000000000491e+02,9.921571000000000140e+00
6.393010000000000446e+02,9.950302000000000646e+00
6.393070000000000164e+02,9.950302000000000646e+00
6.393129999999999882e+02,9.892841000000000662e+00
6.393189999999999600e+02,1.000776199999999960e+01
6.393239999999999554e+02,9.931148000000000309e+00
6.393300000000000409e+02,9.988609000000000293e+00
6.393360000000000127e+02,9.950302000000000646e+00
6.393419999999999845e+02,9.902418000000000831e+00
6.393469999999999800e+02,9.998186000000000462e+00
6.393529999999999518e+02,9.873687000000000324e+00
6.393579999999999472e+02,9.998186000000000462e+00
6.393640000000000327e+02,9.873687000000000324e+00
6.393700000000000045e+02,9.902418000000000831e+00
6.393759999999999764e+02,9.979032000000000124e+00
6.393809999999999718e+02,9.931148000000000309e+00
6.393869999999999436e+02,9.988609000000000293e+00
6.393930000000000291e+02,9.969454999999999956e+00
6.394039999999999964e+02,9.883264000000000493e+00
6.394099999999999682e+02,1.002599999999999980e+01
6.394149999999999636e+02,9.969454999999999956e+00
6.394210000000000491e+02,9.979032000000000124e+00
6.394270000000000209e+02,9.835380000000000678e+00
6.394329999999999927e+02,9.883264000000000493e+00
6.394379999999999882e+02,9.883264000000000493e+00
6.394500000000000455e+02,9.959877999999999787e+00
6.394560000000000173e+02,9.950302000000000646e+00
6.394610000000000127e+02,9.988609000000000293e+00
6.394669999999999845e+02,9.950302000000000646e+00
6.394719999999999800e+02,9.969454999999999956e+00
6.394779999999999518e+02,9.931148000000000309e+00
6.394840000000000373e+02,1.004607000000000028e+01
6.394900000000000091e+02,9.911993999999999971e+00
6.394950000000000045e+02,9.940725000000000477e+00
6.395009999999999764e+02,9.959877999999999787e+00
6.395069999999999482e+02,9.969454999999999956e+00
6.395119999999999436e+02,9.959877999999999787e+00
6.395180000000000291e+02,9.902418000000000831e+00
6.395240000000000009e+02,9.950302000000000646e+00
6.395299999999999727e+02,9.921571000000000140e+00
6.395349999999999682e+02,9.902418000000000831e+00
6.395410000000000537e+02,9.921571000000000140e+00
6.395470000000000255e+02,9.902418000000000831e+00
6.395529999999999973e+02,9.950302000000000646e+00
6.395579999999999927e+02,1.001733899999999977e+01
6.395639999999999645e+02,9.959877999999999787e+00
6.395700000000000500e+02,9.950302000000000646e+00
6.395750000000000455e+02,9.902418000000000831e+00
6.395810000000000173e+02,9.900000000000000355e+00
6.395869999999999891e+02,1.002691599999999994e+01
6.395919999999999845e+02,9.940725000000000477e+00
6.396040000000000418e+02,9.950302000000000646e+00
6.396100000000000136e+02,1.000776199999999960e+01
6.396209999999999809e+02,9.892841000000000662e+00
6.396269999999999527e+02,9.940725000000000477e+00
6.396330000000000382e+02,9.940725000000000477e+00
6.396380000000000337e+02,9.979032000000000124e+00
6.396499999999999773e+02,9.959877999999999787e+00
6.396549999999999727e+02,9.931148000000000309e+00
6.396609999999999445e+02,9.931148000000000309e+00
6.396670000000000300e+02,9.931148000000000309e+00
6.396730000000000018e+02,1.003649300000000011e+01
6.396779999999999973e+02,9.950302000000000646e+00
6.396839999999999691e+02,9.931148000000000309e+00
6.396900000000000546e+02,9.988609000000000293e+00
6.396950000000000500e+02,9.864110000000000156e+00
6.397010000000000218e+02,9.921571000000000140e+00
6.397069999999999936e+02,9.940725000000000477e+00
6.397119999999999891e+02,9.969454999999999956e+00
6.397179999999999609e+02,9.892841000000000662e+00
6.397240000000000464e+02,9.902418000000000831e+00
6.397300000000000182e+02,9.959877999999999787e+00
6.397350000000000136e+02,9.902418000000000831e+00
6.397409999999999854e+02,9.892841000000000662e+00
6.397469999999999573e+02,9.950302000000000646e+00
6.397519999999999527e+02,9.959877999999999787e+00
6.397580000000000382e+02,9.950302000000000646e+00
6.397640000000000100e+02,9.969454999999999956e+00
6.397690000000000055e+02,9.911993999999999971e+00
6.397749999999999773e+02,9.921571000000000140e+00
6.397809999999999491e+02,1.001733899999999977e+01
6.397870000000000346e+02,9.940725000000000477e+00
6.397920000000000300e+02,9.911993999999999971e+00
6.397980000000000018e+02,9.959877999999999787e+00
6.398039999999999736e+02,9.902418000000000831e+00
6.398099999999999454e+02,9.921571000000000140e+00
6.398150000000000546e+02,9.940725000000000477e+00
6.398210000000000264e+02,9.883264000000000493e+00
6.398260000000000218e+02,1.001733899999999977e+01
6.398319999999999936e+02,9.940725000000000477e+00
6.398379999999999654e+02,9.921571000000000140e+00
6.398440000000000509e+02,9.911993999999999971e+00
6.398500000000000227e+02,9.959877999999999787e+00
6.398550000000000182e+02,9.988609000000000293e+00
6.398609999999999900e+02,1.000776199999999960e+01
6.398669999999999618e+02,9.883264000000000493e+00
6.398719999999999573e+02,9.921571000000000140e+00
6.398780000000000427e+02,9.969454999999999956e+00
6.398840000000000146e+02,1.002691599999999994e+01
6.398899999999999864e+02,1.002691599999999994e+01
6.398949999999999818e+02,9.998186000000000462e+00
6.399009999999999536e+02,9.950302000000000646e+00
6.399070000000000391e+02,9.892841000000000662e+00
6.399120000000000346e+02,9.902418000000000831e+00
6.399180000000000064e+02,9.902418000000000831e+00
6.399239999999999782e+02,9.950302000000000646e+00
6.399299999999999500e+02,9.921571000000000140e+00
6.399349999999999454e+02,9.969454999999999956e+00
6.399410000000000309e+02,9.921571000000000140e+00
6.399460000000000264e+02,9.950302000000000646e+00
6.399519999999999982e+02,9.959877999999999787e+00
6.399579999999999700e+02,1.001733899999999977e+01
6.399640000000000555e+02,9.911993999999999971e+00
6.399690000000000509e+02,9.873687000000000324e+00
6.399750000000000227e+02,9.940725000000000477e+00
6.399809999999999945e+02,1.004607000000000028e+01
6.399869999999999663e+02,9.902418000000000831e+00
6.399930000000000518e+02,9.979032000000000124e+00
6.399980000000000473e+02,9.969454999999999956e+00
6.400040000000000191e+02,9.921571000000000140e+00
6.400090000000000146e+02,1.026633600000000079e+01
6.400149999999999864e+02,1.001733899999999977e+01
6.400209999999999582e+02,6.799532000000000131e+00
6.400270000000000437e+02,1.309149400000000085e+01
6.400380000000000109e+02,1.013226099999999974e+01
6.400439999999999827e+02,9.959877999999999787e+00
6.400560000000000400e+02,9.615112999999999133e+00
6.400620000000000118e+02,9.155426999999999538e+00
6.400679999999999836e+02,1.152089800000000075e+01
6.400739999999999554e+02,9.270348000000000255e+00
6.400789999999999509e+02,9.011775000000000091e+00
6.400850000000000364e+02,1.099417399999999922e+01
6.400910000000000082e+02,9.586382999999999655e+00
6.400969999999999800e+02,9.710881000000000540e+00
6.401029999999999518e+02,1.023760599999999954e+01
6.401079999999999472e+02,1.018972199999999972e+01
6.401140000000000327e+02,9.806649999999999423e+00
6.401200000000000045e+02,9.864110000000000156e+00
6.401259999999999764e+02,1.026633600000000079e+01
6.401319999999999482e+02,9.576805999999999486e+00
6.401369999999999436e+02,9.873687000000000324e+00
6.401430000000000291e+02,1.007479999999999976e+01
6.401490000000000009e+02,9.739611999999999270e+00
6.401549999999999727e+02,1.004607000000000028e+01
6.401609999999999445e+02,9.902418000000000831e+00
6.401660000000000537e+02,9.940725000000000477e+00
6.401720000000000255e+02,9.835380000000000678e+00
6.401779999999999973e+02,9.835380000000000678e+00
6.401839999999999691e+02,1.011310699999999940e+01
6.401889999999999645e+02,9.921571000000000140e+00
6.401950000000000500e+02,9.883264000000000493e+00
6.402010000000000218e+02,1.020887500000000081e+01
6.402069999999999936e+02,9.768342000000000525e+00
6.402119999999999891e+02,9.864110000000000156e+00
6.402179999999999609e+02,1.014183799999999991e+01
6.402240000000000464e+02,9.835380000000000678e+00
6.402290000000000418e+02,9.988609000000000293e+00
6.402409999999999854e+02,9.873687000000000324e+00
6.402469999999999573e+02,1.004607000000000028e+01
6.402580000000000382e+02,1.003649300000000011e+01
6.402640000000000100e+02,9.873687000000000324e+00
6.402699999999999818e+02,9.959877999999999787e+00
6.402749999999999773e+02,1.010353100000000026e+01
6.402809999999999491e+02,9.806649999999999423e+00
6.402870000000000346e+02,1.003649300000000011e+01
6.402930000000000064e+02,1.002691599999999994e+01
6.402989999999999782e+02,9.883264000000000493e+00
6.403039999999999736e+02,1.000776199999999960e+01
6.403099999999999454e+02,9.931148000000000309e+00
6.403160000000000309e+02,9.998186000000000462e+00
6.403220000000000027e+02,9.835380000000000678e+00
6.403269999999999982e+02,9.902418000000000831e+00
6.403329999999999700e+02,1.001733899999999977e+01
6.403390000000000555e+02,9.864110000000000156e+00
6.403440000000000509e+02,1.003649300000000011e+01
6.403500000000000227e+02,9.911993999999999971e+00
6.403559999999999945e+02,9.902418000000000831e+00
6.403619999999999663e+02,1.001733899999999977e+01
6.403669999999999618e+02,9.959877999999999787e+00
6.403730000000000473e+02,9.892841000000000662e+00
6.403790000000000191e+02,9.883264000000000493e+00
6.403849999999999909e+02,9.959877999999999787e+00
6.403899999999999864e+02,9.959877999999999787e+00
6.403959999999999582e+02,9.921571000000000140e+00
6.404020000000000437e+02,9.911993999999999971e+00
6.404070000000000391e+02,9.979032000000000124e+00
6.404130000000000109e+02,9.921571000000000140e+00
6.404189999999999827e+02,9.931148000000000309e+00
6.404239999999999782e+02,1.003649300000000011e+01
6.404299999999999500e+02,9.921571000000000140e+00
6.404360000000000355e+02,9.969454999999999956e+00
6.404420000000000073e+02,9.940725000000000477e+00
6.404470000000000027e+02,9.883264000000000493e+00
6.404589999999999463e+02,9.950302000000000646e+00
6.404640000000000555e+02,9.931148000000000309e+00
6.404700000000000273e+02,9.921571000000000140e+00
6.404759999999999991e+02,9.969454999999999956e+00
6.404809999999999945e+02,9.911993999999999971e+00
6.404869999999999663e+02,9.873687000000000324e+00
6.404930000000000518e+02,9.931148000000000309e+00
6.404990000000000236e+02,9.950302000000000646e+00
6.405040000000000191e+02,9.940725000000000477e+00
6.405099999999999909e+02,1.004607000000000028e+01
6.405159999999999627e+02,9.873687000000000324e+00
6.405209999999999582e+02,9.940725000000000477e+00
6.405270000000000437e+02,9.892841000000000662e+00
6.405330000000000155e+02,9.969454999999999956e+00
6.405380000000000109e+02,9.959877999999999787e+00
6.405439999999999827e+02,9.873687000000000324e+00
6.405499999999999545e+02,1.000776199999999960e+01
6.405560000000000400e+02,9.911993999999999971e+00
6.405620000000000118e+02,9.959877999999999787e+00
6.405670000000000073e+02,9.959877999999999787e+00
6.405729999999999791e+02,9.921571000000000140e+00
6.405779999999999745e+02,9.864110000000000156e+00
6.405839999999999463e+02,9.950302000000000646e+00
6.405900000000000318e+02,1.003649300000000011e+01
6.405960000000000036e+02,9.940725000000000477e+00
6.406009999999999991e+02,9.969454999999999956e+00
6.406069999999999709e+02,9.000000000000000000e+00
6.406130000000000564e+02,9.921571000000000140e+00
6.406180000000000518e+02,9.979032000000000124e+00
6.406240000000000236e+02,9.911993999999999971e+00
6.406299999999999955e+02,9.911993999999999971e+00
6.406349999999999909e+02,9.921571000000000140e+00
6.406470000000000482e+02,9.959877999999999787e+00
6.406530000000000200e+02,9.950302000000000646e+00
6.406580000000000155e+02,9.979032000000000124e+00
6.406639999999999873e+02,9.873687000000000324e+00
6.406699999999999591e+02,9.911993999999999971e+00
6.406749999999999545e+02,9.998186000000000462e+00
6.406810000000000400e+02,1.008437699999999992e+01
6.406870000000000118e+02,1.176031799999999983e+01
6.406920000000000073e+02,6.952760999999999747e+00
6.406979999999999791e+02,1.051533300000000004e+01
6.407039999999999509e+02,1.261265399999999914e+01
6.407100000000000364e+02,8.360552000000000206e+00
6.407160000000000082e+02,1.005564599999999942e+01
6.407219999999999800e+02,9.634266999999999470e+00
6.407269999999999754e+02,1.155920500000000040e+01
6.407329999999999472e+02,8.599971999999999284e+00
6.407390000000000327e+02,9.921571000000000140e+00
6.407450000000000045e+02,1.116655599999999993e+01
6.407509999999999764e+02,8.456319999999999837e+00
6.407569999999999482e+02,1.085052100000000053e+01
6.407619999999999436e+02,1.010353100000000026e+01
6.407680000000000291e+02,9.624689999999999301e+00
6.407740000000000009e+02,1.002691599999999994e+01
6.407799999999999727e+02,9.883264000000000493e+00
6.407859999999999445e+02,1.173158800000000035e+01
6.407910000000000537e+02,8.753201000000000676e+00
6.407970000000000255e+02,1.049618000000000073e+01
6.408029999999999973e+02,1.121443999999999974e+01
6.408150000000000546e+02,8.839392000000000138e+00
6.408200000000000500e+02,1.064940799999999932e+01
6.408260000000000218e+02,1.071644599999999947e+01
6.408319999999999936e+02,8.772353999999999985e+00
6.408379999999999654e+02,8.820237999999999801e+00
6.408440000000000509e+02,1.150174400000000041e+01
6.408500000000000227e+02,9.461883999999999517e+00
6.408550000000000182e+02,9.662997000000000725e+00
6.408609999999999900e+02,1.032379700000000078e+01
6.408669999999999618e+02,9.777919000000000693e+00
6.408730000000000473e+02,1.007479999999999976e+01
6.408790000000000191e+02,9.413999999999999702e+00
6.408840000000000146e+02,1.056321699999999986e+01
6.408899999999999864e+02,9.883264000000000493e+00
6.408959999999999582e+02,9.615112999999999133e+00
6.409020000000000437e+02,1.017056799999999939e+01
6.409080000000000155e+02,9.768342000000000525e+00
6.409130000000000109e+02,1.001733899999999977e+01
6.409189999999999827e+02,1.002691599999999994e+01
6.409249999999999545e+02,9.959877999999999787e+00
6.409310000000000400e+02,9.988609000000000293e+00
6.409360000000000355e+02,9.653420999999999808e+00
6.409420000000000073e+02,1.019929899999999989e+01
6.409479999999999791e+02,9.988609000000000293e+00
6.409539999999999509e+02,9.758765000000000356e+00
6.409589999999999463e+02,1.019929899999999989e+01
6.409650000000000318e+02,9.883264000000000493e+00
6.409710000000000036e+02,9.854533999999999239e+00
6.409769999999999754e+02,9.950302000000000646e+00
6.409819999999999709e+02,9.950302000000000646e+00
6.409880000000000564e+02,1.006522299999999959e+01
6.409940000000000282e+02,9.921571000000000140e+00
6.409990000000000236e+02,1.003649300000000011e+01
6.410049999999999955e+02,9.749188999999999439e+00
6.410109999999999673e+02,9.979032000000000124e+00
6.410170000000000528e+02,1.014183799999999991e+01
6.410230000000000246e+02,9.710881000000000540e+00
6.410339999999999918e+02,1.017056799999999939e+01
6.410399999999999636e+02,9.720458000000000709e+00
6.410510000000000446e+02,1.003649300000000011e+01
6.410570000000000164e+02,9.911993999999999971e+00
6.410629999999999882e+02,9.950302000000000646e+00
6.410689999999999600e+02,1.001733899999999977e+01
6.410739999999999554e+02,9.911993999999999971e+00
6.410800000000000409e+02,9.911993999999999971e+00
6.410860000000000127e+02,1.010353100000000026e+01
6.410919999999999845e+02,9.883264000000000493e+00
6.410969999999999800e+02,9.720458000000000709e+00
6.411029999999999518e+02,1.009395400000000009e+01
6.411090000000000373e+02,9.959877999999999787e+00
6.411150000000000091e+02,9.777919000000000693e+00
6.411200000000000045e+02,1.004607000000000028e+01
6.411259999999999764e+02,9.950302000000000646e+00
6.411319999999999482e+02,9.816226000000000340e+00
6.411380000000000337e+02,9.911993999999999971e+00
6.411430000000000291e+02,9.969454999999999956e+00
6.411490000000000009e+02,9.883264000000000493e+00
6.411549999999999727e+02,9.998186000000000462e+00
6.411599999999999682e+02,1.004607000000000028e+01
6.411660000000000537e+02,9.825803000000000509e+00
6.411720000000000255e+02,9.902418000000000831e+00
6.411779999999999973e+02,1.003649300000000011e+01
6.411839999999999691e+02,9.911993999999999971e+00
6.411889999999999645e+02,9.864110000000000156e+00
6.411950000000000500e+02,1.010353100000000026e+01
6.412010000000000218e+02,9.959877999999999787e+00
6.412060000000000173e+02,9.777919000000000693e+00
6.412119999999999891e+02,1.000776199999999960e+01
6.412179999999999609e+02,1.002691599999999994e+01
6.412240000000000464e+02,9.873687000000000324e+00
6.412350000000000136e+02,9.959877999999999787e+00
6.412409999999999854e+02,9.864110000000000156e+00
6.412459999999999809e+02,9.969454999999999956e+00
6.412519999999999527e+02,1.026633600000000079e+01
6.412580000000000382e+02,1.030464300000000044e+01
6.412699999999999818e+02,1.186566299999999963e+01
6.412749999999999773e+02,9.892841000000000662e+00
6.412809999999999491e+02,9.461883999999999517e+00
6.412870000000000346e+02,9.682150999999999286e+00
6.412930000000000064e+02,1.086967500000000086e+01
6.412989999999999782e+02,9.624689999999999301e+00
6.413039999999999736e+02,8.599971999999999284e+00
6.413099999999999454e+02,1.128147799999999989e+01
6.413160000000000309e+02,9.825803000000000509e+00
6.413220000000000027e+02,9.576805999999999486e+00
6.413269999999999982e+02,1.045787200000000006e+01
6.413329999999999700e+02,9.749188999999999439e+00
6.413390000000000555e+02,1.001733899999999977e+01
6.413450000000000273e+02,9.777919000000000693e+00
6.413509999999999991e+02,1.011310699999999940e+01
6.413559999999999945e+02,1.001733899999999977e+01
6.413619999999999663e+02,9.739611999999999270e+00
6.413680000000000518e+02,1.016099099999999922e+01
6.413740000000000236e+02,9.864110000000000156e+00
6.413799999999999955e+02,1.006522299999999959e+01
6.413849999999999909e+02,9.921571000000000140e+00
6.413909999999999627e+02,9.835380000000000678e+00
6.413970000000000482e+02,1.026633600000000079e+01
6.414030000000000200e+02,9.710881000000000540e+00
6.414080000000000155e+02,9.940725000000000477e+00
6.414139999999999873e+02,9.998186000000000462e+00
6.414249999999999545e+02,1.009395400000000009e+01
6.414310000000000400e+02,9.873687000000000324e+00
6.414370000000000118e+02,9.988609000000000293e+00
6.414429999999999836e+02,9.844957000000000846e+00
6.414539999999999509e+02,1.006522299999999959e+01
6.414600000000000364e+02,9.902418000000000831e+00
6.414710000000000036e+02,1.000776199999999960e+01
6.414769999999999754e+02,9.835380000000000678e+00
6.414829999999999472e+02,9.950302000000000646e+00
6.414890000000000327e+02,1.002691599999999994e+01
6.414940000000000282e+02,9.979032000000000124e+00
6.415000000000000000e+02,9.892841000000000662e+00
6.415059999999999718e+02,9.921571000000000140e+00
6.415109999999999673e+02,9.998186000000000462e+00
6.415170000000000528e+02,9.931148000000000309e+00
6.415230000000000246e+02,9.979032000000000124e+00
6.415289999999999964e+02,9.959877999999999787e+00
6.415339999999999918e+02,9.950302000000000646e+00
6.415399999999999636e+02,1.004607000000000028e+01
6.415460000000000491e+02,9.911993999999999971e+00
6.415520000000000209e+02,9.979032000000000124e+00
6.415570000000000164e+02,9.950302000000000646e+00
6.415629999999999882e+02,9.931148000000000309e+00
6.415689999999999600e+02,9.892841000000000662e+00
6.415739999999999554e+02,9.959877999999999787e+00
6.415800000000000409e+02,9.902418000000000831e+00
6.415860000000000127e+02,9.979032000000000124e+00
6.415910000000000082e+02,9.902418000000000831e+00
6.415969999999999800e+02,9.931148000000000309e+00
6.416090000000000373e+02,9.969454999999999956e+00
6.416140000000000327e+02,9.979032000000000124e+00
6.416200000000000045e+02,9.911993999999999971e+00
6.416250000000000000e+02,9.959877999999999787e+00
6.416309999999999718e+02,9.921571000000000140e+00
6.416369999999999436e+02,9.931148000000000309e+00
6.416430000000000291e+02,9.950302000000000646e+00
6.416480000000000246e+02,9.000000000000000000e+00
6.416539999999999964e+02,9.911993999999999971e+00
6.416599999999999682e+02,9.864110000000000156e+00
6.416649999999999636e+02,1.002691599999999994e+01
6.416710000000000491e+02,9.921571000000000140e+00
6.416770000000000209e+02,9.940725000000000477e+00
6.416820000000000164e+02,9.940725000000000477e+00
6.416879999999999882e+02,9.998186000000000462e+00
6.416939999999999600e+02,9.911993999999999971e+00
6.417000000000000455e+02,9.959877999999999787e+00
6.417050000000000409e+02,9.988609000000000293e+00
6.417110000000000127e+02,9.931148000000000309e+00
6.417169999999999845e+02,9.950302000000000646e+00
6.417229999999999563e+02,1.003649300000000011e+01
6.417279999999999518e+02,9.931148000000000309e+00
6.417340000000000373e+02,9.931148000000000309e+00
6.417390000000000327e+02,1.002691599999999994e+01
6.417450000000000045e+02,1.006522299999999959e+01
6.417509999999999764e+02,9.979032000000000124e+00
6.417569999999999482e+02,9.969454999999999956e+00
6.417630000000000337e+02,9.940725000000000477e+00
6.417680000000000291e+02,9.911993999999999971e+00
6.417740000000000009e+02,9.931148000000000309e+00
6.417799999999999727e+02,9.940725000000000477e+00
6.417849999999999682e+02,9.902418000000000831e+00
6.417910000000000537e+02,9.940725000000000477e+00
6.417970000000000255e+02,9.969454999999999956e+00
6.418020000000000209e+02,1.002691599999999994e+01
6.418079999999999927e+02,1.016099099999999922e+01
6.418139999999999645e+02,1.008437699999999992e+01
6.418200000000000500e+02,9.097965999999999553e+00
6.418260000000000218e+02,1.014183799999999991e+01
6.418319999999999936e+02,1.059194800000000036e+01
6.418379999999999654e+02,9.653420999999999808e+00
6.418429999999999609e+02,9.701304999999999623e+00
6.418490000000000464e+02,1.015141500000000008e+01
6.418550000000000182e+02,1.003649300000000011e+01
6.418609999999999900e+02,9.413999999999999702e+00
6.418719999999999573e+02,1.024718299999999971e+01
6.418780000000000427e+02,9.624689999999999301e+00
6.418840000000000146e+02,1.007479999999999976e+01
6.418899999999999864e+02,1.010353100000000026e+01
6.418959999999999582e+02,9.950302000000000646e+00
6.419009999999999536e+02,9.730035000000000878e+00
6.419070000000000391e+02,1.018014499999999956e+01
6.419130000000000109e+02,1.006522299999999959e+01
6.419189999999999827e+02,9.720458000000000709e+00
6.419249999999999545e+02,1.015141500000000008e+01
6.419299999999999500e+02,9.998186000000000462e+00
6.419360000000000355e+02,9.854533999999999239e+00
6.419410000000000309e+02,9.988609000000000293e+00
6.419470000000000027e+02,9.950302000000000646e+00
6.419529999999999745e+02,1.007479999999999976e+01
6.419589999999999463e+02,9.864110000000000156e+00
6.419640000000000555e+02,1.007479999999999976e+01
6.419700000000000273e+02,9.950302000000000646e+00
6.419759999999999991e+02,9.806649999999999423e+00
6.419819999999999709e+02,1.003649300000000011e+01
6.419869999999999663e+02,9.902418000000000831e+00
6.419930000000000518e+02,9.883264000000000493e+00
6.419990000000000236e+02,1.004607000000000028e+01
6.420049999999999955e+02,9.931139999999999191e+00
6.420099999999999909e+02,9.931148000000000309e+00
6.420159999999999627e+02,9.959877999999999787e+00
6.420270000000000437e+02,9.931148000000000309e+00
6.420330000000000155e+02,9.892841000000000662e+00
6.420389999999999873e+02,1.001733899999999977e+01
6.420449999999999591e+02,9.921571000000000140e+00
6.420499999999999545e+02,9.911993999999999971e+00
6.420620000000000118e+02,9.950302000000000646e+00
6.420679999999999836e+02,9.969454999999999956e+00
6.420729999999999791e+02,9.921571000000000140e+00
6.420789999999999509e+02,1.007479999999999976e+01
6.420850000000000364e+02,9.892841000000000662e+00
6.420900000000000318e+02,9.883264000000000493e+00
6.420960000000000036e+02,9.979032000000000124e+00
6.421019999999999754e+02,9.931148000000000309e+00
6.421069999999999709e+02,9.969454999999999956e+00
6.421130000000000564e+02,9.873687000000000324e+00
6.421190000000000282e+02,9.921571000000000140e+00
6.421250000000000000e+02,9.950302000000000646e+00
6.421299999999999955e+02,9.921571000000000140e+00
6.421359999999999673e+02,9.969454999999999956e+00
6.421420000000000528e+02,9.921571000000000140e+00
6.421470000000000482e+02,9.911993999999999971e+00
6.421530000000000200e+02,9.902418000000000831e+00
6.421589999999999918e+02,9.950302000000000646e+00
6.421649999999999636e+02,9.921571000000000140e+00
6.421699999999999591e+02,9.940725000000000477e+00
6.421760000000000446e+02,9.940725000000000477e+00
6.421820000000000164e+02,9.864110000000000156e+00
6.421870000000000118e+02,1.001733899999999977e+01
6.421929999999999836e+02,9.950302000000000646e+00
6.421989999999999554e+02,9.959877999999999787e+00
6.422039999999999509e+02,9.988609000000000293e+00
6.422100000000000364e+02,9.940725000000000477e+00
6.422160000000000082e+02,9.931148000000000309e+00
6.422219999999999800e+02,9.959877999999999787e+00
6.422329999999999472e+02,9.902418000000000831e+00
6.422390000000000327e+02,9.979029999999999845e+00
6.422440000000000282e+02,9.959877999999999787e+00
6.422500000000000000e+02,9.969454999999999956e+00
6.422559999999999718e+02,9.931148000000000309e+00
6.422609999999999673e+02,9.959877999999999787e+00
6.422670000000000528e+02,9.931148000000000309e+00
6.422730000000000246e+02,9.959877999999999787e+00
6.422780000000000200e+02,9.988609000000000293e+00
6.422839999999999918e+02,9.950302000000000646e+00
6.422899999999999636e+02,9.988609000000000293e+00
6.422949999999999591e+02,9.902418000000000831e+00
6.423010000000000446e+02,9.940725000000000477e+00
6.423070000000000164e+02,9.931148000000000309e+00
6.423129999999999882e+02,9.959877999999999787e+00
6.423179999999999836e+02,9.959877999999999787e+00
6.423239999999999554e+02,9.921571000000000140e+00
6.423300000000000409e+02,9.921571000000000140e+00
6.423350000000000364e+02,9.979032000000000124e+00
6.423410000000000082e+02,1.000776199999999960e+01
6.423469999999999800e+02,9.921571000000000140e+00
6.423519999999999754e+02,9.950302000000000646e+00
6.423579999999999472e+02,9.911993999999999971e+00
6.423640000000000327e+02,9.959877999999999787e+00
6.423700000000000045e+02,9.940725000000000477e+00
6.423750000000000000e+02,9.931148000000000309e+00
6.423809999999999718e+02,1.001733899999999977e+01
6.423869999999999436e+02,9.931148000000000309e+00
6.423920000000000528e+02,1.002691599999999994e+01
6.423990000000000009e+02,9.931148000000000309e+00
6.424039999999999964e+02,9.892841000000000662e+00
6.424099999999999682e+02,9.931148000000000309e+00
6.424149999999999636e+02,9.959877999999999787e+00
6.424210000000000491e+02,1.000776199999999960e+01
6.424270000000000209e+02,9.969454999999999956e+00
6.424329999999999927e+02,9.873687000000000324e+00
6.424379999999999882e+02,9.883264000000000493e+00
6.424500000000000455e+02,1.029506699999999952e+01
6.424560000000000173e+02,9.835380000000000678e+00
6.424669999999999845e+02,1.256476999999999933e+01
6.424729999999999563e+02,8.619125000000000369e+00
6.424790000000000418e+02,1.026633600000000079e+01
6.424850000000000136e+02,9.720458000000000709e+00
6.424900000000000091e+02,1.049618000000000073e+01
6.424959999999999809e+02,9.500192000000000192e+00
6.425019999999999527e+02,9.337386000000000408e+00
6.425080000000000382e+02,1.152089800000000075e+01
6.425140000000000100e+02,8.973466999999999416e+00
6.425190000000000055e+02,9.423576999999999870e+00
6.425249999999999773e+02,1.088882899999999943e+01
6.425309999999999491e+02,9.509767999999999333e+00
6.425370000000000346e+02,9.969454999999999956e+00
6.425430000000000064e+02,1.005564599999999942e+01
6.425480000000000018e+02,1.007479999999999976e+01
6.425539999999999736e+02,9.701304999999999623e+00
6.425599999999999454e+02,9.816226000000000340e+00
6.425660000000000309e+02,1.031422000000000061e+01
6.425720000000000027e+02,9.586382999999999655e+00
6.425769999999999982e+02,9.959877999999999787e+00
6.425829999999999700e+02,1.014183799999999991e+01
6.425890000000000555e+02,9.691727999999999454e+00
6.425950000000000273e+02,1.006522299999999959e+01
6.426000000000000227e+02,9.959877999999999787e+00
6.426059999999999945e+02,9.940725000000000477e+00
6.426119999999999663e+02,9.969454999999999956e+00
6.426180000000000518e+02,9.959877999999999787e+00
6.426230000000000473e+02,1.006522299999999959e+01
6.426349999999999909e+02,1.006522299999999959e+01
6.426409999999999627e+02,1.002691599999999994e+01
6.426470000000000482e+02,9.730035000000000878e+00
6.426520000000000437e+02,1.011310699999999940e+01
6.426580000000000155e+02,1.000769999999999982e+01
6.426639999999999873e+02,9.825803000000000509e+00
6.426699999999999591e+02,1.007479999999999976e+01
6.426810000000000400e+02,9.979032000000000124e+00
6.426870000000000118e+02,9.969454999999999956e+00
6.426920000000000073e+02,9.816226000000000340e+00
6.426979999999999791e+02,1.007479999999999976e+01
6.427039999999999509e+02,9.816226000000000340e+00
6.427100000000000364e+02,1.001733899999999977e+01
6.427150000000000318e+02,1.001733899999999977e+01
6.427210000000000036e+02,9.844957000000000846e+00
6.427269999999999754e+02,1.007479999999999976e+01
6.427329999999999472e+02,9.873687000000000324e+00
6.427390000000000327e+02,9.911993999999999971e+00
6.427440000000000282e+02,9.998186000000000462e+00
6.427500000000000000e+02,1.001733899999999977e+01
6.427559999999999718e+02,9.940725000000000477e+00
6.427609999999999673e+02,9.921571000000000140e+00
6.427670000000000528e+02,9.940725000000000477e+00
6.427730000000000246e+02,9.950302000000000646e+00
6.427780000000000200e+02,9.854533999999999239e+00
6.427839999999999918e+02,9.959877999999999787e+00
6.427899999999999636e+02,9.864110000000000156e+00
6.427960000000000491e+02,9.873687000000000324e+00
6.428010000000000446e+02,9.969454999999999956e+00
6.428070000000000164e+02,9.969454999999999956e+00
6.428129999999999882e+02,9.921571000000000140e+00
6.428179999999999836e+02,1.003649300000000011e+01
6.428239999999999554e+02,1.005564599999999942e+01
6.428300000000000409e+02,9.864110000000000156e+00
6.428350000000000364e+02,9.979032000000000124e+00
6.428410000000000082e+02,9.931148000000000309e+00
6.428469999999999800e+02,9.931148000000000309e+00
6.428529999999999518e+02,1.000776199999999960e+01
6.428579999999999472e+02,9.911993999999999971e+00
6.428700000000000045e+02,9.883264000000000493e+00
6.428750000000000000e+02,9.940725000000000477e+00
6.428869999999999436e+02,9.892841000000000662e+00
6.428920000000000528e+02,9.969454999999999956e+00
6.428980000000000246e+02,9.921571000000000140e+00
6.429039999999999964e+02,9.921571000000000140e+00
6.429099999999999682e+02,9.950302000000000646e+00
6.429160000000000537e+02,9.979032000000000124e+00
6.429210000000000491e+02,9.931148000000000309e+00
6.429270000000000209e+02,9.921571000000000140e+00
6.429329999999999927e+02,9.940725000000000477e+00
6.429379999999999882e+02,9.911993999999999971e+00
6.429439999999999600e+02,9.959877999999999787e+00
6.429500000000000455e+02,9.950302000000000646e+00
6.429550000000000409e+02,9.959877999999999787e+00
6.429610000000000127e+02,9.959877999999999787e+00
6.429669999999999845e+02,9.979032000000000124e+00
6.429729999999999563e+02,9.892841000000000662e+00
6.429779999999999518e+02,1.003649300000000011e+01
6.429840000000000373e+02,1.003649300000000011e+01
6.429900000000000091e+02,9.902418000000000831e+00
6.429950000000000045e+02,9.902418000000000831e+00
6.430009999999999764e+02,9.998186000000000462e+00
6.430069999999999482e+02,9.988609000000000293e+00
6.430119999999999436e+02,9.854533999999999239e+00
6.430180000000000291e+02,9.969454999999999956e+00
6.430240000000000009e+02,9.988609000000000293e+00
6.430299999999999727e+02,9.950302000000000646e+00
6.430410000000000537e+02,9.902418000000000831e+00
6.430470000000000255e+02,9.864110000000000156e+00
6.430520000000000209e+02,9.749188999999999439e+00
6.430579999999999927e+02,1.001733899999999977e+01
6.430700000000000500e+02,9.873687000000000324e+00
6.430750000000000455e+02,9.892841000000000662e+00
6.430810000000000173e+02,1.008437699999999992e+01
6.430869999999999891e+02,1.000776199999999960e+01
6.430929999999999609e+02,9.902418000000000831e+00
6.430979999999999563e+02,1.006522299999999959e+01
6.431040000000000418e+02,9.902418000000000831e+00
6.431100000000000136e+02,9.835380000000000678e+00
6.431159999999999854e+02,1.003649300000000011e+01
6.431209999999999809e+02,1.000776199999999960e+01
6.431269999999999527e+02,9.854533999999999239e+00
6.431330000000000382e+02,1.006522299999999959e+01
6.431390000000000100e+02,9.892841000000000662e+00
6.431440000000000055e+02,9.864110000000000156e+00
6.431499999999999773e+02,1.001733899999999977e+01
6.431559999999999491e+02,9.959877999999999787e+00
6.431620000000000346e+02,9.892841000000000662e+00
6.431670000000000300e+02,9.911993999999999971e+00
6.431730000000000018e+02,1.002691599999999994e+01
6.431789999999999736e+02,9.902418000000000831e+00
6.431839999999999691e+02,9.873687000000000324e+00
6.431900000000000546e+02,9.940725000000000477e+00
6.431960000000000264e+02,9.959877999999999787e+00
6.432019999999999982e+02,9.911993999999999971e+00
6.432079999999999700e+02,9.959877999999999787e+00
6.432129999999999654e+02,9.892841000000000662e+00
6.432190000000000509e+02,9.864110000000000156e+00
6.432250000000000227e+02,9.911993999999999971e+00
6.432300000000000182e+02,9.950302000000000646e+00
6.432359999999999900e+02,9.902418000000000831e+00
6.432419999999999618e+02,1.000776199999999960e+01
6.432469999999999573e+02,1.002691599999999994e+01
6.432530000000000427e+02,9.921571000000000140e+00
6.432590000000000146e+02,9.940725000000000477e+00
6.432649999999999864e+02,9.940725000000000477e+00
6.432699999999999818e+02,9.979032000000000124e+00
6.432759999999999536e+02,9.911993999999999971e+00
6.432880000000000109e+02,9.902418000000000831e+00
6.432930000000000064e+02,9.940725000000000477e+00
6.432989999999999782e+02,1.001733899999999977e+01
6.433049999999999500e+02,9.931148000000000309e+00
6.433099999999999454e+02,9.931148000000000309e+00
6.433160000000000309e+02,9.959877999999999787e+00
6.433220000000000027e+02,9.950302000000000646e+00
6.433269999999999982e+02,9.950302000000000646e+00
6.433329999999999700e+02,9.921571000000000140e+00
6.433390000000000555e+02,9.892841000000000662e+00
6.433450000000000273e+02,9.864110000000000156e+00
6.433500000000000227e+02,9.959877999999999787e+00
6.433559999999999945e+02,9.969454999999999956e+00
6.433619999999999663e+02,9.911993999999999971e+00
6.433669999999999618e+02,9.921571000000000140e+00
6.433730000000000473e+02,9.969454999999999956e+00
6.433790000000000191e+02,9.950302000000000646e+00
6.433849999999999909e+02,9.883264000000000493e+00
6.433899999999999864e+02,9.998186000000000462e+00
6.433959999999999582e+02,9.892841000000000662e+00
6.434009999999999536e+02,9.892841000000000662e+00
6.434070000000000391e+02,9.969454999999999956e+00
6.434130000000000109e+02,9.959877999999999787e+00
6.434189999999999827e+02,9.940725000000000477e+00
6.434239999999999782e+02,9.921571000000000140e+00
6.434299999999999500e+02,9.921571000000000140e+00
6.434420000000000073e+02,9.931148000000000309e+00
6.434470000000000027e+02,9.749188999999999439e+00
6.434529999999999745e+02,9.806649999999999423e+00
6.434579999999999700e+02,9.873687000000000324e+00
6.434640000000000555e+02,9.902418000000000831e+00
6.434700000000000273e+02,9.902418000000000831e+00
6.434759999999999991e+02,1.004607000000000028e+01
6.434809999999999945e+02,9.969454999999999956e+00
6.434869999999999663e+02,9.998186000000000462e+00
6.434930000000000518e+02,1.005564599999999942e+01
6.435040000000000191e+02,9.883264000000000493e+00
6.435099999999999909e+02,9.911993999999999971e+00
6.435159999999999627e+02,9.911993999999999971e+00
6.435209999999999582e+02,9.931148000000000309e+00
6.435270000000000437e+02,9.911993999999999971e+00
6.435330000000000155e+02,1.003649300000000011e+01
6.435380000000000109e+02,1.001733899999999977e+01
6.435439999999999827e+02,1.010353100000000026e+01
6.435499999999999545e+02,9.998186000000000462e+00
6.435560000000000400e+02,8.532933999999999131e+00
6.435620000000000118e+02,1.117613300000000010e+01
6.435670000000000073e+02,1.012268399999999957e+01
6.435729999999999791e+02,9.548076000000000008e+00
6.435789999999999509e+02,1.004607000000000028e+01
6.435850000000000364e+02,1.011310699999999940e+01
6.435910000000000082e+02,1.015141500000000008e+01
6.435969999999999800e+02,9.107542999999999722e+00
6.436019999999999754e+02,1.090798200000000051e+01
6.436079999999999472e+02,9.567228999999999317e+00
6.436140000000000327e+02,9.366115999999999886e+00
6.436200000000000045e+02,1.056321699999999986e+01
6.436259999999999764e+02,9.710881000000000540e+00
6.436319999999999482e+02,9.873687000000000324e+00
6.436380000000000337e+02,1.011310699999999940e+01
6.436430000000000291e+02,1.001733899999999977e+01
6.436490000000000009e+02,9.806649999999999423e+00
6.436609999999999445e+02,1.018972199999999972e+01
6.436660000000000537e+02,9.768342000000000525e+00
6.436720000000000255e+02,9.931148000000000309e+00
6.436779999999999973e+02,1.017056799999999939e+01
6.436839999999999691e+02,9.777919000000000693e+00
6.436889999999999645e+02,1.004607000000000028e+01
6.436950000000000500e+02,9.950302000000000646e+00
6.437010000000000218e+02,9.940725000000000477e+00
6.437060000000000173e+02,9.959877999999999787e+00
6.437119999999999891e+02,9.892841000000000662e+00
6.437179999999999609e+02,1.011310699999999940e+01
6.437240000000000464e+02,9.873687000000000324e+00
6.437290000000000418e+02,9.911993999999999971e+00
6.437350000000000136e+02,1.004607000000000028e+01
6.437409999999999854e+02,9.873687000000000324e+00
6.437469999999999573e+02,9.998186000000000462e+00
6.437530000000000427e+02,9.950302000000000646e+00
6.437580000000000382e+02,9.806649999999999423e+00
6.437640000000000100e+02,9.950302000000000646e+00
6.437690000000000055e+02,9.940725000000000477e+00
6.437749999999999773e+02,9.940725000000000477e+00
6.437809999999999491e+02,9.911993999999999971e+00
6.437870000000000346e+02,9.883264000000000493e+00
6.437920000000000300e+02,9.998186000000000462e+00
6.437980000000000018e+02,9.921571000000000140e+00
6.438039999999999736e+02,9.988609000000000293e+00
6.438089999999999691e+02,1.003649300000000011e+01
6.438150000000000546e+02,9.902418000000000831e+00
6.438210000000000264e+02,9.988609000000000293e+00
6.438260000000000218e+02,9.911993999999999971e+00
6.438319999999999936e+02,9.969454999999999956e+00
6.438379999999999654e+02,9.969454999999999956e+00
6.438440000000000509e+02,9.911993999999999971e+00
6.438490000000000464e+02,1.000776199999999960e+01
6.438550000000000182e+02,9.902418000000000831e+00
6.438609999999999900e+02,9.979032000000000124e+00
6.438669999999999618e+02,9.950302000000000646e+00
6.438780000000000427e+02,9.940725000000000477e+00
6.438830000000000382e+02,9.969454999999999956e+00
6.438949999999999818e+02,9.969454999999999956e+00
6.439009999999999536e+02,9.873687000000000324e+00
6.439059999999999491e+02,1.000776199999999960e+01
6.439120000000000346e+02,9.940725000000000477e+00
6.439180000000000064e+02,9.931148000000000309e+00
6.439230000000000018e+02,9.988609000000000293e+00
6.439289999999999736e+02,9.940725000000000477e+00
6.439349999999999454e+02,9.921571000000000140e+00
6.439400000000000546e+02,9.892841000000000662e+00
6.439460000000000264e+02,9.883264000000000493e+00
6.439519999999999982e+02,1.000776199999999960e+01
6.439579999999999700e+02,9.902418000000000831e+00
6.439640000000000555e+02,9.959877999999999787e+00
6.439690000000000509e+02,9.959877999999999787e+00
6.439750000000000227e+02,9.950302000000000646e+00
6.439800000000000182e+02,1.000776199999999960e+01
6.439859999999999900e+02,9.998186000000000462e+00
6.439919999999999618e+02,9.892841000000000662e+00
6.439980000000000473e+02,9.969454999999999956e+00
6.440030000000000427e+02,9.950302000000000646e+00
6.440090000000000146e+02,9.892841000000000662e+00
6.440149999999999864e+02,1.004607000000000028e+01
6.440209999999999582e+02,1.003649300000000011e+01
6.440259999999999536e+02,9.988609000000000293e+00
6.440320000000000391e+02,9.902418000000000831e+00
6.440380000000000109e+02,9.921571000000000140e+00
6.440439999999999827e+02,9.883264000000000493e+00
6.440489999999999782e+02,9.911993999999999971e+00
6.440549999999999500e+02,9.950302000000000646e+00
6.440660000000000309e+02,9.873687000000000324e+00
6.440720000000000027e+02,9.800000000000000711e+00
6.440779999999999745e+02,9.902418000000000831e+00
6.440829999999999700e+02,9.931148000000000309e+00
6.440950000000000273e+02,1.000776199999999960e+01
6.441000000000000227e+02,9.998186000000000462e+00
6.441059999999999945e+02,9.998186000000000462e+00
6.441119999999999663e+02,9.864110000000000156e+00
6.441180000000000518e+02,9.768342000000000525e+00
6.441230000000000473e+02,9.950302000000000646e+00
6.441290000000000191e+02,1.007479999999999976e+01
6.441349999999999909e+02,9.998186000000000462e+00
6.441409999999999627e+02,9.873687000000000324e+00
6.441459999999999582e+02,1.001733899999999977e+01
6.441520000000000437e+02,9.959877999999999787e+00
6.441580000000000155e+02,9.873687000000000324e+00
6.441639999999999873e+02,1.001733899999999977e+01
6.441689999999999827e+02,1.003649300000000011e+01
6.441749999999999545e+02,9.854533999999999239e+00
6.441810000000000400e+02,9.921571000000000140e+00
6.441870000000000118e+02,1.003649300000000011e+01
6.441920000000000073e+02,9.940725000000000477e+00
6.441979999999999791e+02,9.854533999999999239e+00
6.442039999999999509e+02,9.911993999999999971e+00
6.442089999999999463e+02,1.002691599999999994e+01
6.442150000000000318e+02,9.950302000000000646e+00
6.442210000000000036e+02,9.950302000000000646e+00
6.442269999999999754e+02,9.940725000000000477e+00
6.442319999999999709e+02,9.892841000000000662e+00
6.442380000000000564e+02,9.873687000000000324e+00
6.442440000000000282e+02,9.931148000000000309e+00
6.442500000000000000e+02,9.931148000000000309e+00
6.442549999999999955e+02,9.959877999999999787e+00
6.442609999999999673e+02,9.998186000000000462e+00
6.442659999999999627e+02,9.959877999999999787e+00
6.442720000000000482e+02,9.883264000000000493e+00
6.442780000000000200e+02,9.911993999999999971e+00
6.442839999999999918e+02,9.969454999999999956e+00
6.442889999999999873e+02,9.959870000000000445e+00
6.442949999999999591e+02,9.940725000000000477e+00
6.443010000000000446e+02,9.911993999999999971e+00
6.443120000000000118e+02,9.969454999999999956e+00
6.443179999999999836e+02,9.911993999999999971e+00
6.443239999999999554e+02,9.959877999999999787e+00
6.443289999999999509e+02,9.921571000000000140e+00
6.443350000000000364e+02,9.950302000000000646e+00
6.443410000000000082e+02,9.950302000000000646e+00
6.443469999999999800e+02,9.931148000000000309e+00
6.443519999999999754e+02,1.000776199999999960e+01
6.443579999999999472e+02,9.988609000000000293e+00
6.443640000000000327e+02,9.940725000000000477e+00
6.443690000000000282e+02,9.931148000000000309e+00
6.443750000000000000e+02,9.931148000000000309e+00
6.443809999999999718e+02,9.969454999999999956e+00
6.443859999999999673e+02,9.902418000000000831e+00
6.443920000000000528e+02,9.969454999999999956e+00
6.443980000000000246e+02,9.988609000000000293e+00
6.444039999999999964e+02,1.003649300000000011e+01
6.444089999999999918e+02,9.911993999999999971e+00
6.444149999999999636e+02,9.931148000000000309e+00
6.444210000000000491e+02,9.950302000000000646e+00
6.444260000000000446e+02,9.969454999999999956e+00
6.444320000000000164e+02,9.998186000000000462e+00
6.444379999999999882e+02,9.931148000000000309e+00
6.444429999999999836e+02,9.959877999999999787e+00
6.444489999999999554e+02,1.000776199999999960e+01
6.444550000000000409e+02,9.902418000000000831e+00
6.444610000000000127e+02,9.940725000000000477e+00
6.444660000000000082e+02,9.921571000000000140e+00
6.444719999999999800e+02,9.892841000000000662e+00
6.444840000000000373e+02,9.940725000000000477e+00
6.444890000000000327e+02,9.940725000000000477e+00
6.445009999999999764e+02,9.988609000000000293e+00
6.445059999999999718e+02,9.844957000000000846e+00
6.445119999999999436e+02,9.979032000000000124e+00
6.445180000000000291e+02,9.979032000000000124e+00
6.445240000000000009e+02,9.892841000000000662e+00
6.445289999999999964e+02,9.911993999999999971e+00
6.445349999999999682e+02,9.892841000000000662e+00
6.445399999999999636e+02,9.931148000000000309e+00
6.445460000000000491e+02,9.959877999999999787e+00
6.445520000000000209e+02,9.931148000000000309e+00
6.445579999999999927e+02,9.988609000000000293e+00
6.445629999999999882e+02,1.000776199999999960e+01
6.445689999999999600e+02,1.003649300000000011e+01
6.445750000000000455e+02,1.030464300000000044e+01
6.445810000000000173e+02,9.117119000000000639e+00
6.445860000000000127e+02,9.021350999999999232e+00
6.445919999999999845e+02,1.119528599999999940e+01
6.445979999999999563e+02,9.346963000000000577e+00
6.446040000000000418e+02,9.624689999999999301e+00
6.446100000000000136e+02,1.035252700000000026e+01
6.446150000000000091e+02,1.080263700000000071e+01
6.446209999999999809e+02,8.810662000000000660e+00
6.446269999999999527e+02,1.035252700000000026e+01
6.446330000000000382e+02,1.092713600000000085e+01
6.446390000000000100e+02,9.050081999999999738e+00
6.446449999999999818e+02,1.008437699999999992e+01
6.446499999999999773e+02,1.011310699999999940e+01
6.446559999999999491e+02,9.806649999999999423e+00
6.446620000000000346e+02,9.959877999999999787e+00
6.446680000000000064e+02,9.921571000000000140e+00
6.446739999999999782e+02,1.021845199999999920e+01
6.446789999999999736e+02,9.643843999999999639e+00
6.446849999999999454e+02,9.892841000000000662e+00
6.446910000000000309e+02,1.014183799999999991e+01
6.447019999999999982e+02,1.010353100000000026e+01
6.447079999999999700e+02,9.797072999999999254e+00
6.447200000000000273e+02,9.902418000000000831e+00
6.447259999999999991e+02,9.710881000000000540e+00
6.447309999999999945e+02,1.011310699999999940e+01
6.447369999999999663e+02,9.825803000000000509e+00
6.447430000000000518e+02,9.969454999999999956e+00
6.447490000000000236e+02,1.000776199999999960e+01
6.447540000000000191e+02,9.931148000000000309e+00
6.447599999999999909e+02,9.988609000000000293e+00
6.447659999999999627e+02,9.844957000000000846e+00
6.447720000000000482e+02,1.008437699999999992e+01
6.447770000000000437e+02,9.969454999999999956e+00
6.447830000000000155e+02,9.921571000000000140e+00
6.447889999999999873e+02,1.005564599999999942e+01
6.447949999999999591e+02,9.931148000000000309e+00
6.447999999999999545e+02,9.921571000000000140e+00
6.448060000000000400e+02,9.988609000000000293e+00
6.448120000000000118e+02,9.911993999999999971e+00
6.448170000000000073e+02,9.988609000000000293e+00
6.448229999999999791e+02,9.921571000000000140e+00
6.448289999999999509e+02,9.940725000000000477e+00
6.448350000000000364e+02,1.004607000000000028e+01
6.448400000000000318e+02,9.998186000000000462e+00
6.448460000000000036e+02,9.921571000000000140e+00
6.448519999999999754e+02,9.998186000000000462e+00
6.448569999999999709e+02,9.864110000000000156e+00
6.448630000000000564e+02,9.883264000000000493e+00
6.448690000000000282e+02,9.979032000000000124e+00
6.448740000000000236e+02,9.911993999999999971e+00
6.448799999999999955e+02,9.950302000000000646e+00
6.448859999999999673e+02,9.911993999999999971e+00
6.448920000000000528e+02,1.004607000000000028e+01
6.448970000000000482e+02,9.921571000000000140e+00
6.449030000000000200e+02,9.892841000000000662e+00
6.449089999999999918e+02,9.979032000000000124e+00
6.449199999999999591e+02,9.873687000000000324e+00
6.449260000000000446e+02,1.001733899999999977e+01
6.449310000000000400e+02,9.979032000000000124e+00
6.449370000000000118e+02,9.911993999999999971e+00
6.449429999999999836e+02,9.911993999999999971e+00
6.449489999999999554e+02,9.969454999999999956e+00
6.449539999999999509e+02,9.931148000000000309e+00
6.449600000000000364e+02,9.979032000000000124e+00
6.449660000000000082e+02,9.940725000000000477e+00
6.449710000000000036e+02,9.969454999999999956e+00
6.449769999999999754e+02,9.998186000000000462e+00
6.449829999999999472e+02,9.979032000000000124e+00
6.449890000000000327e+02,9.950302000000000646e+00
6.449940000000000282e+02,9.911993999999999971e+00
6.450000000000000000e+02,9.959877999999999787e+00
6.450059999999999718e+02,9.921571000000000140e+00
6.450119999999999436e+02,9.931148000000000309e+00
6.450170000000000528e+02,9.921571000000000140e+00
6.450230000000000246e+02,1.002691599999999994e+01
6.450289999999999964e+02,9.988609000000000293e+00
6.450339999999999918e+02,9.911993999999999971e+00
6.450399999999999636e+02,9.979032000000000124e+00
6.450460000000000491e+02,9.921571000000000140e+00
6.450510000000000446e+02,9.892841000000000662e+00
6.450570000000000164e+02,9.940725000000000477e+00
6.450629999999999882e+02,1.000776199999999960e+01
6.450689999999999600e+02,9.883264000000000493e+00
6.450739999999999554e+02,9.883264000000000493e+00
6.450800000000000409e+02,9.998186000000000462e+00
6.450860000000000127e+02,9.931148000000000309e+00
6.450910000000000082e+02,9.969454999999999956e+00
6.450969999999999800e+02,9.969454999999999956e+00
6.451079999999999472e+02,9.950302000000000646e+00
6.451140000000000327e+02,1.011310699999999940e+01
6.451200000000000045e+02,1.015141500000000008e+01
6.451259999999999764e+02,9.318232000000000070e+00
6.451369999999999436e+02,1.045787200000000006e+01
6.451430000000000291e+02,9.844957000000000846e+00
6.451490000000000009e+02,9.739611999999999270e+00
6.451549999999999727e+02,1.009395400000000009e+01
6.451609999999999445e+02,1.013226099999999974e+01
6.451670000000000300e+02,9.567228999999999317e+00
6.451720000000000255e+02,1.005564599999999942e+01
6.451779999999999973e+02,1.028548999999999936e+01
6.451839999999999691e+02,9.653420999999999808e+00
6.451900000000000546e+02,9.998186000000000462e+00
6.451950000000000500e+02,1.008437699999999992e+01
6.452010000000000218e+02,9.892841000000000662e+00
6.452069999999999936e+02,9.854533999999999239e+00
6.452129999999999654e+02,9.998186000000000462e+00
6.452179999999999609e+02,9.959877999999999787e+00
6.452240000000000464e+02,9.797072999999999254e+00
6.452300000000000182e+02,1.006522299999999959e+01
6.452359999999999900e+02,9.911993999999999971e+00
6.452409999999999854e+02,9.854533999999999239e+00
6.452469999999999573e+02,1.004607000000000028e+01
6.452530000000000427e+02,9.873687000000000324e+00
6.452590000000000146e+02,9.892841000000000662e+00
6.452640000000000100e+02,9.921571000000000140e+00
6.452699999999999818e+02,9.921571000000000140e+00
6.452759999999999536e+02,9.959877999999999787e+00
6.452809999999999491e+02,9.892841000000000662e+00
6.452870000000000346e+02,1.000776199999999960e+01
6.452930000000000064e+02,9.988609000000000293e+00
6.452989999999999782e+02,9.921571000000000140e+00
6.453039999999999736e+02,9.959877999999999787e+00
6.453099999999999454e+02,9.844957000000000846e+00
6.453150000000000546e+02,9.931148000000000309e+00
6.453210000000000264e+02,9.892841000000000662e+00
6.453269999999999982e+02,9.931148000000000309e+00
6.453329999999999700e+02,9.959877999999999787e+00
6.453379999999999654e+02,1.001733899999999977e+01
6.453440000000000509e+02,9.950302000000000646e+00
6.453500000000000227e+02,9.988609000000000293e+00
6.453559999999999945e+02,9.931148000000000309e+00
6.453609999999999900e+02,9.950302000000000646e+00
6.453669999999999618e+02,9.883264000000000493e+00
6.453730000000000473e+02,9.959877999999999787e+00
6.453780000000000427e+02,9.911993999999999971e+00
6.453840000000000146e+02,9.892841000000000662e+00
6.453899999999999864e+02,1.000776199999999960e+01
6.453949999999999818e+02,9.998186000000000462e+00
6.454009999999999536e+02,9.931148000000000309e+00
6.454070000000000391e+02,9.931148000000000309e+00
6.454130000000000109e+02,9.950302000000000646e+00
6.454189999999999827e+02,9.892841000000000662e+00
6.454239999999999782e+02,9.873687000000000324e+00
6.454299999999999500e+02,9.979032000000000124e+00
6.454349999999999454e+02,9.950302000000000646e+00
6.454410000000000309e+02,9.931148000000000309e+00
6.454470000000000027e+02,1.007479999999999976e+01
6.454529999999999745e+02,9.931148000000000309e+00
6.454579999999999700e+02,9.931148000000000309e+00
6.454640000000000555e+02,9.902418000000000831e+00
6.454700000000000273e+02,1.000776199999999960e+01
6.454759999999999991e+02,9.940725000000000477e+00
6.454809999999999945e+02,9.902418000000000831e+00
6.454869999999999663e+02,9.940725000000000477e+00
6.454930000000000518e+02,9.959877999999999787e+00
6.454990000000000236e+02,9.892841000000000662e+00
6.455099999999999909e+02,9.940725000000000477e+00
6.455149999999999864e+02,9.892841000000000662e+00
6.455270000000000437e+02,9.921571000000000140e+00
6.455330000000000155e+02,9.959877999999999787e+00
6.455380000000000109e+02,9.979032000000000124e+00
6.455439999999999827e+02,9.969454999999999956e+00
6.455499999999999545e+02,9.883264000000000493e+00
6.455549999999999500e+02,1.001733899999999977e+01
6.455610000000000355e+02,9.979032000000000124e+00
6.455670000000000073e+02,1.006522299999999959e+01
6.455720000000000027e+02,1.007479999999999976e+01
6.455779999999999745e+02,9.184157000000000792e+00
6.455839999999999463e+02,1.074517699999999998e+01
6.455900000000000318e+02,1.023760599999999954e+01
6.455960000000000036e+02,9.519344999999999501e+00
6.456019999999999754e+02,9.825803000000000509e+00
6.456069999999999709e+02,1.035252700000000026e+01
6.456130000000000564e+02,9.787496000000000862e+00
6.456190000000000282e+02,9.346963000000000577e+00
6.456250000000000000e+02,1.057279400000000003e+01
6.456309999999999718e+02,1.013226099999999974e+01
6.456369999999999436e+02,9.586382999999999655e+00
6.456420000000000528e+02,1.020887500000000081e+01
6.456480000000000246e+02,9.969454999999999956e+00
6.456539999999999964e+02,9.883264000000000493e+00
6.456599999999999682e+02,9.864110000000000156e+00
6.456649999999999636e+02,1.009395400000000009e+01
6.456710000000000491e+02,1.006522299999999959e+01
6.456770000000000209e+02,9.758765000000000356e+00
6.456829999999999927e+02,1.015141500000000008e+01
6.456879999999999882e+02,9.844957000000000846e+00
6.456939999999999600e+02,9.911993999999999971e+00
6.457000000000000455e+02,9.988609000000000293e+00
6.457110000000000127e+02,1.000776199999999960e+01
6.457169999999999845e+02,9.835380000000000678e+00
6.457229999999999563e+02,9.873687000000000324e+00
6.457279999999999518e+02,9.940725000000000477e+00
6.457340000000000373e+02,9.844957000000000846e+00
6.457450000000000045e+02,9.940725000000000477e+00
6.457509999999999764e+02,9.950302000000000646e+00
6.457569999999999482e+02,9.979032000000000124e+00
6.457630000000000337e+02,9.940725000000000477e+00
6.457680000000000291e+02,1.005564599999999942e+01
6.457740000000000009e+02,9.854533999999999239e+00
6.457799999999999727e+02,9.969454999999999956e+00
6.457859999999999445e+02,9.998186000000000462e+00
6.457910000000000537e+02,9.940725000000000477e+00
6.457970000000000255e+02,9.931148000000000309e+00
6.458020000000000209e+02,9.940725000000000477e+00
6.458079999999999927e+02,9.940725000000000477e+00
6.458139999999999645e+02,9.988609000000000293e+00
6.458200000000000500e+02,9.950302000000000646e+00
6.458250000000000455e+02,1.002691599999999994e+01
6.458310000000000173e+02,9.902418000000000831e+00
6.458369999999999891e+02,9.911993999999999971e+00
6.458429999999999609e+02,9.969454999999999956e+00
6.458479999999999563e+02,1.000776199999999960e+01
6.458540000000000418e+02,9.940725000000000477e+00
6.458600000000000136e+02,9.940725000000000477e+00
6.458650000000000091e+02,9.969454999999999956e+00
6.458709999999999809e+02,9.892841000000000662e+00
6.458769999999999527e+02,9.950302000000000646e+00
6.458830000000000382e+02,9.959877999999999787e+00
6.458880000000000337e+02,9.950302000000000646e+00
6.458999999999999773e+02,9.902418000000000831e+00
6.459049999999999727e+02,9.950302000000000646e+00
6.459109999999999445e+02,9.873687000000000324e+00
6.459170000000000300e+02,9.892841000000000662e+00
6.459279999999999973e+02,9.969454999999999956e+00
6.459339999999999691e+02,9.950302000000000646e+00
6.459450000000000500e+02,9.959877999999999787e+00
6.459510000000000218e+02,9.969454999999999956e+00
6.459560000000000173e+02,9.998186000000000462e+00
6.459619999999999891e+02,9.969454999999999956e+00
6.459679999999999609e+02,9.911993999999999971e+00
6.459740000000000464e+02,9.931148000000000309e+00
6.459790000000000418e+02,1.000776199999999960e+01
6.459850000000000136e+02,9.969454999999999956e+00
6.459909999999999854e+02,9.892841000000000662e+00
6.459959999999999809e+02,9.940725000000000477e+00
6.460019999999999527e+02,1.000776199999999960e+01
6.460080000000000382e+02,9.911993999999999971e+00
6.460130000000000337e+02,1.002691599999999994e+01
6.460190000000000055e+02,9.988609000000000293e+00
6.460249999999999773e+02,9.921571000000000140e+00
6.460309999999999491e+02,9.854533999999999239e+00
6.460370000000000346e+02,9.979032000000000124e+00
6.460420000000000300e+02,1.003649300000000011e+01
6.460480000000000018e+02,9.902418000000000831e+00
6.460539999999999736e+02,9.988609000000000293e+00
6.460599999999999454e+02,9.969454999999999956e+00
6.460650000000000546e+02,9.950302000000000646e+00
6.460710000000000264e+02,9.873687000000000324e+00
6.460769999999999982e+02,9.950302000000000646e+00
6.460819999999999936e+02,9.911993999999999971e+00
6.460879999999999654e+02,9.959877999999999787e+00
6.460940000000000509e+02,9.950302000000000646e+00
6.460990000000000464e+02,9.979032000000000124e+00
6.461050000000000182e+02,9.931148000000000309e+00
6.461159999999999854e+02,9.998186000000000462e+00
6.461219999999999573e+02,9.892841000000000662e+00
6.461280000000000427e+02,9.931148000000000309e+00
6.461330000000000382e+02,9.969454999999999956e+00
6.461449999999999818e+02,9.854533999999999239e+00
6.461509999999999536e+02,1.001733899999999977e+01
6.461559999999999491e+02,9.921571000000000140e+00
6.461620000000000346e+02,9.998186000000000462e+00
6.461680000000000064e+02,1.001733899999999977e+01
6.461739999999999782e+02,9.950302000000000646e+00
6.461789999999999736e+02,9.892841000000000662e+00
6.461849999999999454e+02,9.988609000000000293e+00
6.461900000000000546e+02,9.892841000000000662e+00
6.461960000000000264e+02,9.979032000000000124e+00
6.462019999999999982e+02,9.902418000000000831e+00
6.462079999999999700e+02,9.911993999999999971e+00
6.462129999999999654e+02,9.959877999999999787e+00
6.462190000000000509e+02,9.998186000000000462e+00
6.462250000000000227e+02,9.959877999999999787e+00
6.462300000000000182e+02,9.950302000000000646e+00
6.462359999999999900e+02,9.959877999999999787e+00
6.462419999999999618e+02,9.854533999999999239e+00
6.462469999999999573e+02,9.940725000000000477e+00
6.462530000000000427e+02,9.931148000000000309e+00
6.462590000000000146e+02,9.931148000000000309e+00
6.462649999999999864e+02,9.988609000000000293e+00
6.462699999999999818e+02,9.940725000000000477e+00
6.462759999999999536e+02,9.950302000000000646e+00
6.462809999999999491e+02,9.940725000000000477e+00
6.462870000000000346e+02,9.940725000000000477e+00
6.462930000000000064e+02,9.911993999999999971e+00
6.463039999999999736e+02,9.959877999999999787e+00
6.463099999999999454e+02,9.921571000000000140e+00
6.463160000000000309e+02,9.931148000000000309e+00
6.463210000000000264e+02,9.979032000000000124e+00
6.463269999999999982e+02,9.969454999999999956e+00
6.463329999999999700e+02,9.911993999999999971e+00
6.463379999999999654e+02,1.000776199999999960e+01
6.463440000000000509e+02,9.892841000000000662e+00
6.463500000000000227e+02,9.988609000000000293e+00
6.463559999999999945e+02,1.000776199999999960e+01
6.463619999999999663e+02,9.950302000000000646e+00
6.463669999999999618e+02,9.911993999999999971e+00
6.463730000000000473e+02,9.950302000000000646e+00
6.463790000000000191e+02,9.902418000000000831e+00
6.463840000000000146e+02,9.911993999999999971e+00
6.463899999999999864e+02,9.921571000000000140e+00
6.463959999999999582e+02,9.950302000000000646e+00
6.464009999999999536e+02,9.998186000000000462e+00
6.464070000000000391e+02,9.940725000000000477e+00
6.464130000000000109e+02,9.911993999999999971e+00
6.464189999999999827e+02,9.969454999999999956e+00
6.464239999999999782e+02,9.959877999999999787e+00
6.464299999999999500e+02,9.873687000000000324e+00
6.464360000000000355e+02,9.969454999999999956e+00
6.464410000000000309e+02,9.959877999999999787e+00
6.464470000000000027e+02,9.931148000000000309e+00
6.464529999999999745e+02,9.940725000000000477e+00
6.464579999999999700e+02,9.902418000000000831e+00
6.464640000000000555e+02,9.959877999999999787e+00
6.464700000000000273e+02,9.979032000000000124e+00
6.464750000000000227e+02,9.998186000000000462e+00
6.464809999999999945e+02,9.998186000000000462e+00
6.464869999999999663e+02,9.979032000000000124e+00
6.464919999999999618e+02,9.921571000000000140e+00
6.465040000000000191e+02,9.959877999999999787e+00
6.465099999999999909e+02,9.950302000000000646e+00
6.465149999999999864e+02,9.979032000000000124e+00
6.465209999999999582e+02,9.988609000000000293e+00
6.465270000000000437e+02,9.911993999999999971e+00
6.465320000000000391e+02,9.969454999999999956e+00
6.465380000000000109e+02,9.931148000000000309e+00
6.465439999999999827e+02,9.800000000000000711e+00
6.465489999999999782e+02,9.950302000000000646e+00
6.465549999999999500e+02,9.950302000000000646e+00
6.465610000000000355e+02,9.959877999999999787e+00
6.465660000000000309e+02,9.940725000000000477e+00
6.465720000000000027e+02,9.979032000000000124e+00
6.465779999999999745e+02,9.902418000000000831e+00
6.465829999999999700e+02,9.921571000000000140e+00
6.465890000000000555e+02,9.940725000000000477e+00
6.465950000000000273e+02,9.931148000000000309e+00
6.466009999999999991e+02,9.931148000000000309e+00
6.466059999999999945e+02,9.969454999999999956e+00
6.466119999999999663e+02,9.911993999999999971e+00
6.466180000000000518e+02,9.940725000000000477e+00
6.466230000000000473e+02,9.969454999999999956e+00
6.466290000000000191e+02,9.931148000000000309e+00
6.466349999999999909e+02,9.950302000000000646e+00
6.466399999999999864e+02,9.988609000000000293e+00
6.466459999999999582e+02,9.940725000000000477e+00
6.466520000000000437e+02,1.002691599999999994e+01
6.466580000000000155e+02,9.950302000000000646e+00
6.466630000000000109e+02,9.921571000000000140e+00
6.466689999999999827e+02,9.921571000000000140e+00
6.466749999999999545e+02,9.940725000000000477e+00
6.466799999999999500e+02,1.002691599999999994e+01
6.466860000000000355e+02,9.950302000000000646e+00
6.466920000000000073e+02,9.969454999999999956e+00
6.466970000000000027e+02,9.921571000000000140e+00
6.467089999999999463e+02,9.969454999999999956e+00
6.467150000000000318e+02,9.931148000000000309e+00
6.467200000000000273e+02,9.931148000000000309e+00
6.467259999999999991e+02,9.950302000000000646e+00
6.467369999999999663e+02,9.902418000000000831e+00
6.467430000000000518e+02,9.988609000000000293e+00
6.467490000000000236e+02,9.883264000000000493e+00
6.467549999999999955e+02,1.003649300000000011e+01
6.467599999999999909e+02,9.940725000000000477e+00
6.467659999999999627e+02,9.959877999999999787e+00
6.467720000000000482e+02,1.002691599999999994e+01
6.467780000000000200e+02,9.979032000000000124e+00
6.467830000000000155e+02,9.950302000000000646e+00
6.467889999999999873e+02,9.921571000000000140e+00
6.467949999999999591e+02,9.940725000000000477e+00
6.468010000000000446e+02,9.940725000000000477e+00
6.468060000000000400e+02,9.988609000000000293e+00
6.468120000000000118e+02,9.969454999999999956e+00
6.468170000000000073e+02,9.940725000000000477e+00
6.468229999999999791e+02,9.979032000000000124e+00
6.468289999999999509e+02,9.921571000000000140e+00
6.468350000000000364e+02,1.001733899999999977e+01
6.468400000000000318e+02,9.873687000000000324e+00
6.468460000000000036e+02,9.950302000000000646e+00
6.468519999999999754e+02,9.969454999999999956e+00
6.468579999999999472e+02,9.969454999999999956e+00
6.468640000000000327e+02,9.931148000000000309e+00
6.468690000000000282e+02,9.969454999999999956e+00
6.468750000000000000e+02,9.931148000000000309e+00
6.468799999999999955e+02,9.959877999999999787e+00
6.468859999999999673e+02,1.004607000000000028e+01
6.468920000000000528e+02,9.950302000000000646e+00
6.468980000000000246e+02,9.931148000000000309e+00
6.469030000000000200e+02,9.950302000000000646e+00
6.469089999999999918e+02,9.950302000000000646e+00
6.469149999999999636e+02,9.902418000000000831e+00
6.469260000000000446e+02,9.959877999999999787e+00
6.469320000000000164e+02,9.931148000000000309e+00
6.469370000000000118e+02,9.969454999999999956e+00
6.469429999999999836e+02,9.883264000000000493e+00
6.469489999999999554e+02,9.988609000000000293e+00
6.469550000000000409e+02,9.902418000000000831e+00
6.469600000000000364e+02,9.998186000000000462e+00
6.469660000000000082e+02,1.011310699999999940e+01
6.469719999999999800e+02,9.902418000000000831e+00
6.469769999999999754e+02,9.873687000000000324e+00
6.469829999999999472e+02,9.911993999999999971e+00
6.469890000000000327e+02,9.979032000000000124e+00
6.469950000000000045e+02,9.892841000000000662e+00
6.470000000000000000e+02,9.921571000000000140e+00
6.470059999999999718e+02,1.002691599999999994e+01
6.470119999999999436e+02,9.959877999999999787e+00
6.470180000000000291e+02,9.854533999999999239e+00
6.470230000000000246e+02,9.998186000000000462e+00
6.470289999999999964e+02,9.921571000000000140e+00
6.470349999999999682e+02,9.902418000000000831e+00
6.470410000000000537e+02,9.979032000000000124e+00
6.470460000000000491e+02,1.002691599999999994e+01
6.470520000000000209e+02,9.873687000000000324e+00
6.470570000000000164e+02,9.969454999999999956e+00
6.470629999999999882e+02,9.902418000000000831e+00
6.470689999999999600e+02,9.873687000000000324e+00
6.470750000000000455e+02,9.902418000000000831e+00
6.470800000000000409e+02,9.959877999999999787e+00
6.470860000000000127e+02,9.950302000000000646e+00
6.470919999999999845e+02,9.902418000000000831e+00
6.470969999999999800e+02,9.911993999999999971e+00
6.471029999999999518e+02,9.873687000000000324e+00
6.471090000000000373e+02,9.768342000000000525e+00
6.471140000000000327e+02,9.720458000000000709e+00
6.471259999999999764e+02,1.096544300000000050e+01
6.471319999999999482e+02,8.236053000000000068e+00
6.471430000000000291e+02,1.079306099999999979e+01
6.471490000000000009e+02,9.634266999999999470e+00
6.471549999999999727e+02,9.097965999999999553e+00
6.471609999999999445e+02,1.069729300000000016e+01
6.471670000000000300e+02,1.087925199999999926e+01
6.471730000000000018e+02,8.753201000000000676e+00
6.471779999999999973e+02,1.041956500000000041e+01
6.471839999999999691e+02,1.045787200000000006e+01
6.471900000000000546e+02,9.509767999999999333e+00
6.471960000000000264e+02,1.018014499999999956e+01
6.472019999999999982e+02,1.011310699999999940e+01
6.472079999999999700e+02,9.787496000000000862e+00
6.472129999999999654e+02,9.768342000000000525e+00
6.472190000000000509e+02,1.021845199999999920e+01
6.472250000000000227e+02,9.969454999999999956e+00
6.472309999999999945e+02,9.758765000000000356e+00
6.472369999999999663e+02,1.023760599999999954e+01
6.472419999999999618e+02,9.816226000000000340e+00
6.472480000000000473e+02,9.940725000000000477e+00
6.472530000000000427e+02,9.854533999999999239e+00
6.472590000000000146e+02,9.902418000000000831e+00
6.472649999999999864e+02,1.007479999999999976e+01
6.472709999999999582e+02,9.864110000000000156e+00
6.472759999999999536e+02,9.950302000000000646e+00
6.472820000000000391e+02,9.959877999999999787e+00
6.472880000000000109e+02,9.864110000000000156e+00
6.472939999999999827e+02,9.988609000000000293e+00
6.472989999999999782e+02,9.902418000000000831e+00
6.473049999999999500e+02,1.004607000000000028e+01
6.473110000000000355e+02,1.005564599999999942e+01
6.473160000000000309e+02,9.940725000000000477e+00
6.473220000000000027e+02,1.004607000000000028e+01
6.473279999999999745e+02,9.883264000000000493e+00
6.473339999999999463e+02,9.950302000000000646e+00
6.473450000000000273e+02,9.902418000000000831e+00
6.473509999999999991e+02,9.892841000000000662e+00
6.473569999999999709e+02,9.979032000000000124e+00
6.473619999999999663e+02,1.001733899999999977e+01
6.473680000000000518e+02,9.892841000000000662e+00
6.473740000000000236e+02,9.950302000000000646e+00
6.473799999999999955e+02,9.979032000000000124e+00
6.473849999999999909e+02,9.950302000000000646e+00
6.473909999999999627e+02,9.864110000000000156e+00
6.473959999999999582e+02,1.004607000000000028e+01
6.474020000000000437e+02,9.950302000000000646e+00
6.474080000000000155e+02,9.911993999999999971e+00
6.474139999999999873e+02,9.988609000000000293e+00
6.474189999999999827e+02,9.979032000000000124e+00
6.474249999999999545e+02,9.959877999999999787e+00
6.474310000000000400e+02,9.902418000000000831e+00
6.474360000000000355e+02,1.001733899999999977e+01
6.474420000000000073e+02,9.892841000000000662e+00
6.474479999999999791e+02,9.921571000000000140e+00
6.474539999999999509e+02,9.911993999999999971e+00
6.474589999999999463e+02,9.950302000000000646e+00
6.474650000000000318e+02,9.921571000000000140e+00
6.474710000000000036e+02,9.921571000000000140e+00
6.474769999999999754e+02,9.921571000000000140e+00
6.474819999999999709e+02,9.979032000000000124e+00
6.474880000000000564e+02,9.873687000000000324e+00
6.474940000000000282e+02,9.950302000000000646e+00
6.474990000000000236e+02,9.911993999999999971e+00
6.475049999999999955e+02,9.892841000000000662e+00
6.475109999999999673e+02,9.940725000000000477e+00
6.475159999999999627e+02,9.969454999999999956e+00
6.475220000000000482e+02,9.950302000000000646e+00
6.475280000000000200e+02,9.873687000000000324e+00
6.475339999999999918e+02,9.940725000000000477e+00
6.475449999999999591e+02,9.931148000000000309e+00
6.475510000000000446e+02,9.998186000000000462e+00
6.475620000000000118e+02,9.825803000000000509e+00
6.475679999999999836e+02,9.969454999999999956e+00
6.475729999999999791e+02,1.005564599999999942e+01
6.475789999999999509e+02,9.854533999999999239e+00
6.475850000000000364e+02,9.892841000000000662e+00
6.475910000000000082e+02,9.940725000000000477e+00
6.475960000000000036e+02,1.018014499999999956e+01
6.476019999999999754e+02,9.720458000000000709e+00
6.476079999999999472e+02,1.028548999999999936e+01
6.476130000000000564e+02,9.701304999999999623e+00
6.476190000000000282e+02,1.008437699999999992e+01
6.476250000000000000e+02,9.749188999999999439e+00
6.476309999999999718e+02,1.009395400000000009e+01
6.476359999999999673e+02,9.902418000000000831e+00
6.476420000000000528e+02,9.911993999999999971e+00
6.476480000000000246e+02,9.911993999999999971e+00
6.476539999999999964e+02,9.797072999999999254e+00
6.476589999999999918e+02,9.615112999999999133e+00
6.476649999999999636e+02,9.385270000000000223e+00
6.476710000000000491e+02,1.371398699999999948e+01
6.476770000000000209e+02,8.331820999999999700e+00
6.476820000000000164e+02,6.962337999999999916e+00
6.476879999999999882e+02,1.175074099999999966e+01
6.476939999999999600e+02,1.001733899999999977e+01
6.477000000000000455e+02,9.519344999999999501e+00
6.477060000000000173e+02,9.011775000000000091e+00
6.477110000000000127e+02,1.184650899999999929e+01
6.477169999999999845e+02,9.375693000000000055e+00
6.477229999999999563e+02,7.891288000000000302e+00
6.477279999999999518e+02,1.161666600000000038e+01
6.477340000000000373e+02,9.998186000000000462e+00
6.477400000000000091e+02,9.000000000000000000e+00
6.477459999999999809e+02,1.086009800000000070e+01
6.477519999999999527e+02,9.768342000000000525e+00
6.477630000000000337e+02,1.000776199999999960e+01
6.477690000000000055e+02,1.039083499999999916e+01
6.477749999999999773e+02,9.576805999999999486e+00
6.477809999999999491e+02,9.854533999999999239e+00
6.477870000000000346e+02,1.028548999999999936e+01
6.477920000000000300e+02,9.662997000000000725e+00
6.477980000000000018e+02,9.940725000000000477e+00
6.478039999999999736e+02,1.027591299999999919e+01
6.478099999999999454e+02,9.835380000000000678e+00
6.478160000000000309e+02,9.911993999999999971e+00
6.478210000000000264e+02,9.902418000000000831e+00
6.478269999999999982e+02,9.950302000000000646e+00
6.478329999999999700e+02,9.892841000000000662e+00
6.478390000000000555e+02,9.921571000000000140e+00
6.478440000000000509e+02,1.010353100000000026e+01
6.478500000000000227e+02,9.825803000000000509e+00
6.478559999999999945e+02,9.797072999999999254e+00
6.478609999999999900e+02,1.017056799999999939e+01
6.478669999999999618e+02,9.806649999999999423e+00
6.478730000000000473e+02,9.892841000000000662e+00
6.478790000000000191e+02,1.021845199999999920e+01
6.478840000000000146e+02,9.768342000000000525e+00
6.478899999999999864e+02,9.969454999999999956e+00
6.478959999999999582e+02,1.004607000000000028e+01
6.479020000000000437e+02,9.911993999999999971e+00
6.479070000000000391e+02,9.921571000000000140e+00
6.479130000000000109e+02,9.835380000000000678e+00
6.479189999999999827e+02,1.005564599999999942e+01
6.479249999999999545e+02,9.864110000000000156e+00
6.479360000000000355e+02,9.988609000000000293e+00
6.479420000000000073e+02,9.806649999999999423e+00
6.479470000000000027e+02,9.950302000000000646e+00
6.479529999999999745e+02,9.931148000000000309e+00
6.479650000000000318e+02,9.969454999999999956e+00
6.479700000000000273e+02,1.000776199999999960e+01
6.479759999999999991e+02,9.959877999999999787e+00
6.479819999999999709e+02,9.911993999999999971e+00
6.479880000000000564e+02,9.950302000000000646e+00
6.479930000000000518e+02,9.940725000000000477e+00
6.479990000000000236e+02,9.921571000000000140e+00
6.480040000000000191e+02,9.969454999999999956e+00
6.480099999999999909e+02,9.902418000000000831e+00
6.480159999999999627e+02,9.931148000000000309e+00
6.480220000000000482e+02,9.959877999999999787e+00
6.480270000000000437e+02,9.911993999999999971e+00
6.480330000000000155e+02,9.950302000000000646e+00
6.480389999999999873e+02,9.873687000000000324e+00
6.480439999999999827e+02,1.002691599999999994e+01
6.480499999999999545e+02,9.979032000000000124e+00
6.480560000000000400e+02,9.911993999999999971e+00
6.480610000000000355e+02,9.969454999999999956e+00
6.480670000000000073e+02,9.950302000000000646e+00
6.480729999999999791e+02,9.931148000000000309e+00
6.480789999999999509e+02,9.969454999999999956e+00
6.480839999999999463e+02,9.940725000000000477e+00
6.480900000000000318e+02,9.892841000000000662e+00
6.480960000000000036e+02,9.950302000000000646e+00
6.481019999999999754e+02,9.998186000000000462e+00
6.481069999999999709e+02,9.911993999999999971e+00
6.481130000000000564e+02,9.949999999999999289e+00
6.481180000000000518e+02,9.892841000000000662e+00
6.481240000000000236e+02,9.931148000000000309e+00
6.481299999999999955e+02,9.969454999999999956e+00
6.481359999999999673e+02,9.911993999999999971e+00
6.481409999999999627e+02,9.940725000000000477e+00
6.481530000000000200e+02,9.921571000000000140e+00
6.481580000000000155e+02,9.950302000000000646e+00
6.481639999999999873e+02,9.950302000000000646e+00
6.481699999999999591e+02,9.979032000000000124e+00
6.481749999999999545e+02,9.940725000000000477e+00
6.481810000000000400e+02,9.969454999999999956e+00
6.481870000000000118e+02,9.883264000000000493e+00
6.481929999999999836e+02,9.931148000000000309e+00
6.481979999999999791e+02,9.931148000000000309e+00
6.482039999999999509e+02,9.988609000000000293e+00
6.482089999999999463e+02,9.940725000000000477e+00
6.482150000000000318e+02,9.892841000000000662e+00
6.482210000000000036e+02,1.000776199999999960e+01
6.482269999999999754e+02,9.959877999999999787e+00
6.482319999999999709e+02,9.921571000000000140e+00
6.482380000000000564e+02,9.969454999999999956e+00
6.482440000000000282e+02,9.959877999999999787e+00
6.482500000000000000e+02,1.000776199999999960e+01
6.482559999999999718e+02,9.873687000000000324e+00
6.482609999999999673e+02,9.998186000000000462e+00
6.482670000000000528e+02,1.000776199999999960e+01
6.482730000000000246e+02,9.883264000000000493e+00
6.482780000000000200e+02,9.969454999999999956e+00
6.482839999999999918e+02,9.998186000000000462e+00
6.482899999999999636e+02,9.911993999999999971e+00
6.482949999999999591e+02,9.998186000000000462e+00
6.483010000000000446e+02,9.969454999999999956e+00
6.483070000000000164e+02,9.940725000000000477e+00
6.483129999999999882e+02,9.950302000000000646e+00
6.483239999999999554e+02,9.931148000000000309e+00
6.483300000000000409e+02,9.959877999999999787e+00
6.483410000000000082e+02,9.988609000000000293e+00
6.483469999999999800e+02,9.921571000000000140e+00
6.483519999999999754e+02,9.931148000000000309e+00
6.483579999999999472e+02,9.921571000000000140e+00
6.483640000000000327e+02,9.959877999999999787e+00
6.483700000000000045e+02,9.950302000000000646e+00
6.483750000000000000e+02,9.940725000000000477e+00
6.483809999999999718e+02,9.969454999999999956e+00
6.483869999999999436e+02,9.940725000000000477e+00
6.483920000000000528e+02,9.911993999999999971e+00
6.483980000000000246e+02,9.911993999999999971e+00
6.484039999999999964e+02,9.959877999999999787e+00
6.484099999999999682e+02,9.921571000000000140e+00
6.484149999999999636e+02,1.001733899999999977e+01
6.484210000000000491e+02,9.959877999999999787e+00
6.484270000000000209e+02,9.959877999999999787e+00
6.484320000000000164e+02,9.998186000000000462e+00
6.484379999999999882e+02,9.902418000000000831e+00
6.484439999999999600e+02,9.921571000000000140e+00
6.484489999999999554e+02,9.940725000000000477e+00
6.484550000000000409e+02,9.931148000000000309e+00
6.484610000000000127e+02,9.873687000000000324e+00
6.484669999999999845e+02,1.004607000000000028e+01
6.484719999999999800e+02,9.921571000000000140e+00
6.484779999999999518e+02,9.921571000000000140e+00
6.484840000000000373e+02,9.921571000000000140e+00
6.484900000000000091e+02,9.950302000000000646e+00
6.484950000000000045e+02,9.959877999999999787e+00
6.485009999999999764e+02,9.979032000000000124e+00
6.485059999999999718e+02,9.940725000000000477e+00
6.485119999999999436e+02,9.921571000000000140e+00
6.485180000000000291e+02,9.892841000000000662e+00
6.485240000000000009e+02,9.892841000000000662e+00
6.485289999999999964e+02,9.940725000000000477e+00
6.485410000000000537e+02,9.940725000000000477e+00
6.485470000000000255e+02,9.969454999999999956e+00
6.485579999999999927e+02,9.816226000000000340e+00
6.485629999999999882e+02,9.883264000000000493e+00
6.485689999999999600e+02,1.001733899999999977e+01
6.485750000000000455e+02,9.931148000000000309e+00
6.485810000000000173e+02,9.931148000000000309e+00
6.485860000000000127e+02,1.001733899999999977e+01
6.485919999999999845e+02,9.950302000000000646e+00
6.485979999999999563e+02,9.921571000000000140e+00
6.486040000000000418e+02,1.000776199999999960e+01
6.486090000000000373e+02,9.854533999999999239e+00
6.486150000000000091e+02,9.950302000000000646e+00
6.486209999999999809e+02,9.844957000000000846e+00
6.486259999999999764e+02,9.835380000000000678e+00
6.486319999999999482e+02,9.528921999999999670e+00
6.486380000000000337e+02,9.634266999999999470e+00
6.486440000000000055e+02,1.270842200000000055e+01
6.486490000000000009e+02,8.360552000000000206e+00
6.486549999999999727e+02,9.145849999999999369e+00
6.486609999999999445e+02,1.172201100000000018e+01
6.486670000000000300e+02,9.548076000000000008e+00
6.486730000000000018e+02,9.672573999999999117e+00
6.486779999999999973e+02,9.251194999999999169e+00
6.486839999999999691e+02,1.171243400000000001e+01
6.486900000000000546e+02,9.040504999999999569e+00
6.486960000000000264e+02,9.519344999999999501e+00
6.487010000000000218e+02,1.161666600000000038e+01
6.487069999999999936e+02,8.734047000000000338e+00
6.487129999999999654e+02,1.016099099999999922e+01
6.487190000000000509e+02,1.000000000000000000e+00
6.487250000000000227e+02,9.576805999999999486e+00
6.487300000000000182e+02,9.892841000000000662e+00
6.487419999999999618e+02,1.026633600000000079e+01
6.487480000000000473e+02,9.634266999999999470e+00
6.487540000000000191e+02,1.011310699999999940e+01
6.487590000000000146e+02,1.021845199999999920e+01
6.487649999999999864e+02,9.615000000000000213e+00
6.487709999999999582e+02,1.004607000000000028e+01
6.487770000000000437e+02,1.010353100000000026e+01
6.487830000000000155e+02,9.806649999999999423e+00
6.487880000000000109e+02,9.998186000000000462e+00
6.487939999999999827e+02,9.873687000000000324e+00
6.487999999999999545e+02,9.950302000000000646e+00
6.488049999999999500e+02,9.835380000000000678e+00
6.488110000000000355e+02,9.969454999999999956e+00
6.488170000000000073e+02,1.008437699999999992e+01
6.488229999999999791e+02,9.777919000000000693e+00
6.488279999999999745e+02,9.969454999999999956e+00
6.488339999999999463e+02,1.013226099999999974e+01
6.488400000000000318e+02,9.730035000000000878e+00
6.488450000000000273e+02,9.959877999999999787e+00
6.488509999999999991e+02,1.008437699999999992e+01
6.488569999999999709e+02,9.787496000000000862e+00
6.488630000000000564e+02,1.001733899999999977e+01
6.488690000000000282e+02,9.892841000000000662e+00
6.488740000000000236e+02,9.988609000000000293e+00
6.488799999999999955e+02,9.873687000000000324e+00
6.488859999999999673e+02,9.911993999999999971e+00
6.488909999999999627e+02,1.008437699999999992e+01
6.488970000000000482e+02,9.940725000000000477e+00
6.489030000000000200e+02,9.988609000000000293e+00
6.489089999999999918e+02,1.005564599999999942e+01
6.489139999999999873e+02,9.864110000000000156e+00
6.489199999999999591e+02,1.003649300000000011e+01
6.489260000000000446e+02,9.864110000000000156e+00
6.489310000000000400e+02,9.931148000000000309e+00
6.489429999999999836e+02,9.969454999999999956e+00
6.489489999999999554e+02,9.921571000000000140e+00
6.489600000000000364e+02,9.979032000000000124e+00
6.489660000000000082e+02,1.000776199999999960e+01
6.489769999999999754e+02,9.979032000000000124e+00
6.489829999999999472e+02,9.873687000000000324e+00
6.489890000000000327e+02,9.988609000000000293e+00
6.489940000000000282e+02,9.940725000000000477e+00
6.490000000000000000e+02,9.940725000000000477e+00
6.490059999999999718e+02,9.902418000000000831e+00
6.490119999999999436e+02,9.940725000000000477e+00
6.490170000000000528e+02,9.873687000000000324e+00
6.490230000000000246e+02,9.883264000000000493e+00
6.490280000000000200e+02,9.892841000000000662e+00
6.490339999999999918e+02,9.892841000000000662e+00
6.490399999999999636e+02,9.931148000000000309e+00
6.490460000000000491e+02,9.921571000000000140e+00
6.490510000000000446e+02,9.864110000000000156e+00
6.490570000000000164e+02,9.902418000000000831e+00
6.490629999999999882e+02,9.911993999999999971e+00
6.490679999999999836e+02,9.873687000000000324e+00
6.490739999999999554e+02,9.931148000000000309e+00
6.490800000000000409e+02,9.911993999999999971e+00
6.490850000000000364e+02,9.988609000000000293e+00
6.490910000000000082e+02,9.921571000000000140e+00
6.490969999999999800e+02,9.921571000000000140e+00
6.491029999999999518e+02,9.940725000000000477e+00
6.491079999999999472e+02,9.959877999999999787e+00
6.491140000000000327e+02,9.950302000000000646e+00
6.491190000000000282e+02,1.003649300000000011e+01
6.491250000000000000e+02,9.940725000000000477e+00
6.491309999999999718e+02,9.902418000000000831e+00
6.491369999999999436e+02,9.979032000000000124e+00
6.491420000000000528e+02,1.003649300000000011e+01
6.491480000000000246e+02,9.998186000000000462e+00
6.491539999999999964e+02,9.911993999999999971e+00
6.491599999999999682e+02,9.911993999999999971e+00
6.491649999999999636e+02,9.959877999999999787e+00
6.491710000000000491e+02,9.844957000000000846e+00
6.491770000000000209e+02,9.940725000000000477e+00
6.491820000000000164e+02,9.892841000000000662e+00
6.491879999999999882e+02,1.001733899999999977e+01
6.491939999999999600e+02,9.931148000000000309e+00
6.491989999999999554e+02,9.998186000000000462e+00
6.492050000000000409e+02,9.940725000000000477e+00
6.492110000000000127e+02,9.959877999999999787e+00
6.492169999999999845e+02,9.988609000000000293e+00
6.492229999999999563e+02,9.931148000000000309e+00
6.492279999999999518e+02,9.940725000000000477e+00
6.492340000000000373e+02,9.940725000000000477e+00
6.492390000000000327e+02,9.911993999999999971e+00
6.492450000000000045e+02,9.998186000000000462e+00
6.492509999999999764e+02,9.959877999999999787e+00
6.492569999999999482e+02,9.969454999999999956e+00
6.492619999999999436e+02,9.940725000000000477e+00
6.492680000000000291e+02,9.921571000000000140e+00
6.492740000000000009e+02,9.940725000000000477e+00
6.492799999999999727e+02,9.959877999999999787e+00
6.492849999999999682e+02,9.892841000000000662e+00
6.492910000000000537e+02,9.969454999999999956e+00
6.492960000000000491e+02,9.959877999999999787e+00
6.493020000000000209e+02,9.940725000000000477e+00
6.493079999999999927e+02,9.969454999999999956e+00
6.493139999999999645e+02,9.864110000000000156e+00
6.493189999999999600e+02,9.911993999999999971e+00
6.493250000000000455e+02,9.998186000000000462e+00
6.493310000000000173e+02,9.998186000000000462e+00
6.493360000000000127e+02,9.921571000000000140e+00
6.493419999999999845e+02,9.921571000000000140e+00
6.493479999999999563e+02,9.921571000000000140e+00
6.493529999999999518e+02,9.950302000000000646e+00
6.493590000000000373e+02,9.921571000000000140e+00
6.493650000000000091e+02,9.988609000000000293e+00
6.493709999999999809e+02,9.969454999999999956e+00
6.493759999999999764e+02,9.902418000000000831e+00
6.493819999999999482e+02,9.959877999999999787e+00
6.493869999999999436e+02,9.959877999999999787e+00
6.493930000000000291e+02,9.969454999999999956e+00
6.493990000000000009e+02,9.969454999999999956e+00
6.494049999999999727e+02,9.854533999999999239e+00
6.494099999999999682e+02,9.921571000000000140e+00
6.494160000000000537e+02,9.950302000000000646e+00
6.494220000000000255e+02,9.998186000000000462e+00
6.494270000000000209e+02,9.940725000000000477e+00
6.494329999999999927e+02,9.873687000000000324e+00
6.494389999999999645e+02,1.000776199999999960e+01
6.494439999999999600e+02,9.873687000000000324e+00
6.494500000000000455e+02,9.940725000000000477e+00
6.494560000000000173e+02,9.586382999999999655e+00
6.494619999999999891e+02,9.643843999999999639e+00
6.494669999999999845e+02,1.222000500000000045e+01
6.494729999999999563e+02,8.695740000000000691e+00
6.494790000000000418e+02,8.054093999999999198e+00
6.494850000000000136e+02,1.131020799999999937e+01
6.494900000000000091e+02,1.004607000000000028e+01
6.494959999999999809e+02,9.777919000000000693e+00
6.495019999999999527e+02,9.107542999999999722e+00
6.495080000000000382e+02,1.110909499999999994e+01
6.495140000000000100e+02,9.873687000000000324e+00
6.495190000000000055e+02,8.255207000000000406e+00
6.495249999999999773e+02,1.133893899999999988e+01
6.495309999999999491e+02,9.979032000000000124e+00
6.495370000000000346e+02,9.222464000000000439e+00
6.495430000000000064e+02,1.062067799999999984e+01
6.495480000000000018e+02,9.586382999999999655e+00
6.495539999999999736e+02,9.921571000000000140e+00
6.495599999999999454e+02,1.003649300000000011e+01
6.495660000000000309e+02,1.018972199999999972e+01
6.495720000000000027e+02,9.615112999999999133e+00
6.495769999999999982e+02,9.988609000000000293e+00
6.495829999999999700e+02,1.021845199999999920e+01
6.495890000000000555e+02,9.605536999999999992e+00
6.495950000000000273e+02,1.003649300000000011e+01
6.496000000000000227e+02,1.013226099999999974e+01
6.496059999999999945e+02,9.806649999999999423e+00
6.496119999999999663e+02,1.001733899999999977e+01
6.496180000000000518e+02,9.892841000000000662e+00
6.496240000000000236e+02,9.921571000000000140e+00
6.496290000000000191e+02,1.002691599999999994e+01
6.496349999999999909e+02,9.950302000000000646e+00
6.496409999999999627e+02,1.003649300000000011e+01
6.496470000000000482e+02,9.873687000000000324e+00
6.496530000000000200e+02,9.864110000000000156e+00
6.496580000000000155e+02,1.010353100000000026e+01
6.496639999999999873e+02,9.682150999999999286e+00
6.496689999999999827e+02,1.002691599999999994e+01
6.496749999999999545e+02,9.998186000000000462e+00
6.496810000000000400e+02,9.758765000000000356e+00
6.496870000000000118e+02,1.002691599999999994e+01
6.496920000000000073e+02,9.998186000000000462e+00
6.496979999999999791e+02,9.988609000000000293e+00
6.497039999999999509e+02,1.000776199999999960e+01
6.497100000000000364e+02,9.883264000000000493e+00
6.497150000000000318e+02,1.002691599999999994e+01
6.497210000000000036e+02,9.835380000000000678e+00
6.497269999999999754e+02,1.007479999999999976e+01
6.497329999999999472e+02,1.001733899999999977e+01
6.497390000000000327e+02,9.825803000000000509e+00
6.497440000000000282e+02,9.000000000000000000e+00
6.497500000000000000e+02,9.892841000000000662e+00
6.497559999999999718e+02,9.883264000000000493e+00
6.497670000000000528e+02,9.959877999999999787e+00
6.497730000000000246e+02,9.950302000000000646e+00
6.497780000000000200e+02,9.921571000000000140e+00
6.497839999999999918e+02,9.988609000000000293e+00
6.497899999999999636e+02,9.979032000000000124e+00
6.497960000000000491e+02,9.959877999999999787e+00
6.498010000000000446e+02,1.001733899999999977e+01
6.498070000000000164e+02,9.921571000000000140e+00
6.498129999999999882e+02,9.921571000000000140e+00
6.498179999999999836e+02,9.902418000000000831e+00
6.498239999999999554e+02,9.988609000000000293e+00
6.498300000000000409e+02,9.883264000000000493e+00
6.498350000000000364e+02,9.969454999999999956e+00
6.498410000000000082e+02,9.969454999999999956e+00
6.498469999999999800e+02,9.864110000000000156e+00
6.498519999999999754e+02,9.988609000000000293e+00
6.498579999999999472e+02,9.998186000000000462e+00
6.498640000000000327e+02,9.864110000000000156e+00
6.498700000000000045e+02,9.988609000000000293e+00
6.498750000000000000e+02,1.003649300000000011e+01
6.498809999999999718e+02,9.998186000000000462e+00
6.498869999999999436e+02,9.969454999999999956e+00
6.498930000000000291e+02,1.001733899999999977e+01
6.498980000000000246e+02,9.950302000000000646e+00
6.499039999999999964e+02,9.892841000000000662e+00
6.499099999999999682e+02,9.959877999999999787e+00
6.499160000000000537e+02,9.969454999999999956e+00
6.499210000000000491e+02,9.940725000000000477e+00
6.499270000000000209e+02,9.969454999999999956e+00
6.499329999999999927e+02,1.001733899999999977e+01
6.499379999999999882e+02,9.883264000000000493e+00
6.499439999999999600e+02,9.902418000000000831e+00
6.499550000000000409e+02,9.883264000000000493e+00
6.499610000000000127e+02,9.931148000000000309e+00
6.499729999999999563e+02,9.950302000000000646e+00
6.499779999999999518e+02,9.950302000000000646e+00
6.499840000000000373e+02,9.892841000000000662e+00
6.499900000000000091e+02,9.911993999999999971e+00
6.499950000000000045e+02,9.921571000000000140e+00
6.500009999999999764e+02,9.988609000000000293e+00
6.500069999999999482e+02,9.892841000000000662e+00
6.500130000000000337e+02,9.969454999999999956e+00
6.500180000000000291e+02,9.911993999999999971e+00
6.500240000000000009e+02,9.892841000000000662e+00
6.500299999999999727e+02,9.883264000000000493e+00
6.500359999999999445e+02,9.892841000000000662e+00
6.500410000000000537e+02,9.883264000000000493e+00
6.500470000000000255e+02,9.950302000000000646e+00
6.500520000000000209e+02,9.969454999999999956e+00
6.500579999999999927e+02,9.873687000000000324e+00
6.500639999999999645e+02,9.911993999999999971e+00
6.500700000000000500e+02,9.921571000000000140e+00
6.500750000000000455e+02,9.921571000000000140e+00
6.500810000000000173e+02,9.959877999999999787e+00
6.500869999999999891e+02,9.940725000000000477e+00
6.500919999999999845e+02,9.998186000000000462e+00
6.500979999999999563e+02,9.979032000000000124e+00
6.501040000000000418e+02,9.969454999999999956e+00
6.501090000000000373e+02,9.959877999999999787e+00
6.501150000000000091e+02,9.931148000000000309e+00
6.501209999999999809e+02,9.969454999999999956e+00
6.501269999999999527e+02,9.931148000000000309e+00
6.501319999999999482e+02,9.950302000000000646e+00
6.501380000000000337e+02,9.950302000000000646e+00
6.501430000000000291e+02,9.959877999999999787e+00
6.501490000000000009e+02,1.000000000000000000e+01
6.501549999999999727e+02,9.931148000000000309e+00
6.501609999999999445e+02,9.931148000000000309e+00
6.501720000000000255e+02,9.969454999999999956e+00
6.501779999999999973e+02,9.816226000000000340e+00
6.501829999999999927e+02,9.883264000000000493e+00
6.501889999999999645e+02,9.155426999999999538e+00
6.501950000000000500e+02,1.147301399999999916e+01
6.502010000000000218e+02,1.140597600000000078e+01
6.502060000000000173e+02,7.479485000000000383e+00
6.502119999999999891e+02,1.053448700000000038e+01
6.502179999999999609e+02,1.034295099999999934e+01
6.502240000000000464e+02,9.864110000000000156e+00
6.502300000000000182e+02,9.203310999999999353e+00
6.502350000000000136e+02,1.036210400000000043e+01
6.502409999999999854e+02,1.143470699999999951e+01
6.502469999999999573e+02,8.159439000000000775e+00
6.502530000000000427e+02,1.094628900000000016e+01
6.502590000000000146e+02,1.066856199999999966e+01
6.502649999999999864e+02,8.791508000000000322e+00
6.502709999999999582e+02,1.070686899999999930e+01
6.502759999999999536e+02,9.988609000000000293e+00
6.502820000000000391e+02,9.777919000000000693e+00
6.502880000000000109e+02,9.940725000000000477e+00
6.502939999999999827e+02,1.025675900000000063e+01
6.502989999999999782e+02,9.854533999999999239e+00
6.503049999999999500e+02,9.730035000000000878e+00
6.503110000000000355e+02,1.036210400000000043e+01
6.503170000000000073e+02,9.730035000000000878e+00
6.503229999999999791e+02,9.950302000000000646e+00
6.503279999999999745e+02,1.023760599999999954e+01
6.503339999999999463e+02,9.835380000000000678e+00
6.503400000000000318e+02,9.864110000000000156e+00
6.503450000000000273e+02,9.959877999999999787e+00
6.503509999999999991e+02,9.921571000000000140e+00
6.503569999999999709e+02,9.931148000000000309e+00
6.503619999999999663e+02,9.864110000000000156e+00
6.503680000000000518e+02,1.008437699999999992e+01
6.503740000000000236e+02,1.002691599999999994e+01
6.503799999999999955e+02,9.797072999999999254e+00
6.503909999999999627e+02,9.883264000000000493e+00
6.503970000000000482e+02,9.854533999999999239e+00
6.504030000000000200e+02,1.016099099999999922e+01
6.504089999999999918e+02,9.787496000000000862e+00
6.504139999999999873e+02,9.911993999999999971e+00
6.504199999999999591e+02,9.940725000000000477e+00
6.504260000000000446e+02,9.911993999999999971e+00
6.504320000000000164e+02,9.921571000000000140e+00
6.504370000000000118e+02,9.873687000000000324e+00
6.504429999999999836e+02,9.969454999999999956e+00
6.504479999999999791e+02,9.931148000000000309e+00
6.504539999999999509e+02,9.844957000000000846e+00
6.504600000000000364e+02,1.008437699999999992e+01
6.504660000000000082e+02,9.844957000000000846e+00
6.504710000000000036e+02,9.988609000000000293e+00
6.504769999999999754e+02,9.998186000000000462e+00
6.504829999999999472e+02,9.911993999999999971e+00
6.504880000000000564e+02,9.969454999999999956e+00
6.504940000000000282e+02,9.950302000000000646e+00
6.505000000000000000e+02,9.969454999999999956e+00
6.505059999999999718e+02,9.931148000000000309e+00
6.505109999999999673e+02,9.921571000000000140e+00
6.505170000000000528e+02,9.959877999999999787e+00
6.505230000000000246e+02,9.835380000000000678e+00
6.505289999999999964e+02,9.979032000000000124e+00
6.505339999999999918e+02,9.931148000000000309e+00
6.505399999999999636e+02,9.931148000000000309e+00
6.505449999999999591e+02,9.902418000000000831e+00
6.505510000000000446e+02,9.969454999999999956e+00
6.505570000000000164e+02,9.940725000000000477e+00
6.505629999999999882e+02,9.931148000000000309e+00
6.505739999999999554e+02,9.959877999999999787e+00
6.505800000000000409e+02,9.902418000000000831e+00
6.505860000000000127e+02,1.000776199999999960e+01
6.505910000000000082e+02,9.950302000000000646e+00
6.505969999999999800e+02,9.911993999999999971e+00
6.506029999999999518e+02,9.931148000000000309e+00
6.506090000000000373e+02,9.921571000000000140e+00
6.506140000000000327e+02,9.883264000000000493e+00
6.506200000000000045e+02,9.969454999999999956e+00
6.506250000000000000e+02,9.950302000000000646e+00
6.506309999999999718e+02,9.959877999999999787e+00
6.506369999999999436e+02,9.950302000000000646e+00
6.506430000000000291e+02,1.003649300000000011e+01
6.506480000000000246e+02,9.950302000000000646e+00
6.506539999999999964e+02,9.998186000000000462e+00
6.506599999999999682e+02,9.959877999999999787e+00
6.506649999999999636e+02,9.931148000000000309e+00
6.506710000000000491e+02,9.921571000000000140e+00
6.506770000000000209e+02,9.979032000000000124e+00
6.506829999999999927e+02,9.931148000000000309e+00
6.506879999999999882e+02,1.001733899999999977e+01
6.506939999999999600e+02,9.921571000000000140e+00
6.507000000000000455e+02,9.998186000000000462e+00
6.507060000000000173e+02,9.902418000000000831e+00
6.507110000000000127e+02,9.998186000000000462e+00
6.507169999999999845e+02,9.969454999999999956e+00
6.507229999999999563e+02,9.931148000000000309e+00
6.507279999999999518e+02,9.950302000000000646e+00
6.507340000000000373e+02,9.959877999999999787e+00
6.507400000000000091e+02,9.854533999999999239e+00
6.507450000000000045e+02,9.959877999999999787e+00
6.507509999999999764e+02,9.931148000000000309e+00
6.507569999999999482e+02,1.002691599999999994e+01
6.507630000000000337e+02,9.883264000000000493e+00
6.507680000000000291e+02,9.931148000000000309e+00
6.507740000000000009e+02,9.959877999999999787e+00
6.507799999999999727e+02,9.950302000000000646e+00
6.507849999999999682e+02,1.001730000000000054e+01
6.507910000000000537e+02,1.001733899999999977e+01
6.507970000000000255e+02,9.911993999999999971e+00
6.508029999999999973e+02,9.911993999999999971e+00
6.508079999999999927e+02,9.892841000000000662e+00
6.508139999999999645e+02,9.931148000000000309e+00
6.508200000000000500e+02,9.844957000000000846e+00
6.508260000000000218e+02,9.461883999999999517e+00
6.508310000000000173e+02,9.643843999999999639e+00
6.508369999999999891e+02,1.220085100000000011e+01
6.508429999999999609e+02,9.040504999999999569e+00
6.508479999999999563e+02,8.944736999999999938e+00
6.508540000000000418e+02,1.117613300000000010e+01
6.508600000000000136e+02,9.931148000000000309e+00
6.508659999999999854e+02,9.615112999999999133e+00
6.508719999999999573e+02,9.107542999999999722e+00
6.508780000000000427e+02,1.144428300000000043e+01
6.508830000000000382e+02,9.940725000000000477e+00
6.508890000000000100e+02,8.839392000000000138e+00
6.508949999999999818e+02,1.131020799999999937e+01
6.509009999999999536e+02,8.944736999999999938e+00
6.509070000000000391e+02,1.014183799999999991e+01
6.509120000000000346e+02,1.051533300000000004e+01
6.509180000000000064e+02,9.557653000000000176e+00
6.509239999999999782e+02,9.883264000000000493e+00
6.509299999999999500e+02,1.008437699999999992e+01
6.509349999999999454e+02,1.018014499999999956e+01
6.509410000000000309e+02,9.615112999999999133e+00
6.509470000000000027e+02,1.014183799999999991e+01
6.509529999999999745e+02,1.021845199999999920e+01
6.509589999999999463e+02,9.634266999999999470e+00
6.509640000000000555e+02,1.007479999999999976e+01
6.509700000000000273e+02,1.005564599999999942e+01
6.509759999999999991e+02,9.758765000000000356e+00
6.509819999999999709e+02,1.000776199999999960e+01
6.509880000000000564e+02,9.854533999999999239e+00
6.509930000000000518e+02,9.931148000000000309e+00
6.509990000000000236e+02,9.873687000000000324e+00
6.510049999999999955e+02,9.998186000000000462e+00
6.510109999999999673e+02,1.009395400000000009e+01
6.510159999999999627e+02,9.825803000000000509e+00
6.510220000000000482e+02,1.000776199999999960e+01
6.510280000000000200e+02,1.011310699999999940e+01
6.510339999999999918e+02,9.701304999999999623e+00
6.510389999999999873e+02,1.009395400000000009e+01
6.510449999999999591e+02,1.006522299999999959e+01
6.510510000000000446e+02,9.864110000000000156e+00
6.510570000000000164e+02,9.979032000000000124e+00
6.510620000000000118e+02,9.921571000000000140e+00
6.510679999999999836e+02,9.998186000000000462e+00
6.510739999999999554e+02,9.883264000000000493e+00
6.510789999999999509e+02,9.921571000000000140e+00
6.510850000000000364e+02,9.988609000000000293e+00
6.510910000000000082e+02,9.806649999999999423e+00
6.510969999999999800e+02,9.979032000000000124e+00
6.511019999999999754e+02,9.931148000000000309e+00
6.511079999999999472e+02,9.797072999999999254e+00
6.511130000000000564e+02,1.000776199999999960e+01
6.511190000000000282e+02,9.998186000000000462e+00
6.511250000000000000e+02,9.873687000000000324e+00
6.511309999999999718e+02,9.892841000000000662e+00
6.511369999999999436e+02,9.931148000000000309e+00
6.511420000000000528e+02,9.921571000000000140e+00
6.511480000000000246e+02,9.854533999999999239e+00
6.511539999999999964e+02,1.000776199999999960e+01
6.511599999999999682e+02,9.800000000000000711e+00
6.511649999999999636e+02,9.883264000000000493e+00
6.511710000000000491e+02,9.950302000000000646e+00
6.511760000000000446e+02,9.950302000000000646e+00
6.511820000000000164e+02,9.921571000000000140e+00
6.511879999999999882e+02,9.940725000000000477e+00
6.511989999999999554e+02,9.844957000000000846e+00
6.512050000000000409e+02,9.959877999999999787e+00
6.512110000000000127e+02,9.988609000000000293e+00
6.512169999999999845e+02,9.873687000000000324e+00
6.512219999999999800e+02,9.979032000000000124e+00
6.512279999999999518e+02,1.002691599999999994e+01
6.512340000000000373e+02,9.959877999999999787e+00
6.512390000000000327e+02,9.921571000000000140e+00
6.512450000000000045e+02,9.988609000000000293e+00
6.512509999999999764e+02,9.911993999999999971e+00
6.512569999999999482e+02,9.959877999999999787e+00
6.512619999999999436e+02,9.931148000000000309e+00
6.512680000000000291e+02,9.883264000000000493e+00
6.512740000000000009e+02,1.005564599999999942e+01
6.512799999999999727e+02,9.892841000000000662e+00
6.512849999999999682e+02,9.931148000000000309e+00
6.512910000000000537e+02,9.950302000000000646e+00
6.512970000000000255e+02,9.950302000000000646e+00
6.513020000000000209e+02,9.854533999999999239e+00
6.513079999999999927e+02,9.883264000000000493e+00
6.513139999999999645e+02,1.016099099999999922e+01
6.513189999999999600e+02,9.787496000000000862e+00
6.513250000000000455e+02,9.892841000000000662e+00
6.513310000000000173e+02,1.002691599999999994e+01
6.513369999999999891e+02,9.911993999999999971e+00
6.513419999999999845e+02,9.998186000000000462e+00
6.513479999999999563e+02,9.854533999999999239e+00
6.513540000000000418e+02,1.006522299999999959e+01
6.513600000000000136e+02,9.883264000000000493e+00
6.513659999999999854e+02,9.873687000000000324e+00
6.513709999999999809e+02,1.001733899999999977e+01
6.513830000000000382e+02,9.854533999999999239e+00
6.513880000000000337e+02,1.008437699999999992e+01
6.513999999999999773e+02,9.940725000000000477e+00
6.514049999999999727e+02,9.988609000000000293e+00
6.514109999999999445e+02,1.006522299999999959e+01
6.514170000000000300e+02,9.892841000000000662e+00
6.514230000000000018e+02,9.988609000000000293e+00
6.514279999999999973e+02,9.959877999999999787e+00
6.514339999999999691e+02,9.979032000000000124e+00
6.514400000000000546e+02,9.988609000000000293e+00
6.514450000000000500e+02,9.911993999999999971e+00
6.514510000000000218e+02,9.921571000000000140e+00
6.514569999999999936e+02,9.931148000000000309e+00
6.514619999999999891e+02,9.911993999999999971e+00
6.514679999999999609e+02,9.883264000000000493e+00
6.514740000000000464e+02,9.595959999999999823e+00
6.514800000000000182e+02,1.036210400000000043e+01
6.514850000000000136e+02,1.161666600000000038e+01
6.514909999999999854e+02,8.590394999999999115e+00
6.514969999999999573e+02,9.797072999999999254e+00
6.515030000000000427e+02,1.075475299999999912e+01
6.515090000000000146e+02,9.931148000000000309e+00
6.515140000000000100e+02,9.203310999999999353e+00
6.515199999999999818e+02,1.027591299999999919e+01
6.515259999999999536e+02,1.088882899999999943e+01
6.515320000000000391e+02,8.916005999999999432e+00
6.515380000000000109e+02,1.032379700000000078e+01
6.515430000000000064e+02,1.058237100000000019e+01
6.515489999999999782e+02,9.433154000000000039e+00
6.515549999999999500e+02,1.010353100000000026e+01
6.515610000000000355e+02,1.009395400000000009e+01
6.515720000000000027e+02,9.653420999999999808e+00
6.515779999999999745e+02,1.009999999999999964e+01
6.515839999999999463e+02,1.004607000000000028e+01
6.515900000000000318e+02,9.509767999999999333e+00
6.516009999999999991e+02,1.002691599999999994e+01
6.516069999999999709e+02,9.787496000000000862e+00
6.516130000000000564e+02,1.004607000000000028e+01
6.516190000000000282e+02,9.911993999999999971e+00
6.516250000000000000e+02,1.006522299999999959e+01
6.516299999999999955e+02,9.816226000000000340e+00
6.516359999999999673e+02,1.010353100000000026e+01
6.516420000000000528e+02,9.979032000000000124e+00
6.516480000000000246e+02,9.816226000000000340e+00
6.516530000000000200e+02,1.009395400000000009e+01
6.516589999999999918e+02,9.892841000000000662e+00
6.516649999999999636e+02,9.816226000000000340e+00
6.516710000000000491e+02,1.006522299999999959e+01
6.516770000000000209e+02,9.873687000000000324e+00
6.516820000000000164e+02,9.854533999999999239e+00
6.516879999999999882e+02,9.931148000000000309e+00
6.516929999999999836e+02,1.003649300000000011e+01
6.516989999999999554e+02,9.864110000000000156e+00
6.517050000000000409e+02,9.883264000000000493e+00
6.517110000000000127e+02,9.988609000000000293e+00
6.517160000000000082e+02,9.902418000000000831e+00
6.517219999999999800e+02,9.921571000000000140e+00
6.517279999999999518e+02,9.940725000000000477e+00
6.517329999999999472e+02,9.959877999999999787e+00
6.517390000000000327e+02,9.940725000000000477e+00
6.517450000000000045e+02,1.000776199999999960e+01
6.517509999999999764e+02,9.969454999999999956e+00
6.517559999999999718e+02,9.931148000000000309e+00
6.517619999999999436e+02,9.979032000000000124e+00
6.517680000000000291e+02,9.902418000000000831e+00
6.517730000000000246e+02,9.911993999999999971e+00
6.517789999999999964e+02,9.969454999999999956e+00
6.517849999999999682e+02,9.959877999999999787e+00
6.517910000000000537e+02,9.902418000000000831e+00
6.517960000000000491e+02,1.000000000000000000e+01
6.518020000000000209e+02,9.931148000000000309e+00
6.518079999999999927e+02,9.940725000000000477e+00
6.518129999999999882e+02,9.931148000000000309e+00
6.518189999999999600e+02,9.902418000000000831e+00
6.518250000000000455e+02,9.979032000000000124e+00
6.518310000000000173e+02,9.902418000000000831e+00
6.518360000000000127e+02,1.000776199999999960e+01
6.518419999999999845e+02,1.000776199999999960e+01
6.518479999999999563e+02,9.835380000000000678e+00
6.518540000000000418e+02,9.988609000000000293e+00
6.518590000000000373e+02,9.979032000000000124e+00
6.518650000000000091e+02,9.959877999999999787e+00
6.518709999999999809e+02,9.979032000000000124e+00
6.518769999999999527e+02,9.873687000000000324e+00
6.518819999999999482e+02,9.921571000000000140e+00
6.518880000000000337e+02,9.940725000000000477e+00
6.518930000000000291e+02,9.979032000000000124e+00
6.518990000000000009e+02,9.911993999999999971e+00
6.519049999999999727e+02,9.940725000000000477e+00
6.519109999999999445e+02,9.959877999999999787e+00
6.519160000000000537e+02,9.931148000000000309e+00
6.519220000000000255e+02,9.931148000000000309e+00
6.519279999999999973e+02,9.931148000000000309e+00
6.519329999999999927e+02,9.979032000000000124e+00
6.519389999999999645e+02,9.950302000000000646e+00
6.519450000000000500e+02,9.864110000000000156e+00
6.519500000000000455e+02,9.911993999999999971e+00
6.519560000000000173e+02,9.959877999999999787e+00
6.519619999999999891e+02,9.854533999999999239e+00
6.519679999999999609e+02,9.940725000000000477e+00
6.519729999999999563e+02,9.931148000000000309e+00
6.519790000000000418e+02,9.892841000000000662e+00
6.519900000000000091e+02,9.883264000000000493e+00
6.519959999999999809e+02,9.931148000000000309e+00
6.520069999999999482e+02,9.911993999999999971e+00
6.520130000000000337e+02,1.000776199999999960e+01
6.520190000000000055e+02,9.931148000000000309e+00
6.520249999999999773e+02,9.959877999999999787e+00
6.520309999999999491e+02,9.998186000000000462e+00
6.520359999999999445e+02,9.911993999999999971e+00
6.520420000000000300e+02,9.902418000000000831e+00
6.520470000000000255e+02,9.873687000000000324e+00
6.520529999999999973e+02,9.682150999999999286e+00
6.520589999999999691e+02,9.634266999999999470e+00
6.520650000000000546e+02,1.098459700000000083e+01
6.520700000000000500e+02,1.064940799999999932e+01
6.520760000000000218e+02,8.762778000000000844e+00
6.520819999999999936e+02,1.003649300000000011e+01
6.520879999999999654e+02,1.033337399999999917e+01
6.520940000000000509e+02,9.662997000000000725e+00
6.520990000000000464e+02,9.528921999999999670e+00
6.521050000000000182e+02,1.039083499999999916e+01
6.521109999999999900e+02,1.048660300000000056e+01
6.521169999999999618e+02,9.078811999999999216e+00
6.521230000000000473e+02,1.039083499999999916e+01
6.521290000000000191e+02,1.038125800000000076e+01
6.521349999999999909e+02,9.509767999999999333e+00
6.521409999999999627e+02,1.035252700000000026e+01
6.521459999999999582e+02,9.940725000000000477e+00
6.521520000000000437e+02,9.720458000000000709e+00
6.521580000000000155e+02,1.006522299999999959e+01
6.521639999999999873e+02,1.019929899999999989e+01
6.521689999999999827e+02,9.787496000000000862e+00
6.521749999999999545e+02,9.921571000000000140e+00
6.521810000000000400e+02,1.019929899999999989e+01
6.521870000000000118e+02,9.758765000000000356e+00
6.521929999999999836e+02,9.931148000000000309e+00
6.521979999999999791e+02,1.009395400000000009e+01
6.522100000000000364e+02,9.902418000000000831e+00
6.522160000000000082e+02,9.950302000000000646e+00
6.522210000000000036e+02,9.988609000000000293e+00
6.522269999999999754e+02,9.873687000000000324e+00
6.522329999999999472e+02,9.931148000000000309e+00
6.522380000000000564e+02,1.008437699999999992e+01
6.522440000000000282e+02,9.816226000000000340e+00
6.522500000000000000e+02,9.921571000000000140e+00
6.522559999999999718e+02,1.011310699999999940e+01
6.522609999999999673e+02,9.777919000000000693e+00
6.522670000000000528e+02,1.007479999999999976e+01
6.522730000000000246e+02,1.007479999999999976e+01
6.522789999999999964e+02,9.883264000000000493e+00
6.522839999999999918e+02,9.931148000000000309e+00
6.522899999999999636e+02,9.998186000000000462e+00
6.522960000000000491e+02,9.998186000000000462e+00
6.523010000000000446e+02,9.950302000000000646e+00
6.523070000000000164e+02,9.979032000000000124e+00
6.523129999999999882e+02,1.000776199999999960e+01
6.523189999999999600e+02,9.844957000000000846e+00
6.523239999999999554e+02,9.902418000000000831e+00
6.523300000000000409e+02,9.969454999999999956e+00
6.523360000000000127e+02,9.854533999999999239e+00
6.523419999999999845e+02,9.988609000000000293e+00
6.523469999999999800e+02,9.959877999999999787e+00
6.523529999999999518e+02,9.873687000000000324e+00
6.523579999999999472e+02,9.931148000000000309e+00
6.523640000000000327e+02,9.969454999999999956e+00
6.523700000000000045e+02,9.931148000000000309e+00
6.523759999999999764e+02,9.950302000000000646e+00
6.523809999999999718e+02,9.911993999999999971e+00
6.523869999999999436e+02,9.940725000000000477e+00
6.523930000000000291e+02,9.940725000000000477e+00
6.523980000000000246e+02,1.000776199999999960e+01
6.524039999999999964e+02,9.911993999999999971e+00
6.524099999999999682e+02,9.959877999999999787e+00
6.524149999999999636e+02,9.979032000000000124e+00
6.524270000000000209e+02,9.921571000000000140e+00
6.524329999999999927e+02,9.959877999999999787e+00
6.524379999999999882e+02,1.002691599999999994e+01
6.524439999999999600e+02,9.969454999999999956e+00
6.524500000000000455e+02,9.969454999999999956e+00
6.524550000000000409e+02,9.988609000000000293e+00
6.524610000000000127e+02,9.931148000000000309e+00
6.524669999999999845e+02,9.950302000000000646e+00
6.524719999999999800e+02,9.940725000000000477e+00
6.524779999999999518e+02,9.931148000000000309e+00
6.524840000000000373e+02,9.921571000000000140e+00
6.524900000000000091e+02,9.988609000000000293e+00
6.524950000000000045e+02,1.000776199999999960e+01
6.525009999999999764e+02,9.883264000000000493e+00
6.525069999999999482e+02,9.969454999999999956e+00
6.525119999999999436e+02,9.959877999999999787e+00
6.525180000000000291e+02,9.921571000000000140e+00
6.525240000000000009e+02,9.969454999999999956e+00
6.525289999999999964e+02,9.931148000000000309e+00
6.525349999999999682e+02,9.950302000000000646e+00
6.525410000000000537e+02,9.911993999999999971e+00
6.525470000000000255e+02,9.979032000000000124e+00
6.525529999999999973e+02,9.931148000000000309e+00
6.525579999999999927e+02,9.911993999999999971e+00
6.525639999999999645e+02,9.950302000000000646e+00
6.525689999999999600e+02,9.979032000000000124e+00
6.525750000000000455e+02,9.940725000000000477e+00
6.525810000000000173e+02,9.959877999999999787e+00
6.525869999999999891e+02,9.950302000000000646e+00
6.525919999999999845e+02,9.931148000000000309e+00
6.525979999999999563e+02,9.969454999999999956e+00
6.526040000000000418e+02,9.950302000000000646e+00
6.526100000000000136e+02,1.000776199999999960e+01
6.526150000000000091e+02,9.911993999999999971e+00
6.526209999999999809e+02,9.883264000000000493e+00
6.526259999999999764e+02,9.931148000000000309e+00
6.526319999999999482e+02,9.873687000000000324e+00
6.526440000000000055e+02,9.883264000000000493e+00
6.526490000000000009e+02,9.940725000000000477e+00
6.526549999999999727e+02,9.921571000000000140e+00
6.526609999999999445e+02,1.001733899999999977e+01
6.526660000000000537e+02,9.921571000000000140e+00
6.526720000000000255e+02,9.892841000000000662e+00
6.526779999999999973e+02,9.979032000000000124e+00
6.526829999999999927e+02,9.892841000000000662e+00
6.526889999999999645e+02,1.001733899999999977e+01
6.526950000000000500e+02,9.959877999999999787e+00
6.527010000000000218e+02,9.979032000000000124e+00
6.527060000000000173e+02,9.911993999999999971e+00
6.527119999999999891e+02,9.864110000000000156e+00
6.527179999999999609e+02,9.471460999999999686e+00
6.527240000000000464e+02,1.024718299999999971e+01
6.527300000000000182e+02,1.147301399999999916e+01
6.527350000000000136e+02,8.868121999999999616e+00
6.527409999999999854e+02,9.509767999999999333e+00
6.527469999999999573e+02,1.087925199999999926e+01
6.527530000000000427e+02,9.883264000000000493e+00
6.527590000000000146e+02,9.375693000000000055e+00
6.527640000000000100e+02,1.001733899999999977e+01
6.527699999999999818e+02,1.089840500000000034e+01
6.527759999999999536e+02,8.992620999999999754e+00
6.527820000000000391e+02,1.007479999999999976e+01
6.527870000000000346e+02,1.088882899999999943e+01
6.527930000000000064e+02,9.222464000000000439e+00
6.527989999999999782e+02,1.023760599999999954e+01
6.528049999999999500e+02,1.033337399999999917e+01
6.528110000000000355e+02,9.730035000000000878e+00
6.528170000000000073e+02,9.902418000000000831e+00
6.528279999999999745e+02,9.969454999999999956e+00
6.528339999999999463e+02,9.634266999999999470e+00
6.528400000000000318e+02,1.025675900000000063e+01
6.528460000000000036e+02,1.005564599999999942e+01
6.528509999999999991e+02,9.720458000000000709e+00
6.528569999999999709e+02,1.018972199999999972e+01
6.528630000000000564e+02,9.969454999999999956e+00
6.528690000000000282e+02,9.835380000000000678e+00
6.528740000000000236e+02,9.979032000000000124e+00
6.528799999999999955e+02,9.921571000000000140e+00
6.528859999999999673e+02,9.940725000000000477e+00
6.528909999999999627e+02,9.873687000000000324e+00
6.528970000000000482e+02,1.005564599999999942e+01
6.529030000000000200e+02,9.998186000000000462e+00
6.529089999999999918e+02,9.816226000000000340e+00
6.529139999999999873e+02,1.010353100000000026e+01
6.529199999999999591e+02,9.892841000000000662e+00
6.529260000000000446e+02,9.825803000000000509e+00
6.529320000000000164e+02,1.003649300000000011e+01
6.529370000000000118e+02,9.998186000000000462e+00
6.529429999999999836e+02,9.892841000000000662e+00
6.529489999999999554e+02,9.969454999999999956e+00
6.529550000000000409e+02,9.873687000000000324e+00
6.529600000000000364e+02,9.873687000000000324e+00
6.529660000000000082e+02,9.911993999999999971e+00
6.529719999999999800e+02,1.003649300000000011e+01
6.529769999999999754e+02,9.911993999999999971e+00
6.529829999999999472e+02,9.864110000000000156e+00
6.529890000000000327e+02,1.001733899999999977e+01
6.529940000000000282e+02,9.979032000000000124e+00
6.530000000000000000e+02,9.883264000000000493e+00
6.530059999999999718e+02,1.006522299999999959e+01
6.530119999999999436e+02,9.892841000000000662e+00
6.530170000000000528e+02,9.911993999999999971e+00
6.530230000000000246e+02,9.911993999999999971e+00
6.530349999999999682e+02,9.950302000000000646e+00
6.530399999999999636e+02,9.940725000000000477e+00
6.530460000000000491e+02,9.969454999999999956e+00
6.530510000000000446e+02,9.911993999999999971e+00
6.530570000000000164e+02,9.959877999999999787e+00
6.530629999999999882e+02,9.911993999999999971e+00
6.530689999999999600e+02,1.002691599999999994e+01
6.530739999999999554e+02,9.921571000000000140e+00
6.530800000000000409e+02,9.998186000000000462e+00
6.530860000000000127e+02,9.911993999999999971e+00
6.530910000000000082e+02,9.931148000000000309e+00
6.530969999999999800e+02,9.950302000000000646e+00
6.531029999999999518e+02,9.959877999999999787e+00
6.531090000000000373e+02,9.950302000000000646e+00
6.531140000000000327e+02,9.950302000000000646e+00
6.531200000000000045e+02,9.902418000000000831e+00
6.531259999999999764e+02,9.969454999999999956e+00
6.531319999999999482e+02,9.921571000000000140e+00
6.531369999999999436e+02,9.969454999999999956e+00
6.531430000000000291e+02,9.950302000000000646e+00
6.531490000000000009e+02,9.940725000000000477e+00
6.531539999999999964e+02,9.931148000000000309e+00
6.531599999999999682e+02,9.883264000000000493e+00
6.531660000000000537e+02,9.921571000000000140e+00
6.531710000000000491e+02,9.911993999999999971e+00
6.531770000000000209e+02,9.921571000000000140e+00
6.531829999999999927e+02,9.921571000000000140e+00
6.531889999999999645e+02,9.950302000000000646e+00
6.531939999999999600e+02,9.959877999999999787e+00
6.532000000000000455e+02,9.988609000000000293e+00
6.532050000000000409e+02,9.969454999999999956e+00
6.532110000000000127e+02,9.902418000000000831e+00
6.532169999999999845e+02,9.873687000000000324e+00
6.532229999999999563e+02,9.931148000000000309e+00
6.532340000000000373e+02,9.959877999999999787e+00
6.532400000000000091e+02,9.959877999999999787e+00
6.532509999999999764e+02,9.931148000000000309e+00
6.532569999999999482e+02,9.940725000000000477e+00
6.532619999999999436e+02,9.950302000000000646e+00
6.532680000000000291e+02,9.950302000000000646e+00
6.532740000000000009e+02,9.940725000000000477e+00
6.532799999999999727e+02,9.931148000000000309e+00
6.532849999999999682e+02,9.969454999999999956e+00
6.532910000000000537e+02,9.931148000000000309e+00
6.532960000000000491e+02,9.979032000000000124e+00
6.533020000000000209e+02,9.969454999999999956e+00
6.533079999999999927e+02,9.931148000000000309e+00
6.533139999999999645e+02,9.911993999999999971e+00
6.533189999999999600e+02,1.010353100000000026e+01
6.533250000000000455e+02,9.844957000000000846e+00
6.533310000000000173e+02,9.682150999999999286e+00
6.533369999999999891e+02,9.461883999999999517e+00
6.533419999999999845e+02,1.179862499999999947e+01
6.533479999999999563e+02,9.567228999999999317e+00
6.533540000000000418e+02,8.350975000000000037e+00
6.533590000000000373e+02,1.078348399999999963e+01
6.533659999999999854e+02,9.979032000000000124e+00
6.533709999999999809e+02,9.844957000000000846e+00
6.533769999999999527e+02,9.433154000000000039e+00
6.533830000000000382e+02,1.100375000000000014e+01
6.533890000000000100e+02,9.643843999999999639e+00
6.533940000000000055e+02,8.848969000000000307e+00
6.533999999999999773e+02,1.101332700000000031e+01
6.534059999999999491e+02,9.787496000000000862e+00
6.534120000000000346e+02,9.461883999999999517e+00
6.534170000000000300e+02,1.054406400000000055e+01
6.534230000000000018e+02,9.825803000000000509e+00
6.534349999999999454e+02,9.931148000000000309e+00
6.534400000000000546e+02,1.020887500000000081e+01
6.534460000000000264e+02,9.758765000000000356e+00
6.534519999999999982e+02,9.959877999999999787e+00
6.534579999999999700e+02,1.020887500000000081e+01
6.534640000000000555e+02,9.682150999999999286e+00
6.534690000000000509e+02,9.969454999999999956e+00
6.534750000000000227e+02,1.011310699999999940e+01
6.534809999999999945e+02,9.777919000000000693e+00
6.534859999999999900e+02,9.950302000000000646e+00
6.534919999999999618e+02,9.902418000000000831e+00
6.534980000000000473e+02,9.911993999999999971e+00
6.535040000000000191e+02,9.931148000000000309e+00
6.535090000000000146e+02,9.998186000000000462e+00
6.535149999999999864e+02,1.006522299999999959e+01
6.535209999999999582e+02,9.864110000000000156e+00
6.535259999999999536e+02,9.854533999999999239e+00
6.535320000000000391e+02,1.015141500000000008e+01
6.535380000000000109e+02,9.758765000000000356e+00
6.535439999999999827e+02,9.959877999999999787e+00
6.535489999999999782e+02,1.003649300000000011e+01
6.535549999999999500e+02,9.892841000000000662e+00
6.535610000000000355e+02,9.988609000000000293e+00
6.535670000000000073e+02,9.940725000000000477e+00
6.535720000000000027e+02,9.902418000000000831e+00
6.535779999999999745e+02,9.844957000000000846e+00
6.535839999999999463e+02,9.931148000000000309e+00
6.535890000000000555e+02,1.002691599999999994e+01
6.535950000000000273e+02,9.816226000000000340e+00
6.536009999999999991e+02,9.959877999999999787e+00
6.536059999999999945e+02,1.000776199999999960e+01
6.536119999999999663e+02,9.835380000000000678e+00
6.536180000000000518e+02,9.959877999999999787e+00
6.536240000000000236e+02,9.911993999999999971e+00
6.536290000000000191e+02,9.835380000000000678e+00
6.536349999999999909e+02,9.969454999999999956e+00
6.536409999999999627e+02,9.998186000000000462e+00
6.536470000000000482e+02,9.950302000000000646e+00
6.536530000000000200e+02,9.883264000000000493e+00
6.536580000000000155e+02,9.950302000000000646e+00
6.536639999999999873e+02,9.959877999999999787e+00
6.536689999999999827e+02,9.979032000000000124e+00
6.536749999999999545e+02,1.000776199999999960e+01
6.536810000000000400e+02,9.854533999999999239e+00
6.536870000000000118e+02,9.873687000000000324e+00
6.536920000000000073e+02,9.979032000000000124e+00
6.536979999999999791e+02,9.988609000000000293e+00
6.537039999999999509e+02,1.001733899999999977e+01
6.537100000000000364e+02,9.969454999999999956e+00
6.537150000000000318e+02,9.998186000000000462e+00
6.537210000000000036e+02,9.979032000000000124e+00
6.537269999999999754e+02,9.940725000000000477e+00
6.537319999999999709e+02,1.004607000000000028e+01
6.537380000000000564e+02,9.959877999999999787e+00
6.537440000000000282e+02,1.000776199999999960e+01
6.537500000000000000e+02,9.940725000000000477e+00
6.537549999999999955e+02,9.969454999999999956e+00
6.537609999999999673e+02,9.911993999999999971e+00
6.537670000000000528e+02,1.002691599999999994e+01
6.537730000000000246e+02,9.959877999999999787e+00
6.537780000000000200e+02,9.892841000000000662e+00
6.537839999999999918e+02,9.931148000000000309e+00
6.537899999999999636e+02,9.921571000000000140e+00
6.537949999999999591e+02,9.950302000000000646e+00
6.538010000000000446e+02,9.931148000000000309e+00
6.538070000000000164e+02,9.911993999999999971e+00
6.538120000000000118e+02,9.883264000000000493e+00
6.538179999999999836e+02,9.988609000000000293e+00
6.538239999999999554e+02,1.000776199999999960e+01
6.538300000000000409e+02,9.988609000000000293e+00
6.538350000000000364e+02,1.000776199999999960e+01
6.538410000000000082e+02,9.988609000000000293e+00
6.538469999999999800e+02,1.001733899999999977e+01
6.538590000000000373e+02,9.892841000000000662e+00
6.538640000000000327e+02,9.988609000000000293e+00
6.538700000000000045e+02,9.940725000000000477e+00
6.538750000000000000e+02,9.950302000000000646e+00
6.538809999999999718e+02,9.931148000000000309e+00
6.538869999999999436e+02,9.931148000000000309e+00
6.538930000000000291e+02,9.902418000000000831e+00
6.538980000000000246e+02,9.921571000000000140e+00
6.539039999999999964e+02,9.892841000000000662e+00
6.539099999999999682e+02,9.911993999999999971e+00
6.539149999999999636e+02,9.979032000000000124e+00
6.539210000000000491e+02,9.940725000000000477e+00
6.539270000000000209e+02,9.959877999999999787e+00
6.539320000000000164e+02,9.950302000000000646e+00
6.539379999999999882e+02,9.950302000000000646e+00
6.539439999999999600e+02,9.854533999999999239e+00
6.539500000000000455e+02,9.260771999999999338e+00
6.539550000000000409e+02,8.839392000000000138e+00
6.539610000000000127e+02,1.451843799999999973e+01
6.539669999999999845e+02,8.034940000000000637e+00
6.539719999999999800e+02,7.565676999999999985e+00
6.539779999999999518e+02,1.247857899999999987e+01
6.539840000000000373e+02,9.576805999999999486e+00
6.539900000000000091e+02,9.835380000000000678e+00
6.539959999999999809e+02,8.408436000000000021e+00
6.540009999999999764e+02,1.262223099999999931e+01
6.540069999999999482e+02,9.528921999999999670e+00
6.540130000000000337e+02,8.312668000000000390e+00
6.540190000000000055e+02,1.208592900000000014e+01
6.540249999999999773e+02,8.925582999999999601e+00
6.540309999999999491e+02,9.768342000000000525e+00
6.540359999999999445e+02,1.091755900000000068e+01
6.540420000000000300e+02,9.433154000000000039e+00
6.540480000000000018e+02,9.787496000000000862e+00
6.540539999999999736e+02,9.902418000000000831e+00
6.540599999999999454e+02,1.035252700000000026e+01
6.540710000000000264e+02,1.009395400000000009e+01
6.540769999999999982e+02,1.034295099999999934e+01
6.540829999999999700e+02,9.567228999999999317e+00
6.540879999999999654e+02,1.002691599999999994e+01
6.540940000000000509e+02,1.012268399999999957e+01
6.541000000000000227e+02,9.854533999999999239e+00
6.541059999999999945e+02,9.959877999999999787e+00
6.541119999999999663e+02,9.979032000000000124e+00
6.541169999999999618e+02,9.969454999999999956e+00
6.541230000000000473e+02,9.921571000000000140e+00
6.541290000000000191e+02,9.835380000000000678e+00
6.541349999999999909e+02,1.009395400000000009e+01
6.541399999999999864e+02,9.940725000000000477e+00
6.541459999999999582e+02,9.797072999999999254e+00
6.541509999999999536e+02,1.024718299999999971e+01
6.541570000000000391e+02,9.662997000000000725e+00
6.541630000000000109e+02,1.007479999999999976e+01
6.541689999999999827e+02,1.023760599999999954e+01
6.541749999999999545e+02,9.768342000000000525e+00
6.541799999999999500e+02,1.004607000000000028e+01
6.541860000000000355e+02,9.940725000000000477e+00
6.541920000000000073e+02,9.921571000000000140e+00
6.541979999999999791e+02,9.940725000000000477e+00
6.542029999999999745e+02,9.825803000000000509e+00
6.542089999999999463e+02,1.016099099999999922e+01
6.542150000000000318e+02,9.768342000000000525e+00
6.542210000000000036e+02,9.998186000000000462e+00
6.542269999999999754e+02,1.002691599999999994e+01
6.542319999999999709e+02,9.854533999999999239e+00
6.542380000000000564e+02,1.004607000000000028e+01
6.542440000000000282e+02,9.979032000000000124e+00
6.542500000000000000e+02,1.000776199999999960e+01
6.542549999999999955e+02,9.864110000000000156e+00
6.542609999999999673e+02,9.940725000000000477e+00
6.542670000000000528e+02,1.000776199999999960e+01
6.542730000000000246e+02,9.883264000000000493e+00
6.542780000000000200e+02,9.940725000000000477e+00
6.542839999999999918e+02,9.988609000000000293e+00
6.542899999999999636e+02,9.959877999999999787e+00
6.542949999999999591e+02,1.002691599999999994e+01
6.543010000000000446e+02,9.883264000000000493e+00
6.543070000000000164e+02,9.940725000000000477e+00
6.543129999999999882e+02,9.844957000000000846e+00
6.543179999999999836e+02,9.940725000000000477e+00
6.543239999999999554e+02,9.911993999999999971e+00
6.543300000000000409e+02,9.883264000000000493e+00
6.543360000000000127e+02,9.969454999999999956e+00
6.543410000000000082e+02,9.940725000000000477e+00
6.543469999999999800e+02,9.911993999999999971e+00
6.543519999999999754e+02,9.950302000000000646e+00
6.543579999999999472e+02,9.940725000000000477e+00
6.543640000000000327e+02,9.921571000000000140e+00
6.543700000000000045e+02,9.959877999999999787e+00
6.543750000000000000e+02,9.998186000000000462e+00
6.543809999999999718e+02,9.883264000000000493e+00
6.543869999999999436e+02,9.940725000000000477e+00
6.543920000000000528e+02,9.950302000000000646e+00
6.543980000000000246e+02,9.873687000000000324e+00
6.544039999999999964e+02,9.931148000000000309e+00
6.544089999999999918e+02,9.921571000000000140e+00
6.544149999999999636e+02,9.969454999999999956e+00
6.544210000000000491e+02,9.959877999999999787e+00
6.544270000000000209e+02,9.950302000000000646e+00
6.544320000000000164e+02,1.001733899999999977e+01
6.544379999999999882e+02,9.979032000000000124e+00
6.544439999999999600e+02,9.998186000000000462e+00
6.544489999999999554e+02,9.940725000000000477e+00
6.544550000000000409e+02,9.959877999999999787e+00
6.544610000000000127e+02,9.940725000000000477e+00
6.544669999999999845e+02,9.969454999999999956e+00
6.544779999999999518e+02,9.950302000000000646e+00
6.544840000000000373e+02,9.911993999999999971e+00
6.544890000000000327e+02,9.969454999999999956e+00
6.544950000000000045e+02,9.969454999999999956e+00
6.545009999999999764e+02,9.979032000000000124e+00
6.545059999999999718e+02,9.931148000000000309e+00
6.545119999999999436e+02,9.940725000000000477e+00
6.545180000000000291e+02,9.940725000000000477e+00
6.545240000000000009e+02,9.988609000000000293e+00
6.545289999999999964e+02,9.959877999999999787e+00
6.545349999999999682e+02,9.902418000000000831e+00
6.545399999999999636e+02,1.000776199999999960e+01
6.545460000000000491e+02,9.911993999999999971e+00
6.545520000000000209e+02,9.969454999999999956e+00
6.545579999999999927e+02,9.825803000000000509e+00
6.545629999999999882e+02,9.816226000000000340e+00
6.545689999999999600e+02,8.667009999999999437e+00
6.545750000000000455e+02,1.222000500000000045e+01
6.545810000000000173e+02,1.058237100000000019e+01
6.545860000000000127e+02,6.569689000000000334e+00
6.545919999999999845e+02,1.128147799999999989e+01
6.545979999999999563e+02,1.061110099999999967e+01
6.546040000000000418e+02,1.031422000000000061e+01
6.546100000000000136e+02,8.561664999999999637e+00
6.546150000000000091e+02,1.053448700000000038e+01
6.546209999999999809e+02,1.086009800000000070e+01
6.546269999999999527e+02,7.881711000000000134e+00
6.546330000000000382e+02,1.115697899999999976e+01
6.546390000000000100e+02,9.998186000000000462e+00
6.546449999999999818e+02,8.762778000000000844e+00
6.546499999999999773e+02,1.071644599999999947e+01
6.546559999999999491e+02,1.007479999999999976e+01
6.546620000000000346e+02,9.624689999999999301e+00
6.546680000000000064e+02,9.931148000000000309e+00
6.546789999999999736e+02,9.739611999999999270e+00
6.546849999999999454e+02,9.567228999999999317e+00
6.546910000000000309e+02,1.042914200000000058e+01
6.546970000000000027e+02,9.864110000000000156e+00
6.547019999999999982e+02,9.758765000000000356e+00
6.547079999999999700e+02,1.026633600000000079e+01
6.547140000000000555e+02,9.844957000000000846e+00
6.547200000000000273e+02,9.950302000000000646e+00
6.547250000000000227e+02,9.979032000000000124e+00
6.547309999999999945e+02,9.806649999999999423e+00
6.547369999999999663e+02,9.969454999999999956e+00
6.547430000000000518e+02,9.873687000000000324e+00
6.547480000000000473e+02,9.988609000000000293e+00
6.547540000000000191e+02,1.004607000000000028e+01
6.547599999999999909e+02,9.749188999999999439e+00
6.547649999999999864e+02,1.017056799999999939e+01
6.547709999999999582e+02,9.787496000000000862e+00
6.547770000000000437e+02,9.797072999999999254e+00
6.547830000000000155e+02,1.023760599999999954e+01
6.547880000000000109e+02,9.806649999999999423e+00
6.547939999999999827e+02,9.892841000000000662e+00
6.547999999999999545e+02,1.004607000000000028e+01
6.548060000000000400e+02,9.864110000000000156e+00
6.548110000000000355e+02,1.005564599999999942e+01
6.548170000000000073e+02,9.854533999999999239e+00
6.548229999999999791e+02,9.969454999999999956e+00
6.548289999999999509e+02,9.902418000000000831e+00
6.548339999999999463e+02,9.825803000000000509e+00
6.548400000000000318e+02,1.013226099999999974e+01
6.548460000000000036e+02,9.854533999999999239e+00
6.548509999999999991e+02,1.006522299999999959e+01
6.548569999999999709e+02,9.979032000000000124e+00
6.548630000000000564e+02,9.892841000000000662e+00
6.548690000000000282e+02,9.940725000000000477e+00
6.548740000000000236e+02,1.002691599999999994e+01
6.548799999999999955e+02,9.883264000000000493e+00
6.548859999999999673e+02,9.864110000000000156e+00
6.548920000000000528e+02,1.001733899999999977e+01
6.548970000000000482e+02,9.988609000000000293e+00
6.549030000000000200e+02,9.864110000000000156e+00
6.549089999999999918e+02,9.988609000000000293e+00
6.549149999999999636e+02,9.921571000000000140e+00
6.549199999999999591e+02,9.931148000000000309e+00
6.549260000000000446e+02,9.892841000000000662e+00
6.549310000000000400e+02,9.969454999999999956e+00
6.549370000000000118e+02,9.931148000000000309e+00
6.549429999999999836e+02,9.902418000000000831e+00
6.549489999999999554e+02,9.950302000000000646e+00
6.549539999999999509e+02,9.959877999999999787e+00
6.549600000000000364e+02,9.931148000000000309e+00
6.549660000000000082e+02,1.000776199999999960e+01
6.549710000000000036e+02,9.883264000000000493e+00
6.549769999999999754e+02,9.950302000000000646e+00
6.549829999999999472e+02,9.959877999999999787e+00
6.549880000000000564e+02,9.940725000000000477e+00
6.549940000000000282e+02,9.950302000000000646e+00
6.550000000000000000e+02,9.998186000000000462e+00
6.550059999999999718e+02,9.921571000000000140e+00
6.550119999999999436e+02,9.940725000000000477e+00
6.550170000000000528e+02,9.940725000000000477e+00
6.550230000000000246e+02,9.959877999999999787e+00
6.550289999999999964e+02,9.931148000000000309e+00
6.550339999999999918e+02,9.940725000000000477e+00
6.550399999999999636e+02,9.931148000000000309e+00
6.550460000000000491e+02,9.883264000000000493e+00
6.550510000000000446e+02,9.940725000000000477e+00
6.550570000000000164e+02,9.931148000000000309e+00
6.550629999999999882e+02,9.864110000000000156e+00
6.550689999999999600e+02,9.959877999999999787e+00
6.550739999999999554e+02,9.988609000000000293e+00
6.550850000000000364e+02,9.959877999999999787e+00
6.550910000000000082e+02,1.008437699999999992e+01
6.550969999999999800e+02,9.969454999999999956e+00
6.551029999999999518e+02,9.931148000000000309e+00
6.551079999999999472e+02,9.911993999999999971e+00
6.551140000000000327e+02,9.998186000000000462e+00
6.551200000000000045e+02,9.864110000000000156e+00
6.551250000000000000e+02,9.950302000000000646e+00
6.551309999999999718e+02,9.931148000000000309e+00
6.551369999999999436e+02,9.931148000000000309e+00
6.551420000000000528e+02,9.902418000000000831e+00
6.551480000000000246e+02,9.959877999999999787e+00
6.551539999999999964e+02,9.931148000000000309e+00
6.551599999999999682e+02,9.873687000000000324e+00
6.551649999999999636e+02,9.921571000000000140e+00
6.551710000000000491e+02,9.940725000000000477e+00
6.551770000000000209e+02,9.911993999999999971e+00
6.551820000000000164e+02,9.979032000000000124e+00
6.551879999999999882e+02,9.950302000000000646e+00
6.551939999999999600e+02,9.902418000000000831e+00
6.551989999999999554e+02,9.950302000000000646e+00
6.552050000000000409e+02,9.979032000000000124e+00
6.552110000000000127e+02,9.921571000000000140e+00
6.552160000000000082e+02,9.921571000000000140e+00
6.552219999999999800e+02,9.959877999999999787e+00
6.552279999999999518e+02,9.911993999999999971e+00
6.552329999999999472e+02,9.998186000000000462e+00
6.552390000000000327e+02,9.902418000000000831e+00
6.552450000000000045e+02,9.911993999999999971e+00
6.552509999999999764e+02,9.988609000000000293e+00
6.552559999999999718e+02,9.797072999999999254e+00
6.552619999999999436e+02,9.270348000000000255e+00
6.552680000000000291e+02,9.299079000000000761e+00
6.552730000000000246e+02,1.399171399999999998e+01
6.552789999999999964e+02,7.661444999999999617e+00
6.552849999999999682e+02,8.580818000000000723e+00
6.552910000000000537e+02,1.197100799999999943e+01
6.552970000000000255e+02,9.413999999999999702e+00
6.553020000000000209e+02,9.911993999999999971e+00
6.553079999999999927e+02,8.609548999999999452e+00
6.553139999999999645e+02,1.190396999999999927e+01
6.553200000000000500e+02,1.038125800000000076e+01
6.553260000000000218e+02,7.910441999999999751e+00
6.553310000000000173e+02,1.156878200000000056e+01
6.553369999999999891e+02,8.992620999999999754e+00
6.553429999999999609e+02,9.787496000000000862e+00
6.553490000000000464e+02,1.085052100000000053e+01
6.553540000000000418e+02,9.576805999999999486e+00
6.553600000000000136e+02,9.672573999999999117e+00
6.553659999999999854e+02,1.010353100000000026e+01
6.553719999999999573e+02,1.027591299999999919e+01
6.553780000000000427e+02,9.461883999999999517e+00
6.553830000000000382e+02,1.012268399999999957e+01
6.553890000000000100e+02,1.034295099999999934e+01
6.553949999999999818e+02,9.519344999999999501e+00
6.554009999999999536e+02,1.008437699999999992e+01
6.554070000000000391e+02,1.015141500000000008e+01
6.554130000000000109e+02,9.816226000000000340e+00
6.554180000000000064e+02,9.988609000000000293e+00
6.554239999999999782e+02,9.950302000000000646e+00
6.554299999999999500e+02,9.883264000000000493e+00
6.554360000000000355e+02,9.950302000000000646e+00
6.554410000000000309e+02,9.940725000000000477e+00
6.554470000000000027e+02,1.010353100000000026e+01
6.554529999999999745e+02,9.825803000000000509e+00
6.554589999999999463e+02,9.777919000000000693e+00
6.554640000000000555e+02,1.018972199999999972e+01
6.554700000000000273e+02,9.586382999999999655e+00
6.554759999999999991e+02,1.012268399999999957e+01
6.554809999999999945e+02,1.014183799999999991e+01
6.554869999999999663e+02,9.777919000000000693e+00
6.554930000000000518e+02,1.005564599999999942e+01
6.554990000000000236e+02,9.892841000000000662e+00
6.555049999999999955e+02,1.004607000000000028e+01
6.555099999999999909e+02,9.931148000000000309e+00
6.555159999999999627e+02,9.969454999999999956e+00
6.555220000000000482e+02,1.008437699999999992e+01
6.555280000000000200e+02,9.787496000000000862e+00
6.555330000000000155e+02,1.001733899999999977e+01
6.555389999999999873e+02,9.979032000000000124e+00
6.555449999999999591e+02,9.825803000000000509e+00
6.555510000000000446e+02,1.006522299999999959e+01
6.555560000000000400e+02,9.892841000000000662e+00
6.555620000000000118e+02,9.892841000000000662e+00
6.555670000000000073e+02,9.959877999999999787e+00
6.555729999999999791e+02,1.003649300000000011e+01
6.555789999999999509e+02,9.959877999999999787e+00
6.555850000000000364e+02,9.854533999999999239e+00
6.555910000000000082e+02,1.001733899999999977e+01
6.555960000000000036e+02,9.959877999999999787e+00
6.556019999999999754e+02,9.950302000000000646e+00
6.556079999999999472e+02,9.959877999999999787e+00
6.556130000000000564e+02,9.959877999999999787e+00
6.556190000000000282e+02,9.921571000000000140e+00
6.556250000000000000e+02,9.959877999999999787e+00
6.556299999999999955e+02,9.988609000000000293e+00
6.556359999999999673e+02,9.979032000000000124e+00
6.556420000000000528e+02,9.959877999999999787e+00
6.556480000000000246e+02,1.000776199999999960e+01
6.556530000000000200e+02,9.873687000000000324e+00
6.556589999999999918e+02,9.998186000000000462e+00
6.556649999999999636e+02,1.000776199999999960e+01
6.556710000000000491e+02,9.921571000000000140e+00
6.556760000000000446e+02,9.883264000000000493e+00
6.556820000000000164e+02,9.988609000000000293e+00
6.556870000000000118e+02,9.902418000000000831e+00
6.556929999999999836e+02,9.864110000000000156e+00
6.556989999999999554e+02,9.950302000000000646e+00
6.557050000000000409e+02,9.931148000000000309e+00
6.557100000000000364e+02,9.940725000000000477e+00
6.557160000000000082e+02,9.940725000000000477e+00
6.557219999999999800e+02,9.940725000000000477e+00
6.557279999999999518e+02,9.931148000000000309e+00
6.557329999999999472e+02,9.911993999999999971e+00
6.557390000000000327e+02,9.988609000000000293e+00
6.557440000000000282e+02,9.998186000000000462e+00
6.557500000000000000e+02,9.969454999999999956e+00
6.557559999999999718e+02,9.988609000000000293e+00
6.557619999999999436e+02,9.883264000000000493e+00
6.557670000000000528e+02,9.950302000000000646e+00
6.557730000000000246e+02,9.931148000000000309e+00
6.557789999999999964e+02,9.950302000000000646e+00
6.557839999999999918e+02,9.873687000000000324e+00
6.557899999999999636e+02,9.959877999999999787e+00
6.557960000000000491e+02,9.940725000000000477e+00
6.558010000000000446e+02,9.959877999999999787e+00
6.558070000000000164e+02,1.003649300000000011e+01
6.558129999999999882e+02,9.988609000000000293e+00
6.558189999999999600e+02,9.911993999999999971e+00
6.558239999999999554e+02,9.969454999999999956e+00
6.558300000000000409e+02,9.969454999999999956e+00
6.558350000000000364e+02,9.921571000000000140e+00
6.558410000000000082e+02,1.003649300000000011e+01
6.558469999999999800e+02,9.940725000000000477e+00
6.558529999999999518e+02,9.892841000000000662e+00
6.558590000000000373e+02,1.000776199999999960e+01
6.558640000000000327e+02,9.911993999999999971e+00
6.558700000000000045e+02,9.969454999999999956e+00
6.558759999999999764e+02,9.931148000000000309e+00
6.558809999999999718e+02,9.940725000000000477e+00
6.558869999999999436e+02,9.988609000000000293e+00
6.558930000000000291e+02,9.931148000000000309e+00
6.558980000000000246e+02,9.902418000000000831e+00
6.559039999999999964e+02,9.911993999999999971e+00
6.559099999999999682e+02,9.758765000000000356e+00
6.559160000000000537e+02,9.088388999999999385e+00
6.559210000000000491e+02,9.806649999999999423e+00
6.559270000000000209e+02,1.228704199999999958e+01
6.559329999999999927e+02,8.264784000000000574e+00
6.559389999999999645e+02,9.461883999999999517e+00
6.559439999999999600e+02,1.088882899999999943e+01
6.559500000000000455e+02,9.835380000000000678e+00
6.559560000000000173e+02,9.289502000000000592e+00
6.559619999999999891e+02,9.586382999999999655e+00
6.559669999999999845e+02,1.144428300000000043e+01
6.559729999999999563e+02,8.839392000000000138e+00
6.559790000000000418e+02,9.902418000000000831e+00
6.559850000000000136e+02,1.127190099999999973e+01
6.559909999999999854e+02,8.868121999999999616e+00
6.559969999999999573e+02,1.031422000000000061e+01
6.560019999999999527e+02,1.032379700000000078e+01
6.560080000000000382e+02,9.624689999999999301e+00
6.560140000000000100e+02,9.883264000000000493e+00
6.560199999999999818e+02,1.008437699999999992e+01
6.560249999999999773e+02,1.020887500000000081e+01
6.560309999999999491e+02,9.662997000000000725e+00
6.560370000000000346e+02,1.025675900000000063e+01
6.560430000000000064e+02,1.016099099999999922e+01
6.560489999999999782e+02,9.643843999999999639e+00
6.560549999999999500e+02,1.018972199999999972e+01
6.560599999999999454e+02,9.921571000000000140e+00
6.560660000000000309e+02,9.873687000000000324e+00
6.560720000000000027e+02,1.002691599999999994e+01
6.560779999999999745e+02,9.883264000000000493e+00
6.560829999999999700e+02,9.940725000000000477e+00
6.560890000000000555e+02,9.844957000000000846e+00
6.560950000000000273e+02,1.000776199999999960e+01
6.561009999999999991e+02,1.003649300000000011e+01
6.561059999999999945e+02,9.797072999999999254e+00
6.561119999999999663e+02,1.004607000000000028e+01
6.561180000000000518e+02,9.940725000000000477e+00
6.561240000000000236e+02,9.749188999999999439e+00
6.561290000000000191e+02,1.016099099999999922e+01
6.561349999999999909e+02,9.979032000000000124e+00
6.561409999999999627e+02,9.835380000000000678e+00
6.561459999999999582e+02,9.969454999999999956e+00
6.561520000000000437e+02,9.883264000000000493e+00
6.561580000000000155e+02,1.001733899999999977e+01
6.561639999999999873e+02,9.864110000000000156e+00
6.561689999999999827e+02,9.998186000000000462e+00
6.561749999999999545e+02,9.950302000000000646e+00
6.561810000000000400e+02,9.873687000000000324e+00
6.561870000000000118e+02,1.005564599999999942e+01
6.561929999999999836e+02,9.864110000000000156e+00
6.561979999999999791e+02,9.873687000000000324e+00
6.562039999999999509e+02,9.979032000000000124e+00
6.562089999999999463e+02,9.959877999999999787e+00
6.562150000000000318e+02,9.959877999999999787e+00
6.562210000000000036e+02,9.969454999999999956e+00
6.562269999999999754e+02,1.006522299999999959e+01
6.562319999999999709e+02,9.902418000000000831e+00
6.562380000000000564e+02,9.892841000000000662e+00
6.562440000000000282e+02,1.000776199999999960e+01
6.562500000000000000e+02,9.902418000000000831e+00
6.562549999999999955e+02,9.950302000000000646e+00
6.562609999999999673e+02,9.959877999999999787e+00
6.562670000000000528e+02,9.902418000000000831e+00
6.562720000000000482e+02,9.950302000000000646e+00
6.562780000000000200e+02,9.979032000000000124e+00
6.562839999999999918e+02,9.864110000000000156e+00
6.562899999999999636e+02,9.959877999999999787e+00
6.562949999999999591e+02,9.959877999999999787e+00
6.563010000000000446e+02,9.950302000000000646e+00
6.563070000000000164e+02,9.892841000000000662e+00
6.563129999999999882e+02,9.969454999999999956e+00
6.563179999999999836e+02,9.921571000000000140e+00
6.563239999999999554e+02,9.835380000000000678e+00
6.563289999999999509e+02,9.921571000000000140e+00
6.563350000000000364e+02,9.959877999999999787e+00
6.563410000000000082e+02,9.892841000000000662e+00
6.563469999999999800e+02,9.921571000000000140e+00
6.563519999999999754e+02,1.002691599999999994e+01
6.563579999999999472e+02,9.969454999999999956e+00
6.563640000000000327e+02,9.911993999999999971e+00
6.563690000000000282e+02,9.959877999999999787e+00
6.563750000000000000e+02,9.902418000000000831e+00
6.563809999999999718e+02,9.959877999999999787e+00
6.563859999999999673e+02,9.950302000000000646e+00
6.563920000000000528e+02,9.892841000000000662e+00
6.563980000000000246e+02,1.000776199999999960e+01
6.564039999999999964e+02,9.969454999999999956e+00
6.564089999999999918e+02,9.988609000000000293e+00
6.564149999999999636e+02,9.969454999999999956e+00
6.564210000000000491e+02,9.931148000000000309e+00
6.564270000000000209e+02,9.883264000000000493e+00
6.564320000000000164e+02,9.911993999999999971e+00
6.564379999999999882e+02,9.902418000000000831e+00
6.564429999999999836e+02,9.950302000000000646e+00
6.564489999999999554e+02,9.969454999999999956e+00
6.564550000000000409e+02,9.864110000000000156e+00
6.564610000000000127e+02,9.931148000000000309e+00
6.564660000000000082e+02,9.931148000000000309e+00
6.564719999999999800e+02,9.892841000000000662e+00
6.564779999999999518e+02,9.959877999999999787e+00
6.564840000000000373e+02,1.000776199999999960e+01
6.564890000000000327e+02,9.940725000000000477e+00
6.564950000000000045e+02,9.892841000000000662e+00
6.565000000000000000e+02,9.950302000000000646e+00
6.565059999999999718e+02,9.950302000000000646e+00
6.565119999999999436e+02,9.969454999999999956e+00
6.565180000000000291e+02,9.969454999999999956e+00
6.565230000000000246e+02,9.988609000000000293e+00
6.565289999999999964e+02,9.950302000000000646e+00
6.565349999999999682e+02,1.006522299999999959e+01
6.565410000000000537e+02,9.969454999999999956e+00
6.565460000000000491e+02,9.931148000000000309e+00
6.565520000000000209e+02,9.998186000000000462e+00
6.565579999999999927e+02,9.988609000000000293e+00
6.565629999999999882e+02,9.950302000000000646e+00
6.565689999999999600e+02,9.787496000000000862e+00
6.565750000000000455e+02,9.337386000000000408e+00
6.565810000000000173e+02,1.119528599999999940e+01
6.565860000000000127e+02,1.247857899999999987e+01
6.565919999999999845e+02,7.058106000000000435e+00
6.565979999999999563e+02,9.643843999999999639e+00
6.566040000000000418e+02,1.079306099999999979e+01
6.566100000000000136e+02,1.010353100000000026e+01
6.566150000000000091e+02,9.481037999999999855e+00
6.566209999999999809e+02,9.442731000000000208e+00
6.566269999999999527e+02,1.197100799999999943e+01
6.566330000000000382e+02,8.609548999999999452e+00
6.566390000000000100e+02,9.672573999999999117e+00
6.566440000000000055e+02,1.151132100000000058e+01
6.566499999999999773e+02,8.963891000000000275e+00
6.566559999999999491e+02,9.730035000000000878e+00
6.566620000000000346e+02,1.032379700000000078e+01
6.566670000000000300e+02,9.825803000000000509e+00
6.566730000000000018e+02,9.634266999999999470e+00
6.566789999999999736e+02,1.017056799999999939e+01
6.566849999999999454e+02,1.034295099999999934e+01
6.566910000000000309e+02,9.461883999999999517e+00
6.566970000000000027e+02,1.018972199999999972e+01
6.567019999999999982e+02,9.950302000000000646e+00
6.567079999999999700e+02,9.768342000000000525e+00
6.567140000000000555e+02,1.002691599999999994e+01
6.567200000000000273e+02,9.988609000000000293e+00
6.567259999999999991e+02,9.988609000000000293e+00
6.567309999999999945e+02,9.816226000000000340e+00
6.567369999999999663e+02,9.940725000000000477e+00
6.567430000000000518e+02,1.007479999999999976e+01
6.567480000000000473e+02,9.701304999999999623e+00
6.567540000000000191e+02,1.001733899999999977e+01
6.567599999999999909e+02,1.018014499999999956e+01
6.567659999999999627e+02,9.797072999999999254e+00
6.567720000000000482e+02,9.950302000000000646e+00
6.567770000000000437e+02,1.014183799999999991e+01
6.567830000000000155e+02,9.787496000000000862e+00
6.567889999999999873e+02,9.806649999999999423e+00
6.567939999999999827e+02,1.007479999999999976e+01
6.567999999999999545e+02,9.998186000000000462e+00
6.568060000000000400e+02,9.864110000000000156e+00
6.568110000000000355e+02,9.988609000000000293e+00
6.568170000000000073e+02,1.002691599999999994e+01
6.568229999999999791e+02,9.873687000000000324e+00
6.568289999999999509e+02,9.979032000000000124e+00
6.568339999999999463e+02,1.004607000000000028e+01
6.568400000000000318e+02,9.892841000000000662e+00
6.568460000000000036e+02,9.969454999999999956e+00
6.568519999999999754e+02,9.959877999999999787e+00
6.568579999999999472e+02,9.883264000000000493e+00
6.568630000000000564e+02,1.001733899999999977e+01
6.568690000000000282e+02,9.969454999999999956e+00
6.568740000000000236e+02,9.959877999999999787e+00
6.568799999999999955e+02,9.959877999999999787e+00
6.568859999999999673e+02,9.902418000000000831e+00
6.568920000000000528e+02,1.003649300000000011e+01
6.568970000000000482e+02,1.003649300000000011e+01
6.569030000000000200e+02,9.902418000000000831e+00
6.569089999999999918e+02,9.979032000000000124e+00
6.569149999999999636e+02,9.959877999999999787e+00
6.569199999999999591e+02,9.921571000000000140e+00
6.569260000000000446e+02,9.921571000000000140e+00
6.569320000000000164e+02,9.979032000000000124e+00
6.569370000000000118e+02,1.000776199999999960e+01
6.569429999999999836e+02,9.873687000000000324e+00
6.569489999999999554e+02,9.931148000000000309e+00
6.569539999999999509e+02,9.950302000000000646e+00
6.569600000000000364e+02,9.892841000000000662e+00
6.569660000000000082e+02,9.921571000000000140e+00
6.569719999999999800e+02,9.969454999999999956e+00
6.569779999999999518e+02,9.959877999999999787e+00
6.569829999999999472e+02,9.873687000000000324e+00
6.569890000000000327e+02,9.931148000000000309e+00
6.569940000000000282e+02,9.959877999999999787e+00
6.570000000000000000e+02,9.950302000000000646e+00
6.570059999999999718e+02,9.873687000000000324e+00
6.570119999999999436e+02,9.969454999999999956e+00
6.570170000000000528e+02,9.921571000000000140e+00
6.570230000000000246e+02,9.979032000000000124e+00
6.570289999999999964e+02,9.883264000000000493e+00
6.570339999999999918e+02,9.969454999999999956e+00
6.570399999999999636e+02,9.950302000000000646e+00
6.570460000000000491e+02,9.940725000000000477e+00
6.570510000000000446e+02,9.959877999999999787e+00
6.570570000000000164e+02,9.940725000000000477e+00
6.570629999999999882e+02,9.921571000000000140e+00
6.570689999999999600e+02,9.988609000000000293e+00
6.570739999999999554e+02,9.892841000000000662e+00
6.570800000000000409e+02,9.931148000000000309e+00
6.570850000000000364e+02,9.959877999999999787e+00
6.570910000000000082e+02,9.959877999999999787e+00
6.570969999999999800e+02,9.950302000000000646e+00
6.571029999999999518e+02,9.902418000000000831e+00
6.571079999999999472e+02,9.979032000000000124e+00
6.571140000000000327e+02,9.969454999999999956e+00
6.571200000000000045e+02,9.883264000000000493e+00
6.571259999999999764e+02,9.959877999999999787e+00
6.571309999999999718e+02,9.902418000000000831e+00
6.571369999999999436e+02,9.911993999999999971e+00
6.571420000000000528e+02,9.921571000000000140e+00
6.571480000000000246e+02,9.998186000000000462e+00
6.571539999999999964e+02,9.998186000000000462e+00
6.571599999999999682e+02,9.969454999999999956e+00
6.571649999999999636e+02,9.931148000000000309e+00
6.571710000000000491e+02,9.921571000000000140e+00
6.571770000000000209e+02,9.988609000000000293e+00
6.571820000000000164e+02,9.988609000000000293e+00
6.571879999999999882e+02,9.950302000000000646e+00
6.571939999999999600e+02,9.806649999999999423e+00
6.571989999999999554e+02,9.461883999999999517e+00
6.572050000000000409e+02,9.873687000000000324e+00
6.572110000000000127e+02,1.235407999999999973e+01
6.572169999999999845e+02,8.829814999999999969e+00
6.572219999999999800e+02,8.820237999999999801e+00
6.572279999999999518e+02,1.063025500000000001e+01
6.572340000000000373e+02,1.011310699999999940e+01
6.572400000000000091e+02,9.835380000000000678e+00
6.572459999999999809e+02,9.279925000000000423e+00
6.572509999999999764e+02,1.113782600000000045e+01
6.572569999999999482e+02,9.749188999999999439e+00
6.572630000000000337e+02,8.801085000000000491e+00
6.572690000000000055e+02,1.095586600000000033e+01
6.572740000000000009e+02,9.892841000000000662e+00
6.572799999999999727e+02,9.500192000000000192e+00
6.572859999999999445e+02,1.034295099999999934e+01
6.572920000000000300e+02,9.902418000000000831e+00
6.572980000000000018e+02,9.758765000000000356e+00
6.573029999999999973e+02,9.950302000000000646e+00
6.573089999999999691e+02,1.029506699999999952e+01
6.573150000000000546e+02,9.586382999999999655e+00
6.573210000000000264e+02,1.004607000000000028e+01
6.573269999999999982e+02,1.012268399999999957e+01
6.573319999999999936e+02,9.643843999999999639e+00
6.573379999999999654e+02,1.003649300000000011e+01
6.573440000000000509e+02,9.988609000000000293e+00
6.573500000000000227e+02,9.816226000000000340e+00
6.573559999999999945e+02,1.001733899999999977e+01
6.573609999999999900e+02,1.002691599999999994e+01
6.573669999999999618e+02,9.911993999999999971e+00
6.573730000000000473e+02,9.777919000000000693e+00
6.573790000000000191e+02,9.979032000000000124e+00
6.573840000000000146e+02,1.004607000000000028e+01
6.573899999999999864e+02,9.854533999999999239e+00
6.573959999999999582e+02,9.921571000000000140e+00
6.574009999999999536e+02,1.002691599999999994e+01
6.574070000000000391e+02,9.777919000000000693e+00
6.574130000000000109e+02,9.911993999999999971e+00
6.574189999999999827e+02,1.012268399999999957e+01
6.574239999999999782e+02,9.883264000000000493e+00
6.574299999999999500e+02,9.979032000000000124e+00
6.574360000000000355e+02,9.979032000000000124e+00
6.574420000000000073e+02,9.998186000000000462e+00
6.574470000000000027e+02,9.883264000000000493e+00
6.574529999999999745e+02,9.988609000000000293e+00
6.574589999999999463e+02,1.000776199999999960e+01
6.574640000000000555e+02,9.844957000000000846e+00
6.574700000000000273e+02,9.979032000000000124e+00
6.574759999999999991e+02,9.979032000000000124e+00
6.574809999999999945e+02,9.864110000000000156e+00
6.574869999999999663e+02,1.005564599999999942e+01
6.574930000000000518e+02,9.931148000000000309e+00
6.574990000000000236e+02,9.873687000000000324e+00
6.575040000000000191e+02,9.950302000000000646e+00
6.575099999999999909e+02,9.959877999999999787e+00
6.575159999999999627e+02,9.950302000000000646e+00
6.575220000000000482e+02,9.911993999999999971e+00
6.575280000000000200e+02,1.003649300000000011e+01
6.575330000000000155e+02,9.911993999999999971e+00
6.575389999999999873e+02,9.911993999999999971e+00
6.575449999999999591e+02,9.998186000000000462e+00
6.575499999999999545e+02,9.959877999999999787e+00
6.575560000000000400e+02,9.950302000000000646e+00
6.575620000000000118e+02,9.892841000000000662e+00
6.575670000000000073e+02,9.931148000000000309e+00
6.575729999999999791e+02,9.969454999999999956e+00
6.575789999999999509e+02,1.000776199999999960e+01
6.575850000000000364e+02,9.940725000000000477e+00
6.575900000000000318e+02,9.931148000000000309e+00
6.575960000000000036e+02,9.959877999999999787e+00
6.576019999999999754e+02,9.950302000000000646e+00
6.576069999999999709e+02,9.902418000000000831e+00
6.576130000000000564e+02,9.959877999999999787e+00
6.576190000000000282e+02,9.959877999999999787e+00
6.576240000000000236e+02,9.940725000000000477e+00
6.576299999999999955e+02,9.979032000000000124e+00
6.576359999999999673e+02,9.979032000000000124e+00
6.576420000000000528e+02,9.883264000000000493e+00
6.576470000000000482e+02,9.940725000000000477e+00
6.576530000000000200e+02,9.959877999999999787e+00
6.576580000000000155e+02,9.873687000000000324e+00
6.576639999999999873e+02,9.825803000000000509e+00
6.576699999999999591e+02,9.940725000000000477e+00
6.576760000000000446e+02,9.959877999999999787e+00
6.576810000000000400e+02,9.921571000000000140e+00
6.576870000000000118e+02,9.921571000000000140e+00
6.576929999999999836e+02,9.864110000000000156e+00
6.576989999999999554e+02,9.940725000000000477e+00
6.577039999999999509e+02,9.873687000000000324e+00
6.577100000000000364e+02,9.940725000000000477e+00
6.577150000000000318e+02,9.940725000000000477e+00
6.577210000000000036e+02,9.979032000000000124e+00
6.577269999999999754e+02,9.883264000000000493e+00
6.577329999999999472e+02,9.959877999999999787e+00
6.577380000000000564e+02,9.979032000000000124e+00
6.577440000000000282e+02,9.969454999999999956e+00
6.577500000000000000e+02,9.902418000000000831e+00
6.577549999999999955e+02,9.940725000000000477e+00
6.577609999999999673e+02,9.940725000000000477e+00
6.577670000000000528e+02,9.892841000000000662e+00
6.577720000000000482e+02,9.931148000000000309e+00
6.577780000000000200e+02,9.959877999999999787e+00
6.577839999999999918e+02,9.931148000000000309e+00
6.577899999999999636e+02,9.931148000000000309e+00
6.577949999999999591e+02,9.902418000000000831e+00
6.578010000000000446e+02,1.001733899999999977e+01
6.578060000000000400e+02,9.969454999999999956e+00
6.578120000000000118e+02,9.950302000000000646e+00
6.578179999999999836e+02,9.969454999999999956e+00
6.578239999999999554e+02,9.998186000000000462e+00
6.578289999999999509e+02,9.816226000000000340e+00
6.578350000000000364e+02,9.720458000000000709e+00
6.578410000000000082e+02,9.165003000000000455e+00
6.578460000000000036e+02,1.176989500000000000e+01
6.578519999999999754e+02,1.126232399999999956e+01
6.578579999999999472e+02,7.412448000000000370e+00
6.578640000000000327e+02,1.107078800000000030e+01
6.578700000000000045e+02,1.051533300000000004e+01
6.578759999999999764e+02,9.864110000000000156e+00
6.578809999999999718e+02,9.174580000000000624e+00
6.578869999999999436e+02,1.022802899999999937e+01
6.578930000000000291e+02,1.111867200000000011e+01
6.578990000000000009e+02,8.149862000000000606e+00
6.579049999999999727e+02,1.060152399999999950e+01
6.579099999999999682e+02,1.108036500000000046e+01
6.579160000000000537e+02,8.829814999999999969e+00
6.579220000000000255e+02,1.058237100000000019e+01
6.579279999999999973e+02,9.950302000000000646e+00
6.579339999999999691e+02,9.739611999999999270e+00
6.579389999999999645e+02,9.844957000000000846e+00
6.579450000000000500e+02,1.033337399999999917e+01
6.579510000000000218e+02,9.730035000000000878e+00
6.579569999999999936e+02,9.615112999999999133e+00
6.579629999999999654e+02,1.033337399999999917e+01
6.579679999999999609e+02,9.825803000000000509e+00
6.579740000000000464e+02,9.825803000000000509e+00
6.579800000000000182e+02,1.022802899999999937e+01
6.579859999999999900e+02,9.854533999999999239e+00
6.579919999999999618e+02,9.911993999999999971e+00
6.579969999999999573e+02,9.931148000000000309e+00
6.580030000000000427e+02,9.931148000000000309e+00
6.580080000000000382e+02,9.883264000000000493e+00
6.580140000000000100e+02,9.873687000000000324e+00
6.580199999999999818e+02,1.008437699999999992e+01
6.580259999999999536e+02,9.988609000000000293e+00
6.580309999999999491e+02,9.720458000000000709e+00
6.580370000000000346e+02,1.017056799999999939e+01
6.580430000000000064e+02,9.950302000000000646e+00
6.580489999999999782e+02,9.854533999999999239e+00
6.580539999999999736e+02,1.018014499999999956e+01
6.580599999999999454e+02,9.816226000000000340e+00
6.580660000000000309e+02,9.998186000000000462e+00
6.580720000000000027e+02,9.921571000000000140e+00
6.580769999999999982e+02,9.873687000000000324e+00
6.580829999999999700e+02,9.988609000000000293e+00
6.580879999999999654e+02,9.854533999999999239e+00
6.580940000000000509e+02,1.010353100000000026e+01
6.581000000000000227e+02,9.969454999999999956e+00
6.581059999999999945e+02,9.835380000000000678e+00
6.581109999999999900e+02,1.009395400000000009e+01
6.581169999999999618e+02,9.854533999999999239e+00
6.581230000000000473e+02,9.959877999999999787e+00
6.581290000000000191e+02,1.002691599999999994e+01
6.581340000000000146e+02,9.854533999999999239e+00
6.581399999999999864e+02,9.940725000000000477e+00
6.581459999999999582e+02,9.959877999999999787e+00
6.581509999999999536e+02,1.006522299999999959e+01
6.581570000000000391e+02,9.854533999999999239e+00
6.581630000000000109e+02,9.892841000000000662e+00
6.581689999999999827e+02,1.005564599999999942e+01
6.581739999999999782e+02,9.931148000000000309e+00
6.581799999999999500e+02,1.002691599999999994e+01
6.581860000000000355e+02,9.969454999999999956e+00
6.581920000000000073e+02,9.931148000000000309e+00
6.581970000000000027e+02,9.940725000000000477e+00
6.582029999999999745e+02,9.950302000000000646e+00
6.582089999999999463e+02,9.902418000000000831e+00
6.582150000000000318e+02,9.883264000000000493e+00
6.582200000000000273e+02,9.969454999999999956e+00
6.582259999999999991e+02,9.940725000000000477e+00
6.582319999999999709e+02,9.959877999999999787e+00
6.582369999999999663e+02,1.002691599999999994e+01
6.582430000000000518e+02,9.969454999999999956e+00
6.582490000000000236e+02,1.001733899999999977e+01
6.582549999999999955e+02,9.969454999999999956e+00
6.582599999999999909e+02,9.940725000000000477e+00
6.582659999999999627e+02,9.950302000000000646e+00
6.582720000000000482e+02,9.969454999999999956e+00
6.582780000000000200e+02,9.940725000000000477e+00
6.582830000000000155e+02,9.873687000000000324e+00
6.582889999999999873e+02,1.000776199999999960e+01
6.582949999999999591e+02,9.940725000000000477e+00
6.582999999999999545e+02,9.864110000000000156e+00
6.583060000000000400e+02,9.998186000000000462e+00
6.583120000000000118e+02,9.911993999999999971e+00
6.583170000000000073e+02,9.931148000000000309e+00
6.583229999999999791e+02,9.979032000000000124e+00
6.583289999999999509e+02,9.969454999999999956e+00
6.583350000000000364e+02,9.959877999999999787e+00
6.583400000000000318e+02,9.911993999999999971e+00
6.583460000000000036e+02,9.911993999999999971e+00
6.583519999999999754e+02,9.959877999999999787e+00
6.583569999999999709e+02,9.959877999999999787e+00
6.583630000000000564e+02,9.854533999999999239e+00
6.583690000000000282e+02,9.940725000000000477e+00
6.583750000000000000e+02,9.892841000000000662e+00
6.583799999999999955e+02,9.959877999999999787e+00
6.583859999999999673e+02,9.931148000000000309e+00
6.583909999999999627e+02,9.921571000000000140e+00
6.583970000000000482e+02,9.959877999999999787e+00
6.584030000000000200e+02,9.950302000000000646e+00
6.584089999999999918e+02,9.931148000000000309e+00
6.584139999999999873e+02,9.931148000000000309e+00
6.584199999999999591e+02,9.979032000000000124e+00
6.584260000000000446e+02,9.931148000000000309e+00
6.584320000000000164e+02,9.931148000000000309e+00
6.584370000000000118e+02,9.979032000000000124e+00
6.584429999999999836e+02,9.806649999999999423e+00
6.584479999999999791e+02,9.471460999999999686e+00
6.584539999999999509e+02,1.095586600000000033e+01
6.584600000000000364e+02,1.055363999999999969e+01
6.584660000000000082e+02,9.337386000000000408e+00
6.584710000000000036e+02,9.787496000000000862e+00
6.584769999999999754e+02,1.025675900000000063e+01
6.584829999999999472e+02,1.001733899999999977e+01
6.584890000000000327e+02,9.500192000000000192e+00
6.584950000000000045e+02,1.030464300000000044e+01
6.585000000000000000e+02,1.040998800000000024e+01
6.585059999999999718e+02,9.452308000000000376e+00
6.585119999999999436e+02,9.998186000000000462e+00
6.585180000000000291e+02,1.019929899999999989e+01
6.585230000000000246e+02,9.634266999999999470e+00
6.585289999999999964e+02,9.969454999999999956e+00
6.585349999999999682e+02,1.012268399999999957e+01
6.585410000000000537e+02,9.864110000000000156e+00
6.585470000000000255e+02,9.950302000000000646e+00
6.585520000000000209e+02,1.017056799999999939e+01
6.585579999999999927e+02,9.854533999999999239e+00
6.585639999999999645e+02,9.816226000000000340e+00
6.585700000000000500e+02,1.016099099999999922e+01
6.585760000000000218e+02,9.854533999999999239e+00
6.585810000000000173e+02,9.825803000000000509e+00
6.585869999999999891e+02,1.003649300000000011e+01
6.585929999999999609e+02,9.911993999999999971e+00
6.585979999999999563e+02,9.921571000000000140e+00
6.586040000000000418e+02,9.969454999999999956e+00
6.586100000000000136e+02,1.000776199999999960e+01
6.586159999999999854e+02,9.864110000000000156e+00
6.586209999999999809e+02,9.883264000000000493e+00
6.586269999999999527e+02,1.004607000000000028e+01
6.586330000000000382e+02,9.950302000000000646e+00
6.586390000000000100e+02,9.883264000000000493e+00
6.586440000000000055e+02,1.010353100000000026e+01
6.586499999999999773e+02,9.854533999999999239e+00
6.586559999999999491e+02,9.902418000000000831e+00
6.586620000000000346e+02,1.005564599999999942e+01
6.586670000000000300e+02,9.873687000000000324e+00
6.586730000000000018e+02,9.873687000000000324e+00
6.586789999999999736e+02,1.000776199999999960e+01
6.586849999999999454e+02,9.959877999999999787e+00
6.586900000000000546e+02,9.892841000000000662e+00
6.586960000000000264e+02,9.988609000000000293e+00
6.587019999999999982e+02,1.002691599999999994e+01
6.587079999999999700e+02,9.864110000000000156e+00
6.587129999999999654e+02,9.979032000000000124e+00
6.587190000000000509e+02,1.005564599999999942e+01
6.587250000000000227e+02,9.902418000000000831e+00
6.587300000000000182e+02,9.883264000000000493e+00
6.587359999999999900e+02,1.002691599999999994e+01
6.587419999999999618e+02,9.864110000000000156e+00
6.587480000000000473e+02,9.844957000000000846e+00
6.587530000000000427e+02,9.988609000000000293e+00
6.587590000000000146e+02,9.940725000000000477e+00
6.587649999999999864e+02,9.940725000000000477e+00
6.587709999999999582e+02,1.001733899999999977e+01
6.587759999999999536e+02,1.001733899999999977e+01
6.587820000000000391e+02,9.883264000000000493e+00
6.587880000000000109e+02,9.969454999999999956e+00
6.587930000000000064e+02,9.931148000000000309e+00
6.587989999999999782e+02,9.892841000000000662e+00
6.588049999999999500e+02,1.000776199999999960e+01
6.588110000000000355e+02,9.988609000000000293e+00
6.588160000000000309e+02,9.873687000000000324e+00
6.588220000000000027e+02,1.004607000000000028e+01
6.588279999999999745e+02,9.988609000000000293e+00
6.588339999999999463e+02,9.864110000000000156e+00
6.588390000000000555e+02,9.921571000000000140e+00
6.588450000000000273e+02,9.940725000000000477e+00
6.588509999999999991e+02,9.998186000000000462e+00
6.588569999999999709e+02,9.883264000000000493e+00
6.588619999999999663e+02,9.940725000000000477e+00
6.588680000000000518e+02,9.931148000000000309e+00
6.588730000000000473e+02,9.921571000000000140e+00
6.588790000000000191e+02,9.988609000000000293e+00
6.588849999999999909e+02,9.959877999999999787e+00
6.588909999999999627e+02,1.001733899999999977e+01
6.588959999999999582e+02,9.902418000000000831e+00
6.589020000000000437e+02,9.959877999999999787e+00
6.589080000000000155e+02,9.988609000000000293e+00
6.589130000000000109e+02,9.931148000000000309e+00
6.589189999999999827e+02,1.000776199999999960e+01
6.589249999999999545e+02,9.969454999999999956e+00
6.589310000000000400e+02,9.873687000000000324e+00
6.589360000000000355e+02,9.988609000000000293e+00
6.589420000000000073e+02,9.940725000000000477e+00
6.589479999999999791e+02,9.950302000000000646e+00
6.589539999999999509e+02,9.931148000000000309e+00
6.589589999999999463e+02,9.902418000000000831e+00
6.589650000000000318e+02,9.902418000000000831e+00
6.589700000000000273e+02,9.931148000000000309e+00
6.589759999999999991e+02,9.979032000000000124e+00
6.589819999999999709e+02,9.931148000000000309e+00
6.589880000000000564e+02,1.000776199999999960e+01
6.589930000000000518e+02,9.940725000000000477e+00
6.589990000000000236e+02,9.921571000000000140e+00
6.590049999999999955e+02,9.950302000000000646e+00
6.590099999999999909e+02,9.998186000000000462e+00
6.590159999999999627e+02,9.873687000000000324e+00
6.590220000000000482e+02,1.000776199999999960e+01
6.590280000000000200e+02,9.998186000000000462e+00
6.590330000000000155e+02,9.950302000000000646e+00
6.590389999999999873e+02,9.931148000000000309e+00
6.590449999999999591e+02,9.921571000000000140e+00
6.590499999999999545e+02,9.921571000000000140e+00
6.590560000000000400e+02,9.844957000000000846e+00
6.590620000000000118e+02,9.730035000000000878e+00
6.590679999999999836e+02,9.002197999999999922e+00
6.590729999999999791e+02,1.223915799999999976e+01
6.590789999999999509e+02,9.768342000000000525e+00
6.590850000000000364e+02,6.962337999999999916e+00
6.590900000000000318e+02,1.137724599999999953e+01
6.590969999999999800e+02,9.931148000000000309e+00
6.591019999999999754e+02,9.959877999999999787e+00
6.591079999999999472e+02,8.829814999999999969e+00
6.591130000000000564e+02,1.024718299999999971e+01
6.591200000000000045e+02,1.126232399999999956e+01
6.591250000000000000e+02,7.738058999999999799e+00
6.591309999999999718e+02,1.083136799999999944e+01
6.591369999999999436e+02,1.042914200000000058e+01
6.591430000000000291e+02,8.571241000000000554e+00
6.591490000000000009e+02,1.071644599999999947e+01
6.591539999999999964e+02,1.019929899999999989e+01
6.591599999999999682e+02,9.634266999999999470e+00
6.591660000000000537e+02,9.873687000000000324e+00
6.591720000000000255e+02,1.037168100000000059e+01
6.591779999999999973e+02,9.691727999999999454e+00
6.591829999999999927e+02,9.586382999999999655e+00
6.591889999999999645e+02,1.052491000000000021e+01
6.591950000000000500e+02,9.777919000000000693e+00
6.592010000000000218e+02,9.720458000000000709e+00
6.592069999999999936e+02,1.017056799999999939e+01
6.592119999999999891e+02,9.806649999999999423e+00
6.592179999999999609e+02,9.911993999999999971e+00
6.592240000000000464e+02,1.002691599999999994e+01
6.592300000000000182e+02,9.931148000000000309e+00
6.592350000000000136e+02,1.003649300000000011e+01
6.592409999999999854e+02,9.816226000000000340e+00
6.592459999999999809e+02,1.008437699999999992e+01
6.592519999999999527e+02,9.969454999999999956e+00
6.592580000000000382e+02,9.730035000000000878e+00
6.592640000000000100e+02,1.014183799999999991e+01
6.592699999999999818e+02,9.892841000000000662e+00
6.592749999999999773e+02,9.749188999999999439e+00
6.592809999999999491e+02,1.009395400000000009e+01
6.592870000000000346e+02,9.806649999999999423e+00
6.592930000000000064e+02,9.988609000000000293e+00
6.592980000000000018e+02,1.004607000000000028e+01
6.593039999999999736e+02,9.950302000000000646e+00
6.593099999999999454e+02,1.004607000000000028e+01
6.593160000000000309e+02,9.835380000000000678e+00
6.593220000000000027e+02,1.001733899999999977e+01
6.593269999999999982e+02,9.816226000000000340e+00
6.593329999999999700e+02,9.950302000000000646e+00
6.593390000000000555e+02,1.010353100000000026e+01
6.593440000000000509e+02,9.787496000000000862e+00
6.593500000000000227e+02,9.959877999999999787e+00
6.593559999999999945e+02,9.921571000000000140e+00
6.593609999999999900e+02,9.902418000000000831e+00
6.593669999999999618e+02,9.940725000000000477e+00
6.593730000000000473e+02,9.988609000000000293e+00
6.593790000000000191e+02,9.988609000000000293e+00
6.593840000000000146e+02,9.892841000000000662e+00
6.593899999999999864e+02,9.969454999999999956e+00
6.593959999999999582e+02,9.998186000000000462e+00
6.594009999999999536e+02,9.883264000000000493e+00
6.594070000000000391e+02,9.979032000000000124e+00
6.594130000000000109e+02,9.931148000000000309e+00
6.594180000000000064e+02,9.873687000000000324e+00
6.594239999999999782e+02,9.969454999999999956e+00
6.594299999999999500e+02,9.921571000000000140e+00
6.594360000000000355e+02,9.921571000000000140e+00
6.594410000000000309e+02,9.921571000000000140e+00
6.594470000000000027e+02,9.998186000000000462e+00
6.594519999999999982e+02,9.979032000000000124e+00
6.594579999999999700e+02,9.883264000000000493e+00
6.594640000000000555e+02,1.000776199999999960e+01
6.594700000000000273e+02,9.959877999999999787e+00
6.594750000000000227e+02,9.844957000000000846e+00
6.594809999999999945e+02,1.003649300000000011e+01
6.594869999999999663e+02,9.873687000000000324e+00
6.594930000000000518e+02,9.873687000000000324e+00
6.594990000000000236e+02,9.911993999999999971e+00
6.595040000000000191e+02,9.902418000000000831e+00
6.595099999999999909e+02,9.892841000000000662e+00
6.595149999999999864e+02,9.902418000000000831e+00
6.595209999999999582e+02,9.950302000000000646e+00
6.595270000000000437e+02,1.001733899999999977e+01
6.595330000000000155e+02,9.959877999999999787e+00
6.595380000000000109e+02,1.009395400000000009e+01
6.595439999999999827e+02,9.892841000000000662e+00
6.595499999999999545e+02,9.825803000000000509e+00
6.595560000000000400e+02,9.940725000000000477e+00
6.595610000000000355e+02,9.959877999999999787e+00
6.595670000000000073e+02,9.873687000000000324e+00
6.595729999999999791e+02,9.940725000000000477e+00
6.595779999999999745e+02,1.000776199999999960e+01
6.595839999999999463e+02,9.998186000000000462e+00
6.595900000000000318e+02,1.000776199999999960e+01
6.595960000000000036e+02,9.998186000000000462e+00
6.596009999999999991e+02,9.883264000000000493e+00
6.596069999999999709e+02,9.950302000000000646e+00
6.596130000000000564e+02,9.979032000000000124e+00
6.596190000000000282e+02,9.873687000000000324e+00
6.596240000000000236e+02,9.979032000000000124e+00
6.596299999999999955e+02,9.998186000000000462e+00
6.596349999999999909e+02,9.931148000000000309e+00
6.596409999999999627e+02,9.892841000000000662e+00
6.596470000000000482e+02,9.950302000000000646e+00
6.596530000000000200e+02,9.921571000000000140e+00
6.596580000000000155e+02,9.873687000000000324e+00
6.596639999999999873e+02,9.777919000000000693e+00
6.596699999999999591e+02,9.509767999999999333e+00
6.596760000000000446e+02,1.115697899999999976e+01
6.596810000000000400e+02,1.027591299999999919e+01
6.596870000000000118e+02,9.050081999999999738e+00
6.596929999999999836e+02,9.892841000000000662e+00
6.596989999999999554e+02,1.029506699999999952e+01
6.597039999999999509e+02,9.911993999999999971e+00
6.597160000000000082e+02,1.048660300000000056e+01
6.597219999999999800e+02,1.034295099999999934e+01
6.597279999999999518e+02,9.289502000000000592e+00
6.597329999999999472e+02,1.011310699999999940e+01
6.597390000000000327e+02,1.013226099999999974e+01
6.597450000000000045e+02,9.643843999999999639e+00
6.597509999999999764e+02,1.008437699999999992e+01
6.597569999999999482e+02,1.003649300000000011e+01
6.597630000000000337e+02,9.758765000000000356e+00
6.597680000000000291e+02,9.844957000000000846e+00
6.597740000000000009e+02,1.018014499999999956e+01
6.597799999999999727e+02,9.739611999999999270e+00
6.597859999999999445e+02,9.873687000000000324e+00
6.597910000000000537e+02,1.020887500000000081e+01
6.597970000000000255e+02,9.768342000000000525e+00
6.598029999999999973e+02,9.911993999999999971e+00
6.598089999999999691e+02,1.005564599999999942e+01
6.598150000000000546e+02,9.911993999999999971e+00
6.598200000000000500e+02,9.931148000000000309e+00
6.598260000000000218e+02,9.969454999999999956e+00
6.598310000000000173e+02,1.001733899999999977e+01
6.598369999999999891e+02,9.835380000000000678e+00
6.598429999999999609e+02,9.873687000000000324e+00
6.598490000000000464e+02,1.010353100000000026e+01
6.598540000000000418e+02,9.892841000000000662e+00
6.598600000000000136e+02,9.969454999999999956e+00
6.598659999999999854e+02,1.006522299999999959e+01
6.598719999999999573e+02,9.854533999999999239e+00
6.598769999999999527e+02,9.835380000000000678e+00
6.598830000000000382e+02,1.007479999999999976e+01
6.598890000000000100e+02,9.921571000000000140e+00
6.598949999999999818e+02,9.940725000000000477e+00
6.599009999999999536e+02,9.969454999999999956e+00
6.599059999999999491e+02,9.950302000000000646e+00
6.599170000000000300e+02,9.959877999999999787e+00
6.599230000000000018e+02,9.921571000000000140e+00
6.599289999999999736e+02,9.902418000000000831e+00
6.599349999999999454e+02,1.009395400000000009e+01
6.599400000000000546e+02,1.003649300000000011e+01
6.599460000000000264e+02,9.911993999999999971e+00
6.599519999999999982e+02,1.001733899999999977e+01
6.599579999999999700e+02,9.883264000000000493e+00
6.599629999999999654e+02,9.988609000000000293e+00
6.599690000000000509e+02,9.969454999999999956e+00
6.599750000000000227e+02,9.854533999999999239e+00
6.599800000000000182e+02,1.001733899999999977e+01
6.599859999999999900e+02,9.844957000000000846e+00
6.599919999999999618e+02,1.000776199999999960e+01
6.599980000000000473e+02,9.959877999999999787e+00
6.600030000000000427e+02,9.931148000000000309e+00
6.600090000000000146e+02,9.902418000000000831e+00
6.600149999999999864e+02,9.931148000000000309e+00
6.600209999999999582e+02,9.864110000000000156e+00
6.600259999999999536e+02,9.892841000000000662e+00
6.600320000000000391e+02,9.998186000000000462e+00
6.600370000000000346e+02,9.883264000000000493e+00
6.600430000000000064e+02,9.950302000000000646e+00
6.600489999999999782e+02,9.959877999999999787e+00
6.600549999999999500e+02,9.883264000000000493e+00
6.600599999999999454e+02,1.004607000000000028e+01
6.600660000000000309e+02,9.835380000000000678e+00
6.600720000000000027e+02,9.864110000000000156e+00
6.600779999999999745e+02,9.998186000000000462e+00
6.600829999999999700e+02,9.873687000000000324e+00
6.600890000000000555e+02,1.002691599999999994e+01
6.600950000000000273e+02,9.969454999999999956e+00
6.601000000000000227e+02,9.969454999999999956e+00
6.601059999999999945e+02,9.998186000000000462e+00
6.601169999999999618e+02,9.969454999999999956e+00
6.601230000000000473e+02,1.001733899999999977e+01
6.601349999999999909e+02,9.911993999999999971e+00
6.601399999999999864e+02,1.002691599999999994e+01
6.601459999999999582e+02,9.998186000000000462e+00
6.601520000000000437e+02,9.950302000000000646e+00
6.601580000000000155e+02,9.950302000000000646e+00
6.601630000000000109e+02,9.979032000000000124e+00
6.601689999999999827e+02,9.873687000000000324e+00
6.601749999999999545e+02,1.000776199999999960e+01
6.601799999999999500e+02,9.959877999999999787e+00
6.601860000000000355e+02,9.911993999999999971e+00
6.601920000000000073e+02,9.931148000000000309e+00
6.601979999999999791e+02,9.959877999999999787e+00
6.602029999999999745e+02,9.873687000000000324e+00
6.602089999999999463e+02,9.998186000000000462e+00
6.602150000000000318e+02,9.940725000000000477e+00
6.602200000000000273e+02,1.002691599999999994e+01
6.602259999999999991e+02,9.940725000000000477e+00
6.602319999999999709e+02,9.931148000000000309e+00
6.602369999999999663e+02,9.873687000000000324e+00
6.602430000000000518e+02,9.911993999999999971e+00
6.602490000000000236e+02,9.873687000000000324e+00
6.602549999999999955e+02,9.969454999999999956e+00
6.602599999999999909e+02,9.931148000000000309e+00
6.602659999999999627e+02,9.959877999999999787e+00
6.602720000000000482e+02,9.787496000000000862e+00
6.602780000000000200e+02,8.992620999999999754e+00
6.602830000000000155e+02,1.155920500000000040e+01
6.602889999999999873e+02,1.146343700000000076e+01
6.602949999999999591e+02,5.918465999999999561e+00
6.602999999999999545e+02,1.108994200000000063e+01
6.603060000000000400e+02,1.053448700000000038e+01
6.603120000000000118e+02,9.615112999999999133e+00
6.603179999999999836e+02,8.829814999999999969e+00
6.603239999999999554e+02,9.011775000000000091e+00
6.603289999999999509e+02,1.242111799999999988e+01
6.603360000000000127e+02,7.307102999999999682e+00
6.603410000000000082e+02,9.787496000000000862e+00
6.603469999999999800e+02,1.142512999999999934e+01
6.603529999999999518e+02,8.465897000000000006e+00
6.603590000000000373e+02,1.037168100000000059e+01
6.603650000000000091e+02,1.031422000000000061e+01
6.603700000000000045e+02,9.500192000000000192e+00
6.603759999999999764e+02,9.854533999999999239e+00
6.603819999999999482e+02,1.009395400000000009e+01
6.603880000000000337e+02,1.020887500000000081e+01
6.603940000000000055e+02,9.615112999999999133e+00
6.603990000000000009e+02,1.040998800000000024e+01
6.604049999999999727e+02,9.720458000000000709e+00
6.604109999999999445e+02,9.615112999999999133e+00
6.604170000000000300e+02,1.028548999999999936e+01
6.604220000000000255e+02,9.921571000000000140e+00
6.604279999999999973e+02,9.844957000000000846e+00
6.604339999999999691e+02,9.988609000000000293e+00
6.604389999999999645e+02,9.902418000000000831e+00
6.604450000000000500e+02,1.002691599999999994e+01
6.604510000000000218e+02,9.911993999999999971e+00
6.604569999999999936e+02,9.979032000000000124e+00
6.604619999999999891e+02,1.020887500000000081e+01
6.604679999999999609e+02,9.672573999999999117e+00
6.604740000000000464e+02,1.001733899999999977e+01
6.604800000000000182e+02,1.008437699999999992e+01
6.604850000000000136e+02,9.576805999999999486e+00
6.604909999999999854e+02,1.016099099999999922e+01
6.604969999999999573e+02,9.940725000000000477e+00
6.605030000000000427e+02,9.816226000000000340e+00
6.605090000000000146e+02,1.004607000000000028e+01
6.605140000000000100e+02,9.883264000000000493e+00
6.605199999999999818e+02,1.001733899999999977e+01
6.605259999999999536e+02,9.787496000000000862e+00
6.605370000000000346e+02,1.001733899999999977e+01
6.605430000000000064e+02,9.749188999999999439e+00
6.605489999999999782e+02,1.015141500000000008e+01
6.605549999999999500e+02,9.864110000000000156e+00
6.605610000000000355e+02,9.931148000000000309e+00
6.605660000000000309e+02,1.004607000000000028e+01
6.605720000000000027e+02,9.835380000000000678e+00
6.605769999999999982e+02,9.988609000000000293e+00
6.605829999999999700e+02,9.931148000000000309e+00
6.605890000000000555e+02,1.001733899999999977e+01
6.605950000000000273e+02,9.883264000000000493e+00
6.606000000000000227e+02,9.911993999999999971e+00
6.606059999999999945e+02,1.004607000000000028e+01
6.606119999999999663e+02,9.854533999999999239e+00
6.606180000000000518e+02,9.969454999999999956e+00
6.606230000000000473e+02,1.003649300000000011e+01
6.606290000000000191e+02,9.835380000000000678e+00
6.606349999999999909e+02,9.969454999999999956e+00
6.606409999999999627e+02,9.969454999999999956e+00
6.606459999999999582e+02,9.940725000000000477e+00
6.606520000000000437e+02,9.921571000000000140e+00
6.606580000000000155e+02,9.979032000000000124e+00
6.606630000000000109e+02,9.931148000000000309e+00
6.606689999999999827e+02,9.959877999999999787e+00
6.606749999999999545e+02,9.998186000000000462e+00
6.606810000000000400e+02,9.940725000000000477e+00
6.606860000000000355e+02,9.969454999999999956e+00
6.606920000000000073e+02,9.911993999999999971e+00
6.606970000000000027e+02,9.921571000000000140e+00
6.607029999999999745e+02,9.969454999999999956e+00
6.607089999999999463e+02,9.988609000000000293e+00
6.607150000000000318e+02,9.959877999999999787e+00
6.607200000000000273e+02,9.959877999999999787e+00
6.607259999999999991e+02,9.931148000000000309e+00
6.607319999999999709e+02,9.940725000000000477e+00
6.607369999999999663e+02,9.979032000000000124e+00
6.607430000000000518e+02,9.931148000000000309e+00
6.607490000000000236e+02,1.001733899999999977e+01
6.607540000000000191e+02,9.931148000000000309e+00
6.607599999999999909e+02,9.892841000000000662e+00
6.607659999999999627e+02,1.002691599999999994e+01
6.607720000000000482e+02,9.911993999999999971e+00
6.607770000000000437e+02,9.892841000000000662e+00
6.607830000000000155e+02,9.816226000000000340e+00
6.607889999999999873e+02,9.404424000000000561e+00
6.607949999999999591e+02,1.014183799999999991e+01
6.607999999999999545e+02,1.329260700000000028e+01
6.608060000000000400e+02,8.101978000000000790e+00
6.608120000000000118e+02,8.714893999999999252e+00
6.608179999999999836e+02,1.134851500000000080e+01
6.608239999999999554e+02,1.017056799999999939e+01
6.608289999999999509e+02,9.509767999999999333e+00
6.608350000000000364e+02,8.944736999999999938e+00
6.608410000000000082e+02,1.154962800000000023e+01
6.608469999999999800e+02,9.825803000000000509e+00
6.608529999999999518e+02,8.561664999999999637e+00
6.608579999999999472e+02,1.121443999999999974e+01
6.608640000000000327e+02,9.749188999999999439e+00
6.608700000000000045e+02,9.193733999999999185e+00
6.608759999999999764e+02,1.065898499999999949e+01
6.608809999999999718e+02,9.921571000000000140e+00
6.608869999999999436e+02,9.643843999999999639e+00
6.608930000000000291e+02,1.017056799999999939e+01
6.608990000000000009e+02,1.029506699999999952e+01
6.609049999999999727e+02,9.500192000000000192e+00
6.609099999999999682e+02,9.844957000000000846e+00
6.609160000000000537e+02,1.035252700000000026e+01
6.609220000000000255e+02,9.682150999999999286e+00
6.609279999999999973e+02,9.892841000000000662e+00
6.609339999999999691e+02,1.018014499999999956e+01
6.609389999999999645e+02,9.825803000000000509e+00
6.609450000000000500e+02,9.931148000000000309e+00
6.609510000000000218e+02,1.000776199999999960e+01
6.609569999999999936e+02,9.883264000000000493e+00
6.609619999999999891e+02,9.854533999999999239e+00
6.609679999999999609e+02,9.988609000000000293e+00
6.609740000000000464e+02,1.006522299999999959e+01
6.609790000000000418e+02,9.902418000000000831e+00
6.609850000000000136e+02,9.883264000000000493e+00
6.609909999999999854e+02,1.005564599999999942e+01
6.609969999999999573e+02,9.816226000000000340e+00
6.610019999999999527e+02,9.902418000000000831e+00
6.610080000000000382e+02,1.008437699999999992e+01
6.610140000000000100e+02,9.931148000000000309e+00
6.610199999999999818e+02,9.950302000000000646e+00
6.610249999999999773e+02,1.000776199999999960e+01
6.610309999999999491e+02,9.998186000000000462e+00
6.610370000000000346e+02,9.883264000000000493e+00
6.610430000000000064e+02,9.969454999999999956e+00
6.610480000000000018e+02,1.006522299999999959e+01
6.610539999999999736e+02,9.787496000000000862e+00
6.610599999999999454e+02,1.002691599999999994e+01
6.610660000000000309e+02,1.004607000000000028e+01
6.610710000000000264e+02,9.864110000000000156e+00
6.610769999999999982e+02,9.979032000000000124e+00
6.610829999999999700e+02,9.921571000000000140e+00
6.610879999999999654e+02,9.902418000000000831e+00
6.610940000000000509e+02,9.911993999999999971e+00
6.611000000000000227e+02,9.988609000000000293e+00
6.611059999999999945e+02,9.979032000000000124e+00
6.611109999999999900e+02,9.892841000000000662e+00
6.611169999999999618e+02,9.892841000000000662e+00
6.611230000000000473e+02,9.921571000000000140e+00
6.611280000000000427e+02,9.902418000000000831e+00
6.611340000000000146e+02,1.006522299999999959e+01
6.611459999999999582e+02,9.931148000000000309e+00
6.611509999999999536e+02,9.940725000000000477e+00
6.611570000000000391e+02,9.940725000000000477e+00
6.611630000000000109e+02,9.921571000000000140e+00
6.611689999999999827e+02,9.931148000000000309e+00
6.611739999999999782e+02,1.006522299999999959e+01
6.611799999999999500e+02,9.931148000000000309e+00
6.611860000000000355e+02,9.931148000000000309e+00
6.611910000000000309e+02,1.000776199999999960e+01
6.611970000000000027e+02,9.921571000000000140e+00
6.612029999999999745e+02,1.003649300000000011e+01
6.612089999999999463e+02,9.969454999999999956e+00
6.612140000000000555e+02,9.883264000000000493e+00
6.612200000000000273e+02,9.931148000000000309e+00
6.612259999999999991e+02,9.979032000000000124e+00
6.612309999999999945e+02,9.902418000000000831e+00
6.612369999999999663e+02,9.940725000000000477e+00
6.612430000000000518e+02,9.998186000000000462e+00
6.612490000000000236e+02,9.969454999999999956e+00
6.612540000000000191e+02,9.940725000000000477e+00
6.612599999999999909e+02,9.921571000000000140e+00
6.612649999999999864e+02,1.004607000000000028e+01
6.612709999999999582e+02,9.940725000000000477e+00
6.612770000000000437e+02,9.969454999999999956e+00
6.612830000000000155e+02,9.979032000000000124e+00
6.612880000000000109e+02,1.000776199999999960e+01
6.612939999999999827e+02,9.911993999999999971e+00
6.612999999999999545e+02,9.979032000000000124e+00
6.613060000000000400e+02,9.979032000000000124e+00
6.613120000000000118e+02,9.959877999999999787e+00
6.613170000000000073e+02,9.950302000000000646e+00
6.613229999999999791e+02,9.911993999999999971e+00
6.613279999999999745e+02,9.940725000000000477e+00
6.613339999999999463e+02,9.892841000000000662e+00
6.613460000000000036e+02,9.921571000000000140e+00
6.613509999999999991e+02,1.002691599999999994e+01
6.613569999999999709e+02,9.950302000000000646e+00
6.613630000000000564e+02,9.959877999999999787e+00
6.613680000000000518e+02,9.950302000000000646e+00
6.613740000000000236e+02,9.940725000000000477e+00
6.613799999999999955e+02,9.921571000000000140e+00
6.613849999999999909e+02,1.001733899999999977e+01
6.613909999999999627e+02,9.940725000000000477e+00
6.613970000000000482e+02,9.931148000000000309e+00
6.614030000000000200e+02,9.931148000000000309e+00
6.614080000000000155e+02,9.911993999999999971e+00
6.614139999999999873e+02,9.911993999999999971e+00
6.614199999999999591e+02,9.959877999999999787e+00
6.614260000000000446e+02,9.940725000000000477e+00
6.614310000000000400e+02,9.873687000000000324e+00
6.614370000000000118e+02,9.940725000000000477e+00
6.614420000000000073e+02,9.931148000000000309e+00
6.614479999999999791e+02,9.969454999999999956e+00
6.614539999999999509e+02,9.950302000000000646e+00
6.614600000000000364e+02,9.911993999999999971e+00
6.614650000000000318e+02,9.969454999999999956e+00
6.614710000000000036e+02,9.940725000000000477e+00
6.614769999999999754e+02,9.940725000000000477e+00
6.614819999999999709e+02,9.892841000000000662e+00
6.614880000000000564e+02,9.921571000000000140e+00
6.614940000000000282e+02,9.835380000000000678e+00
6.614990000000000236e+02,9.452308000000000376e+00
6.615049999999999955e+02,9.452308000000000376e+00
6.615109999999999673e+02,1.435563299999999920e+01
6.615170000000000528e+02,6.924031000000000269e+00
6.615220000000000482e+02,7.651868000000000336e+00
6.615280000000000200e+02,1.148259099999999933e+01
6.615339999999999918e+02,1.086967500000000086e+01
6.615399999999999636e+02,9.251194999999999169e+00
6.615460000000000491e+02,8.111554999999999183e+00
6.615510000000000446e+02,1.289038099999999964e+01
6.615570000000000164e+02,9.002197999999999922e+00
6.615629999999999882e+02,8.580818000000000723e+00
6.615689999999999600e+02,1.193270099999999978e+01
6.615750000000000455e+02,9.193733999999999185e+00
6.615800000000000409e+02,9.481037999999999855e+00
6.615860000000000127e+02,1.018972199999999972e+01
6.615919999999999845e+02,9.873687000000000324e+00
6.615979999999999563e+02,9.864110000000000156e+00
6.616040000000000418e+02,9.586382999999999655e+00
6.616090000000000373e+02,1.039083499999999916e+01
6.616150000000000091e+02,9.758765000000000356e+00
6.616209999999999809e+02,9.950302000000000646e+00
6.616269999999999527e+02,1.003649300000000011e+01
6.616319999999999482e+02,9.835380000000000678e+00
6.616380000000000337e+02,1.015141500000000008e+01
6.616440000000000055e+02,9.720458000000000709e+00
6.616499999999999773e+02,9.998186000000000462e+00
6.616549999999999727e+02,1.023760599999999954e+01
6.616609999999999445e+02,9.605536999999999992e+00
6.616670000000000300e+02,1.004607000000000028e+01
6.616730000000000018e+02,1.009395400000000009e+01
6.616789999999999736e+02,9.768342000000000525e+00
6.616849999999999454e+02,9.959877999999999787e+00
6.616900000000000546e+02,1.002691599999999994e+01
6.616960000000000264e+02,1.005564599999999942e+01
6.617019999999999982e+02,9.825803000000000509e+00
6.617069999999999936e+02,1.001733899999999977e+01
6.617129999999999654e+02,9.950302000000000646e+00
6.617190000000000509e+02,9.902418000000000831e+00
6.617240000000000464e+02,9.998186000000000462e+00
6.617300000000000182e+02,1.000776199999999960e+01
6.617359999999999900e+02,9.988609000000000293e+00
6.617419999999999618e+02,9.959877999999999787e+00
6.617480000000000473e+02,9.902418000000000831e+00
6.617530000000000427e+02,9.883264000000000493e+00
6.617590000000000146e+02,9.969454999999999956e+00
6.617649999999999864e+02,9.940725000000000477e+00
6.617699999999999818e+02,9.931148000000000309e+00
6.617759999999999536e+02,1.003649300000000011e+01
6.617820000000000391e+02,9.892841000000000662e+00
6.617870000000000346e+02,9.998186000000000462e+00
6.617930000000000064e+02,9.979032000000000124e+00
6.617989999999999782e+02,9.892841000000000662e+00
6.618049999999999500e+02,9.931148000000000309e+00
6.618099999999999454e+02,1.008437699999999992e+01
6.618160000000000309e+02,9.979032000000000124e+00
6.618220000000000027e+02,9.844957000000000846e+00
6.618269999999999982e+02,1.009395400000000009e+01
6.618329999999999700e+02,9.940725000000000477e+00
6.618390000000000555e+02,9.864110000000000156e+00
6.618440000000000509e+02,9.979032000000000124e+00
6.618500000000000227e+02,9.931148000000000309e+00
6.618559999999999945e+02,9.902418000000000831e+00
6.618619999999999663e+02,9.959877999999999787e+00
6.618669999999999618e+02,9.911993999999999971e+00
6.618730000000000473e+02,9.864110000000000156e+00
6.618790000000000191e+02,1.001733899999999977e+01
6.618840000000000146e+02,1.001733899999999977e+01
6.618909999999999627e+02,9.844957000000000846e+00
6.618959999999999582e+02,9.883264000000000493e+00
6.619020000000000437e+02,1.001733899999999977e+01
6.619070000000000391e+02,9.911993999999999971e+00
6.619130000000000109e+02,9.950302000000000646e+00
6.619189999999999827e+02,9.950302000000000646e+00
6.619249999999999545e+02,9.950302000000000646e+00
6.619299999999999500e+02,9.950302000000000646e+00
6.619360000000000355e+02,9.902418000000000831e+00
6.619420000000000073e+02,1.000776199999999960e+01
6.619529999999999745e+02,9.979032000000000124e+00
6.619589999999999463e+02,1.001733899999999977e+01
6.619650000000000318e+02,9.864110000000000156e+00
6.619700000000000273e+02,9.931148000000000309e+00
6.619759999999999991e+02,1.005564599999999942e+01
6.619819999999999709e+02,9.911993999999999971e+00
6.619880000000000564e+02,1.002691599999999994e+01
6.619930000000000518e+02,1.003649300000000011e+01
6.619990000000000236e+02,9.854533999999999239e+00
6.620049999999999955e+02,9.998186000000000462e+00
6.620109999999999673e+02,9.969454999999999956e+00
6.620159999999999627e+02,9.950302000000000646e+00
6.620220000000000482e+02,9.940725000000000477e+00
6.620280000000000200e+02,9.940725000000000477e+00
6.620339999999999918e+02,9.892841000000000662e+00
6.620389999999999873e+02,9.931148000000000309e+00
6.620449999999999591e+02,9.969454999999999956e+00
6.620499999999999545e+02,9.921571000000000140e+00
6.620560000000000400e+02,9.950302000000000646e+00
6.620620000000000118e+02,9.921571000000000140e+00
6.620679999999999836e+02,9.959877999999999787e+00
6.620729999999999791e+02,9.931148000000000309e+00
6.620789999999999509e+02,9.864110000000000156e+00
6.620850000000000364e+02,9.950302000000000646e+00
6.620910000000000082e+02,9.864110000000000156e+00
6.620960000000000036e+02,9.490615000000000023e+00
6.621019999999999754e+02,8.130708000000000268e+00
6.621069999999999709e+02,1.335006800000000027e+01
6.621130000000000564e+02,1.103248100000000065e+01
6.621190000000000282e+02,7.144296999999999898e+00
6.621250000000000000e+02,1.033337399999999917e+01
6.621309999999999718e+02,1.206677600000000083e+01
6.621369999999999436e+02,9.969454999999999956e+00
6.621420000000000528e+02,6.991068000000000282e+00
6.621539999999999964e+02,1.143470699999999951e+01
6.621599999999999682e+02,6.837838999999999778e+00
6.621660000000000537e+02,1.108994200000000063e+01
6.621720000000000255e+02,1.024718299999999971e+01
6.621779999999999973e+02,9.423576999999999870e+00
6.621829999999999927e+02,9.911993999999999971e+00
6.621889999999999645e+02,1.006522299999999959e+01
6.621950000000000500e+02,1.036210400000000043e+01
6.622010000000000218e+02,9.270348000000000255e+00
6.622069999999999936e+02,1.054406400000000055e+01
6.622119999999999891e+02,1.012268399999999957e+01
6.622179999999999609e+02,9.653420999999999808e+00
6.622240000000000464e+02,1.010353100000000026e+01
6.622300000000000182e+02,1.018014499999999956e+01
6.622359999999999900e+02,9.691727999999999454e+00
6.622419999999999618e+02,9.730035000000000878e+00
6.622469999999999573e+02,1.042914200000000058e+01
6.622530000000000427e+02,9.624689999999999301e+00
6.622590000000000146e+02,9.777919000000000693e+00
6.622649999999999864e+02,1.008437699999999992e+01
6.622709999999999582e+02,9.854533999999999239e+00
6.622759999999999536e+02,9.844957000000000846e+00
6.622820000000000391e+02,1.005564599999999942e+01
6.622880000000000109e+02,1.004607000000000028e+01
6.622930000000000064e+02,9.825803000000000509e+00
6.622989999999999782e+02,1.009395400000000009e+01
6.623049999999999500e+02,9.883264000000000493e+00
6.623110000000000355e+02,9.768342000000000525e+00
6.623170000000000073e+02,1.010353100000000026e+01
6.623220000000000027e+02,1.003649300000000011e+01
6.623279999999999745e+02,9.787496000000000862e+00
6.623339999999999463e+02,9.854533999999999239e+00
6.623400000000000318e+02,9.988609000000000293e+00
6.623450000000000273e+02,9.988609000000000293e+00
6.623509999999999991e+02,9.864110000000000156e+00
6.623569999999999709e+02,9.931148000000000309e+00
6.623619999999999663e+02,9.883264000000000493e+00
6.623680000000000518e+02,9.864110000000000156e+00
6.623740000000000236e+02,1.003649300000000011e+01
6.623790000000000191e+02,9.911993999999999971e+00
6.623849999999999909e+02,9.988609000000000293e+00
6.623909999999999627e+02,9.911993999999999971e+00
6.623970000000000482e+02,9.892841000000000662e+00
6.624020000000000437e+02,9.854533999999999239e+00
6.624080000000000155e+02,1.005564599999999942e+01
6.624139999999999873e+02,9.902418000000000831e+00
6.624189999999999827e+02,9.883264000000000493e+00
6.624249999999999545e+02,1.000776199999999960e+01
6.624310000000000400e+02,9.892841000000000662e+00
6.624370000000000118e+02,9.979032000000000124e+00
6.624420000000000073e+02,9.940725000000000477e+00
6.624479999999999791e+02,9.969454999999999956e+00
6.624539999999999509e+02,9.969454999999999956e+00
6.624600000000000364e+02,9.911993999999999971e+00
6.624650000000000318e+02,9.950302000000000646e+00
6.624710000000000036e+02,9.959877999999999787e+00
6.624759999999999991e+02,9.969454999999999956e+00
6.624819999999999709e+02,9.883264000000000493e+00
6.624880000000000564e+02,9.835380000000000678e+00
6.624940000000000282e+02,9.979032000000000124e+00
6.624990000000000236e+02,9.931148000000000309e+00
6.625049999999999955e+02,1.005564599999999942e+01
6.625109999999999673e+02,9.950302000000000646e+00
6.625159999999999627e+02,9.787496000000000862e+00
6.625220000000000482e+02,9.998186000000000462e+00
6.625280000000000200e+02,9.940725000000000477e+00
6.625339999999999918e+02,9.854533999999999239e+00
6.625389999999999873e+02,1.005564599999999942e+01
6.625449999999999591e+02,1.000776199999999960e+01
6.625510000000000446e+02,9.797072999999999254e+00
6.625570000000000164e+02,1.009395400000000009e+01
6.625620000000000118e+02,9.902418000000000831e+00
6.625679999999999836e+02,9.921571000000000140e+00
6.625739999999999554e+02,1.008437699999999992e+01
6.625800000000000409e+02,9.854533999999999239e+00
6.625850000000000364e+02,9.854533999999999239e+00
6.625910000000000082e+02,9.969454999999999956e+00
6.625969999999999800e+02,9.931148000000000309e+00
6.626019999999999754e+02,9.911993999999999971e+00
6.626079999999999472e+02,9.969454999999999956e+00
6.626140000000000327e+02,9.998186000000000462e+00
6.626190000000000282e+02,9.950302000000000646e+00
6.626250000000000000e+02,1.000776199999999960e+01
6.626309999999999718e+02,1.003649300000000011e+01
6.626369999999999436e+02,9.864110000000000156e+00
6.626430000000000291e+02,9.969454999999999956e+00
6.626480000000000246e+02,9.940725000000000477e+00
6.626539999999999964e+02,9.940725000000000477e+00
6.626599999999999682e+02,1.002691599999999994e+01
6.626660000000000537e+02,9.979032000000000124e+00
6.626710000000000491e+02,9.892841000000000662e+00
6.626770000000000209e+02,9.969454999999999956e+00
6.626820000000000164e+02,9.969454999999999956e+00
6.626879999999999882e+02,9.854533999999999239e+00
6.626939999999999600e+02,9.959877999999999787e+00
6.627000000000000455e+02,9.864110000000000156e+00
6.627050000000000409e+02,1.005564599999999942e+01
6.627110000000000127e+02,9.969454999999999956e+00
6.627169999999999845e+02,9.873687000000000324e+00
6.627229999999999563e+02,9.969454999999999956e+00
6.627279999999999518e+02,9.998186000000000462e+00
6.627340000000000373e+02,9.864110000000000156e+00
6.627400000000000091e+02,9.998186000000000462e+00
6.627450000000000045e+02,9.758765000000000356e+00
6.627509999999999764e+02,9.270348000000000255e+00
6.627569999999999482e+02,1.127190099999999973e+01
6.627619999999999436e+02,1.308191700000000068e+01
6.627740000000000009e+02,1.090798200000000051e+01
6.627799999999999727e+02,1.137724599999999953e+01
6.627859999999999445e+02,9.509767999999999333e+00
6.627920000000000300e+02,9.088388999999999385e+00
6.627980000000000018e+02,9.423576999999999870e+00
6.628029999999999973e+02,1.199016100000000051e+01
6.628089999999999691e+02,8.264784000000000574e+00
6.628150000000000546e+02,1.001733899999999977e+01
6.628210000000000264e+02,1.158793599999999913e+01
6.628269999999999982e+02,8.791508000000000322e+00
6.628329999999999700e+02,1.026633600000000079e+01
6.628379999999999654e+02,1.050575599999999987e+01
6.628440000000000509e+02,9.797072999999999254e+00
6.628500000000000227e+02,9.538498999999999839e+00
6.628559999999999945e+02,1.056321699999999986e+01
6.628609999999999900e+02,1.025675900000000063e+01
6.628669999999999618e+02,9.394847000000000392e+00
6.628730000000000473e+02,1.044829599999999914e+01
6.628790000000000191e+02,9.940725000000000477e+00
6.628849999999999909e+02,9.691727999999999454e+00
6.628899999999999864e+02,1.016099099999999922e+01
6.628959999999999582e+02,9.959877999999999787e+00
6.629020000000000437e+02,9.873687000000000324e+00
6.629080000000000155e+02,1.003649300000000011e+01
6.629139999999999873e+02,9.892841000000000662e+00
6.629189999999999827e+02,9.969454999999999956e+00
6.629249999999999545e+02,9.892841000000000662e+00
6.629310000000000400e+02,9.835380000000000678e+00
6.629360000000000355e+02,1.021845199999999920e+01
6.629420000000000073e+02,9.691727999999999454e+00
6.629479999999999791e+02,9.988609000000000293e+00
6.629539999999999509e+02,1.023760599999999954e+01
6.629589999999999463e+02,9.557653000000000176e+00
6.629650000000000318e+02,1.025675900000000063e+01
6.629710000000000036e+02,9.892841000000000662e+00
6.629769999999999754e+02,9.921571000000000140e+00
6.629819999999999709e+02,9.950302000000000646e+00
6.629880000000000564e+02,9.931148000000000309e+00
6.629940000000000282e+02,1.007479999999999976e+01
6.629990000000000236e+02,9.758765000000000356e+00
6.630049999999999955e+02,1.000776199999999960e+01
6.630109999999999673e+02,9.959877999999999787e+00
6.630170000000000528e+02,9.710881000000000540e+00
6.630220000000000482e+02,1.018972199999999972e+01
6.630280000000000200e+02,9.950302000000000646e+00
6.630339999999999918e+02,9.883264000000000493e+00
6.630389999999999873e+02,1.002691599999999994e+01
6.630449999999999591e+02,9.883264000000000493e+00
6.630510000000000446e+02,9.979032000000000124e+00
6.630570000000000164e+02,9.921571000000000140e+00
6.630629999999999882e+02,1.001733899999999977e+01
6.630679999999999836e+02,9.931148000000000309e+00
6.630739999999999554e+02,9.931148000000000309e+00
6.630800000000000409e+02,9.950302000000000646e+00
6.630850000000000364e+02,9.931148000000000309e+00
6.630910000000000082e+02,9.959877999999999787e+00
6.630969999999999800e+02,9.940725000000000477e+00
6.631019999999999754e+02,9.768342000000000525e+00
6.631079999999999472e+02,1.011310699999999940e+01
6.631140000000000327e+02,9.873687000000000324e+00
6.631200000000000045e+02,1.001733899999999977e+01
6.631250000000000000e+02,9.749188999999999439e+00
6.631309999999999718e+02,1.007479999999999976e+01
6.631369999999999436e+02,1.012268399999999957e+01
6.631430000000000291e+02,9.720458000000000709e+00
6.631490000000000009e+02,1.017056799999999939e+01
6.631539999999999964e+02,1.003649300000000011e+01
6.631599999999999682e+02,9.825803000000000509e+00
6.631660000000000537e+02,1.006522299999999959e+01
6.631720000000000255e+02,9.940725000000000477e+00
6.631829999999999927e+02,9.998186000000000462e+00
6.631879999999999882e+02,9.950302000000000646e+00
6.631939999999999600e+02,9.931148000000000309e+00
6.632000000000000455e+02,9.950302000000000646e+00
6.632060000000000173e+02,9.892841000000000662e+00
6.632110000000000127e+02,1.002691599999999994e+01
6.632169999999999845e+02,9.959877999999999787e+00
6.632229999999999563e+02,9.988609000000000293e+00
6.632290000000000418e+02,9.979032000000000124e+00
6.632350000000000136e+02,9.902418000000000831e+00
6.632400000000000091e+02,1.000776199999999960e+01
6.632459999999999809e+02,1.005564599999999942e+01
6.632519999999999527e+02,9.873687000000000324e+00
6.632569999999999482e+02,9.998186000000000462e+00
6.632630000000000337e+02,9.921571000000000140e+00
6.632690000000000055e+02,9.854533999999999239e+00
6.632740000000000009e+02,9.921571000000000140e+00
6.632799999999999727e+02,9.940725000000000477e+00
6.632859999999999445e+02,9.998186000000000462e+00
6.632920000000000300e+02,9.911993999999999971e+00
6.632970000000000255e+02,9.979032000000000124e+00
6.633029999999999973e+02,9.864110000000000156e+00
6.633089999999999691e+02,9.940725000000000477e+00
6.633139999999999645e+02,9.979032000000000124e+00
6.633200000000000500e+02,9.998186000000000462e+00
6.633260000000000218e+02,9.902418000000000831e+00
6.633310000000000173e+02,9.969454999999999956e+00
6.633369999999999891e+02,9.969454999999999956e+00
6.633429999999999609e+02,9.931148000000000309e+00
6.633490000000000464e+02,9.911993999999999971e+00
6.633540000000000418e+02,9.701304999999999623e+00
6.633600000000000136e+02,8.408436000000000021e+00
6.633650000000000091e+02,1.161666600000000038e+01
6.633709999999999809e+02,1.167412700000000036e+01
6.633769999999999527e+02,6.636726999999999599e+00
6.633830000000000382e+02,9.921571000000000140e+00
6.633890000000000100e+02,1.110909499999999994e+01
6.633949999999999818e+02,1.031422000000000061e+01
6.633999999999999773e+02,8.312668000000000390e+00
6.634059999999999491e+02,9.145849999999999369e+00
6.634120000000000346e+02,1.233492599999999939e+01
6.634180000000000064e+02,7.661444999999999617e+00
6.634239999999999782e+02,9.299079000000000761e+00
6.634289999999999736e+02,1.146343700000000076e+01
6.634349999999999454e+02,9.337386000000000408e+00
6.634410000000000309e+02,9.519344999999999501e+00
6.634470000000000027e+02,1.063025500000000001e+01
6.634529999999999745e+02,1.002691599999999994e+01
6.634589999999999463e+02,9.385270000000000223e+00
6.634640000000000555e+02,1.045787200000000006e+01
6.634700000000000273e+02,1.007479999999999976e+01
6.634759999999999991e+02,9.490615000000000023e+00
6.634819999999999709e+02,1.023760599999999954e+01
6.634880000000000564e+02,1.003649300000000011e+01
6.634940000000000282e+02,9.653420999999999808e+00
6.634990000000000236e+02,1.004607000000000028e+01
6.635049999999999955e+02,1.010353100000000026e+01
6.635109999999999673e+02,9.777919000000000693e+00
6.635170000000000528e+02,9.892841000000000662e+00
6.635230000000000246e+02,9.979032000000000124e+00
6.635280000000000200e+02,9.969454999999999956e+00
6.635339999999999918e+02,9.768342000000000525e+00
6.635399999999999636e+02,1.003649300000000011e+01
6.635460000000000491e+02,1.008437699999999992e+01
6.635510000000000446e+02,9.643843999999999639e+00
6.635570000000000164e+02,1.015141500000000008e+01
6.635629999999999882e+02,1.010353100000000026e+01
6.635689999999999600e+02,9.643843999999999639e+00
6.635750000000000455e+02,1.020887500000000081e+01
6.635800000000000409e+02,9.873687000000000324e+00
6.635860000000000127e+02,9.921571000000000140e+00
6.635919999999999845e+02,1.005564599999999942e+01
6.635979999999999563e+02,9.835380000000000678e+00
6.636029999999999518e+02,9.988609000000000293e+00
6.636090000000000373e+02,9.873687000000000324e+00
6.636150000000000091e+02,9.969454999999999956e+00
6.636200000000000045e+02,9.969454999999999956e+00
6.636259999999999764e+02,9.940725000000000477e+00
6.636319999999999482e+02,9.959877999999999787e+00
6.636369999999999436e+02,1.003649300000000011e+01
6.636430000000000291e+02,9.998186000000000462e+00
6.636490000000000009e+02,9.902418000000000831e+00
6.636549999999999727e+02,1.000776199999999960e+01
6.636609999999999445e+02,9.873687000000000324e+00
6.636660000000000537e+02,9.969454999999999956e+00
6.636720000000000255e+02,1.000776199999999960e+01
6.636779999999999973e+02,9.825803000000000509e+00
6.636829999999999927e+02,9.959877999999999787e+00
6.636889999999999645e+02,9.950302000000000646e+00
6.636950000000000500e+02,1.001733899999999977e+01
6.637010000000000218e+02,9.969454999999999956e+00
6.637060000000000173e+02,9.979032000000000124e+00
6.637119999999999891e+02,9.950302000000000646e+00
6.637179999999999609e+02,9.902418000000000831e+00
6.637229999999999563e+02,1.000776199999999960e+01
6.637290000000000418e+02,9.931148000000000309e+00
6.637350000000000136e+02,9.940725000000000477e+00
6.637409999999999854e+02,9.988609000000000293e+00
6.637469999999999573e+02,9.864110000000000156e+00
6.637519999999999527e+02,9.950302000000000646e+00
6.637580000000000382e+02,9.998186000000000462e+00
6.637630000000000337e+02,1.002691599999999994e+01
6.637690000000000055e+02,9.959877999999999787e+00
6.637749999999999773e+02,9.998186000000000462e+00
6.637809999999999491e+02,9.959877999999999787e+00
6.637859999999999445e+02,9.950302000000000646e+00
6.637920000000000300e+02,9.950302000000000646e+00
6.637980000000000018e+02,1.002691599999999994e+01
6.638039999999999736e+02,9.940725000000000477e+00
6.638089999999999691e+02,9.940725000000000477e+00
6.638150000000000546e+02,9.883264000000000493e+00
6.638210000000000264e+02,9.979032000000000124e+00
6.638260000000000218e+02,9.864110000000000156e+00
6.638319999999999936e+02,9.950302000000000646e+00
6.638379999999999654e+02,9.911993999999999971e+00
6.638429999999999609e+02,9.883264000000000493e+00
6.638490000000000464e+02,9.988609000000000293e+00
6.638550000000000182e+02,9.959877999999999787e+00
6.638609999999999900e+02,9.921571000000000140e+00
6.638659999999999854e+02,9.892841000000000662e+00
6.638719999999999573e+02,9.988609000000000293e+00
6.638769999999999527e+02,9.931148000000000309e+00
6.638830000000000382e+02,9.950302000000000646e+00
6.638890000000000100e+02,9.979032000000000124e+00
6.638949999999999818e+02,9.998186000000000462e+00
6.638999999999999773e+02,9.902418000000000831e+00
6.639059999999999491e+02,9.950302000000000646e+00
6.639120000000000346e+02,9.931148000000000309e+00
6.639170000000000300e+02,9.959877999999999787e+00
6.639230000000000018e+02,9.969454999999999956e+00
6.639289999999999736e+02,9.883264000000000493e+00
6.639339999999999691e+02,9.921571000000000140e+00
6.639400000000000546e+02,9.940725000000000477e+00
6.639460000000000264e+02,9.969454999999999956e+00
6.639519999999999982e+02,9.749188999999999439e+00
6.639569999999999936e+02,8.858546000000000475e+00
6.639629999999999654e+02,1.309149400000000085e+01
6.639690000000000509e+02,9.270348000000000255e+00
6.639740000000000464e+02,8.322243999999999531e+00
6.639800000000000182e+02,1.098459700000000083e+01
6.639859999999999900e+02,1.002691599999999994e+01
6.639919999999999618e+02,9.806649999999999423e+00
6.639980000000000473e+02,8.523357000000000738e+00
6.640040000000000191e+02,1.155920500000000040e+01
6.640090000000000146e+02,1.076432999999999929e+01
6.640149999999999864e+02,7.920018999999999920e+00
6.640209999999999582e+02,1.157835900000000073e+01
6.640270000000000437e+02,9.959877999999999787e+00
6.640330000000000155e+02,9.260771999999999338e+00
6.640380000000000109e+02,1.030464300000000044e+01
6.640439999999999827e+02,1.004607000000000028e+01
6.640499999999999545e+02,9.720458000000000709e+00
6.640560000000000400e+02,9.643843999999999639e+00
6.640620000000000118e+02,1.065898499999999949e+01
6.640670000000000073e+02,9.471460999999999686e+00
6.640729999999999791e+02,9.959877999999999787e+00
6.640789999999999509e+02,1.023760599999999954e+01
6.640850000000000364e+02,9.615112999999999133e+00
6.640910000000000082e+02,9.911993999999999971e+00
6.640960000000000036e+02,1.015141500000000008e+01
6.641019999999999754e+02,9.892841000000000662e+00
6.641079999999999472e+02,9.902418000000000831e+00
6.641140000000000327e+02,9.911993999999999971e+00
6.641200000000000045e+02,1.001733899999999977e+01
6.641250000000000000e+02,1.003649300000000011e+01
6.641309999999999718e+02,9.854533999999999239e+00
6.641369999999999436e+02,1.017056799999999939e+01
6.641430000000000291e+02,9.825803000000000509e+00
6.641480000000000246e+02,9.777919000000000693e+00
6.641539999999999964e+02,1.019929899999999989e+01
6.641599999999999682e+02,9.739611999999999270e+00
6.641649999999999636e+02,9.931148000000000309e+00
6.641710000000000491e+02,1.018972199999999972e+01
6.641770000000000209e+02,9.854533999999999239e+00
6.641829999999999927e+02,9.950302000000000646e+00
6.641879999999999882e+02,9.873687000000000324e+00
6.641939999999999600e+02,1.004607000000000028e+01
6.642000000000000455e+02,9.864110000000000156e+00
6.642060000000000173e+02,9.950302000000000646e+00
6.642110000000000127e+02,1.005564599999999942e+01
6.642169999999999845e+02,9.777919000000000693e+00
6.642229999999999563e+02,1.001733899999999977e+01
6.642290000000000418e+02,9.902418000000000831e+00
6.642340000000000373e+02,9.825803000000000509e+00
6.642400000000000091e+02,1.005564599999999942e+01
6.642459999999999809e+02,9.825803000000000509e+00
6.642519999999999527e+02,9.892841000000000662e+00
6.642569999999999482e+02,9.902418000000000831e+00
6.642630000000000337e+02,1.004607000000000028e+01
6.642690000000000055e+02,1.000776199999999960e+01
6.642740000000000009e+02,9.758765000000000356e+00
6.642799999999999727e+02,9.988609000000000293e+00
6.642859999999999445e+02,9.931148000000000309e+00
6.642920000000000300e+02,9.940725000000000477e+00
6.642970000000000255e+02,9.902418000000000831e+00
6.643029999999999973e+02,9.931148000000000309e+00
6.643089999999999691e+02,9.854533999999999239e+00
6.643139999999999645e+02,9.969454999999999956e+00
6.643200000000000500e+02,9.979032000000000124e+00
6.643260000000000218e+02,9.892841000000000662e+00
6.643310000000000173e+02,9.979032000000000124e+00
6.643369999999999891e+02,9.979032000000000124e+00
6.643429999999999609e+02,9.911993999999999971e+00
6.643490000000000464e+02,9.892841000000000662e+00
6.643540000000000418e+02,9.940725000000000477e+00
6.643600000000000136e+02,9.969454999999999956e+00
6.643659999999999854e+02,9.979032000000000124e+00
6.643709999999999809e+02,9.959877999999999787e+00
6.643769999999999527e+02,9.921571000000000140e+00
6.643830000000000382e+02,9.873687000000000324e+00
6.643880000000000337e+02,9.998186000000000462e+00
6.643940000000000055e+02,1.004607000000000028e+01
6.643999999999999773e+02,9.950302000000000646e+00
6.644059999999999491e+02,1.004607000000000028e+01
6.644120000000000346e+02,9.959877999999999787e+00
6.644170000000000300e+02,9.892841000000000662e+00
6.644230000000000018e+02,9.988609000000000293e+00
6.644279999999999973e+02,9.979032000000000124e+00
6.644339999999999691e+02,9.892841000000000662e+00
6.644400000000000546e+02,9.931148000000000309e+00
6.644460000000000264e+02,9.998186000000000462e+00
6.644510000000000218e+02,9.864110000000000156e+00
6.644569999999999936e+02,9.892841000000000662e+00
6.644629999999999654e+02,9.950302000000000646e+00
6.644690000000000509e+02,9.940725000000000477e+00
6.644740000000000464e+02,9.902418000000000831e+00
6.644800000000000182e+02,9.931148000000000309e+00
6.644850000000000136e+02,9.969454999999999956e+00
6.644909999999999854e+02,9.921571000000000140e+00
6.644969999999999573e+02,9.902418000000000831e+00
6.645030000000000427e+02,1.000776199999999960e+01
6.645080000000000382e+02,9.921571000000000140e+00
6.645140000000000100e+02,9.931148000000000309e+00
6.645199999999999818e+02,9.979032000000000124e+00
6.645249999999999773e+02,9.911993999999999971e+00
6.645309999999999491e+02,9.969454999999999956e+00
6.645370000000000346e+02,9.251194999999999169e+00
6.645420000000000300e+02,9.327809000000000239e+00
6.645480000000000018e+02,1.401086800000000032e+01
6.645539999999999736e+02,7.785942999999999614e+00
6.645599999999999454e+02,9.078811999999999216e+00
6.645650000000000546e+02,1.063983200000000018e+01
6.645710000000000264e+02,1.093671299999999924e+01
6.645769999999999982e+02,9.050081999999999738e+00
6.645829999999999700e+02,8.216900000000000759e+00
6.645890000000000555e+02,1.278503599999999985e+01
6.645950000000000273e+02,9.337386000000000408e+00
6.646000000000000227e+02,8.753201000000000676e+00
6.646059999999999945e+02,1.142512999999999934e+01
6.646119999999999663e+02,9.691727999999999454e+00
6.646180000000000518e+02,9.548076000000000008e+00
6.646230000000000473e+02,1.011310699999999940e+01
6.646290000000000191e+02,1.029506699999999952e+01
6.646349999999999909e+02,9.720458000000000709e+00
6.646409999999999627e+02,9.672573999999999117e+00
6.646459999999999582e+02,1.067813899999999983e+01
6.646520000000000437e+02,9.576805999999999486e+00
6.646580000000000155e+02,9.864110000000000156e+00
6.646639999999999873e+02,1.026633600000000079e+01
6.646699999999999591e+02,9.682150999999999286e+00
6.646749999999999545e+02,9.806649999999999423e+00
6.646810000000000400e+02,1.005564599999999942e+01
6.646870000000000118e+02,1.003649300000000011e+01
6.646929999999999836e+02,9.873687000000000324e+00
6.646989999999999554e+02,1.004607000000000028e+01
6.647039999999999509e+02,1.014183799999999991e+01
6.647100000000000364e+02,9.777919000000000693e+00
6.647160000000000082e+02,9.787496000000000862e+00
6.647219999999999800e+02,1.018014499999999956e+01
6.647269999999999754e+02,9.749188999999999439e+00
6.647329999999999472e+02,9.892841000000000662e+00
6.647390000000000327e+02,1.017056799999999939e+01
6.647450000000000045e+02,9.710881000000000540e+00
6.647509999999999764e+02,9.998186000000000462e+00
6.647559999999999718e+02,9.998186000000000462e+00
6.647619999999999436e+02,9.911993999999999971e+00
6.647670000000000528e+02,9.940725000000000477e+00
6.647730000000000246e+02,9.864110000000000156e+00
6.647789999999999964e+02,1.012268399999999957e+01
6.647849999999999682e+02,9.806649999999999423e+00
6.647899999999999636e+02,9.940725000000000477e+00
6.647960000000000491e+02,1.009395400000000009e+01
6.648020000000000209e+02,9.710881000000000540e+00
6.648070000000000164e+02,1.005564599999999942e+01
6.648129999999999882e+02,9.979032000000000124e+00
6.648189999999999600e+02,9.940725000000000477e+00
6.648250000000000455e+02,9.959877999999999787e+00
6.648300000000000409e+02,9.921571000000000140e+00
6.648360000000000127e+02,9.902418000000000831e+00
6.648419999999999845e+02,9.854533999999999239e+00
6.648469999999999800e+02,1.003649300000000011e+01
6.648529999999999518e+02,9.969454999999999956e+00
6.648590000000000373e+02,9.864110000000000156e+00
6.648650000000000091e+02,1.003649300000000011e+01
6.648700000000000045e+02,9.940725000000000477e+00
6.648759999999999764e+02,9.979032000000000124e+00
6.648819999999999482e+02,1.001733899999999977e+01
6.648880000000000337e+02,9.959877999999999787e+00
6.648930000000000291e+02,9.931148000000000309e+00
6.648990000000000009e+02,9.921571000000000140e+00
6.649049999999999727e+02,9.969454999999999956e+00
6.649099999999999682e+02,9.931148000000000309e+00
6.649160000000000537e+02,9.902418000000000831e+00
6.649220000000000255e+02,1.004607000000000028e+01
6.649279999999999973e+02,9.931148000000000309e+00
6.649329999999999927e+02,9.950302000000000646e+00
6.649389999999999645e+02,9.979032000000000124e+00
6.649450000000000500e+02,9.940725000000000477e+00
6.649500000000000455e+02,9.911993999999999971e+00
6.649560000000000173e+02,9.950302000000000646e+00
6.649619999999999891e+02,9.902418000000000831e+00
6.649669999999999845e+02,9.940725000000000477e+00
6.649729999999999563e+02,9.940725000000000477e+00
6.649790000000000418e+02,9.969454999999999956e+00
6.649850000000000136e+02,9.892841000000000662e+00
6.649900000000000091e+02,9.950302000000000646e+00
6.649959999999999809e+02,9.911993999999999971e+00
6.650009999999999764e+02,9.969454999999999956e+00
6.650069999999999482e+02,9.844957000000000846e+00
6.650130000000000337e+02,9.969454999999999956e+00
6.650190000000000055e+02,9.931148000000000309e+00
6.650240000000000009e+02,9.931148000000000309e+00
6.650299999999999727e+02,9.998186000000000462e+00
6.650359999999999445e+02,9.998186000000000462e+00
6.650410000000000537e+02,9.940725000000000477e+00
6.650470000000000255e+02,9.950302000000000646e+00
6.650529999999999973e+02,9.969454999999999956e+00
6.650579999999999927e+02,9.873687000000000324e+00
6.650639999999999645e+02,9.959877999999999787e+00
6.650700000000000500e+02,9.931148000000000309e+00
6.650760000000000218e+02,9.950302000000000646e+00
6.650810000000000173e+02,9.911993999999999971e+00
6.650869999999999891e+02,9.979032000000000124e+00
6.650929999999999609e+02,9.959877999999999787e+00
6.650979999999999563e+02,9.902418000000000831e+00
6.651040000000000418e+02,1.004607000000000028e+01
6.651100000000000136e+02,9.931148000000000309e+00
6.651150000000000091e+02,9.892841000000000662e+00
6.651209999999999809e+02,1.000776199999999960e+01
6.651269999999999527e+02,9.892841000000000662e+00
6.651330000000000382e+02,9.988609000000000293e+00
6.651390000000000100e+02,9.950302000000000646e+00
6.651440000000000055e+02,9.873687000000000324e+00
6.651499999999999773e+02,9.969454999999999956e+00
6.651549999999999727e+02,1.001733899999999977e+01
6.651609999999999445e+02,9.931148000000000309e+00
6.651670000000000300e+02,9.940725000000000477e+00
6.651730000000000018e+02,1.004607000000000028e+01
6.651779999999999973e+02,9.701304999999999623e+00
6.651839999999999691e+02,8.638279000000000707e+00
6.651900000000000546e+02,1.197100799999999943e+01
6.651960000000000264e+02,9.509767999999999333e+00
6.652010000000000218e+02,7.584830000000000183e+00
6.652069999999999936e+02,1.065898499999999949e+01
6.652129999999999654e+02,1.018972199999999972e+01
6.652190000000000509e+02,1.029506699999999952e+01
6.652250000000000227e+02,8.494626999999999484e+00
6.652300000000000182e+02,1.076432999999999929e+01
6.652359999999999900e+02,1.078348399999999963e+01
6.652419999999999618e+02,8.216900000000000759e+00
6.652480000000000473e+02,1.081221400000000088e+01
6.652540000000000191e+02,1.013226099999999974e+01
6.652599999999999909e+02,9.413999999999999702e+00
6.652649999999999864e+02,9.969454999999999956e+00
6.652709999999999582e+02,1.043871900000000075e+01
6.652770000000000437e+02,9.940725000000000477e+00
6.652830000000000155e+02,9.471460999999999686e+00
6.652889999999999873e+02,1.055363999999999969e+01
6.652949999999999591e+02,9.557653000000000176e+00
6.652999999999999545e+02,9.911993999999999971e+00
6.653060000000000400e+02,1.030464300000000044e+01
6.653120000000000118e+02,9.643843999999999639e+00
6.653170000000000073e+02,9.892841000000000662e+00
6.653229999999999791e+02,9.940725000000000477e+00
6.653289999999999509e+02,9.883264000000000493e+00
6.653350000000000364e+02,9.998186000000000462e+00
6.653400000000000318e+02,9.911993999999999971e+00
6.653460000000000036e+02,1.002691599999999994e+01
6.653519999999999754e+02,1.000776199999999960e+01
6.653579999999999472e+02,9.768342000000000525e+00
6.653630000000000564e+02,1.006522299999999959e+01
6.653690000000000282e+02,9.998186000000000462e+00
6.653750000000000000e+02,9.883264000000000493e+00
6.653799999999999955e+02,1.003649300000000011e+01
6.653859999999999673e+02,9.902418000000000831e+00
6.653920000000000528e+02,9.873687000000000324e+00
6.653980000000000246e+02,1.001733899999999977e+01
6.654030000000000200e+02,9.979032000000000124e+00
6.654089999999999918e+02,9.892841000000000662e+00
6.654149999999999636e+02,1.001733899999999977e+01
6.654210000000000491e+02,9.998186000000000462e+00
6.654260000000000446e+02,9.902418000000000831e+00
6.654320000000000164e+02,9.940725000000000477e+00
6.654379999999999882e+02,9.959877999999999787e+00
6.654439999999999600e+02,9.950302000000000646e+00
6.654489999999999554e+02,9.931148000000000309e+00
6.654550000000000409e+02,9.940725000000000477e+00
6.654600000000000364e+02,9.931148000000000309e+00
6.654660000000000082e+02,9.883264000000000493e+00
6.654719999999999800e+02,9.959877999999999787e+00
6.654779999999999518e+02,9.931148000000000309e+00
6.654829999999999472e+02,9.911993999999999971e+00
6.654890000000000327e+02,9.902418000000000831e+00
6.654950000000000045e+02,9.931148000000000309e+00
6.655000000000000000e+02,9.940725000000000477e+00
6.655059999999999718e+02,9.950302000000000646e+00
6.655119999999999436e+02,9.931148000000000309e+00
6.655170000000000528e+02,9.902418000000000831e+00
6.655230000000000246e+02,1.000776199999999960e+01
6.655289999999999964e+02,9.864110000000000156e+00
6.655349999999999682e+02,9.931148000000000309e+00
6.655399999999999636e+02,1.011310699999999940e+01
6.655460000000000491e+02,9.825803000000000509e+00
6.655520000000000209e+02,1.000776199999999960e+01
6.655579999999999927e+02,9.998186000000000462e+00
6.655629999999999882e+02,9.873687000000000324e+00
6.655689999999999600e+02,9.892841000000000662e+00
6.655750000000000455e+02,1.001733899999999977e+01
6.655800000000000409e+02,9.873687000000000324e+00
6.655860000000000127e+02,1.001733899999999977e+01
6.655919999999999845e+02,9.950302000000000646e+00
6.655979999999999563e+02,9.835380000000000678e+00
6.656029999999999518e+02,9.940725000000000477e+00
6.656090000000000373e+02,9.998186000000000462e+00
6.656150000000000091e+02,9.902418000000000831e+00
6.656209999999999809e+02,9.979032000000000124e+00
6.656259999999999764e+02,1.004607000000000028e+01
6.656319999999999482e+02,9.950302000000000646e+00
6.656380000000000337e+02,9.902418000000000831e+00
6.656430000000000291e+02,9.950302000000000646e+00
6.656490000000000009e+02,1.002691599999999994e+01
6.656549999999999727e+02,9.940725000000000477e+00
6.656609999999999445e+02,9.892841000000000662e+00
6.656660000000000537e+02,1.006522299999999959e+01
6.656720000000000255e+02,9.873687000000000324e+00
6.656779999999999973e+02,9.902418000000000831e+00
6.656839999999999691e+02,9.979032000000000124e+00
6.656889999999999645e+02,9.864110000000000156e+00
6.656950000000000500e+02,9.950302000000000646e+00
6.657010000000000218e+02,9.959877999999999787e+00
6.657060000000000173e+02,9.911993999999999971e+00
6.657119999999999891e+02,9.931148000000000309e+00
6.657179999999999609e+02,9.998186000000000462e+00
6.657229999999999563e+02,9.959877999999999787e+00
6.657290000000000418e+02,9.940725000000000477e+00
6.657350000000000136e+02,9.902418000000000831e+00
6.657409999999999854e+02,9.902418000000000831e+00
6.657459999999999809e+02,9.940725000000000477e+00
6.657519999999999527e+02,9.864110000000000156e+00
6.657569999999999482e+02,9.940725000000000477e+00
6.657630000000000337e+02,9.902418000000000831e+00
6.657690000000000055e+02,9.911993999999999971e+00
6.657749999999999773e+02,1.001733899999999977e+01
6.657799999999999727e+02,9.883264000000000493e+00
6.657859999999999445e+02,9.921571000000000140e+00
6.657920000000000300e+02,9.950302000000000646e+00
6.657980000000000018e+02,9.940725000000000477e+00
6.658029999999999973e+02,9.864110000000000156e+00
6.658089999999999691e+02,1.005564599999999942e+01
6.658150000000000546e+02,9.720458000000000709e+00
6.658200000000000500e+02,8.791508000000000322e+00
6.658260000000000218e+02,1.122401699999999991e+01
6.658319999999999936e+02,1.344583599999999990e+01
6.658379999999999654e+02,7.345410000000000217e+00
6.658429999999999609e+02,9.126696000000000808e+00
6.658490000000000464e+02,1.086009800000000070e+01
6.658550000000000182e+02,1.079306099999999979e+01
6.658609999999999900e+02,8.810662000000000660e+00
6.658669999999999618e+02,9.366115999999999886e+00
6.658730000000000473e+02,1.217212100000000063e+01
6.658790000000000191e+02,8.753201000000000676e+00
6.658849999999999909e+02,9.634266999999999470e+00
6.658899999999999864e+02,1.113782600000000045e+01
6.658959999999999582e+02,9.777919000000000693e+00
6.659020000000000437e+02,9.222464000000000439e+00
6.659070000000000391e+02,1.042914200000000058e+01
6.659130000000000109e+02,1.010353100000000026e+01
6.659189999999999827e+02,9.318232000000000070e+00
6.659249999999999545e+02,1.039083499999999916e+01
6.659310000000000400e+02,1.020887500000000081e+01
6.659370000000000118e+02,9.538498999999999839e+00
6.659420000000000073e+02,1.006522299999999959e+01
6.659479999999999791e+02,1.023760599999999954e+01
6.659539999999999509e+02,9.691727999999999454e+00
6.659600000000000364e+02,9.979032000000000124e+00
6.659650000000000318e+02,1.014183799999999991e+01
6.659710000000000036e+02,9.902418000000000831e+00
6.659769999999999754e+02,9.911993999999999971e+00
6.659829999999999472e+02,1.000776199999999960e+01
6.659890000000000327e+02,1.001733899999999977e+01
6.659940000000000282e+02,9.835380000000000678e+00
6.660000000000000000e+02,9.911993999999999971e+00
6.660049999999999955e+02,1.016099099999999922e+01
6.660109999999999673e+02,9.768342000000000525e+00
6.660170000000000528e+02,9.959877999999999787e+00
6.660230000000000246e+02,1.008437699999999992e+01
6.660289999999999964e+02,9.710881000000000540e+00
6.660339999999999918e+02,1.012268399999999957e+01
6.660399999999999636e+02,9.969454999999999956e+00
6.660460000000000491e+02,9.911993999999999971e+00
6.660520000000000209e+02,9.969454999999999956e+00
6.660570000000000164e+02,9.921571000000000140e+00
6.660629999999999882e+02,1.007479999999999976e+01
6.660689999999999600e+02,9.844957000000000846e+00
6.660739999999999554e+02,9.959877999999999787e+00
6.660800000000000409e+02,1.007479999999999976e+01
6.660860000000000127e+02,9.787496000000000862e+00
6.660919999999999845e+02,1.007479999999999976e+01
6.660969999999999800e+02,9.988609000000000293e+00
6.661029999999999518e+02,9.931148000000000309e+00
6.661090000000000373e+02,9.931148000000000309e+00
6.661150000000000091e+02,9.921571000000000140e+00
6.661200000000000045e+02,9.844957000000000846e+00
6.661259999999999764e+02,9.873687000000000324e+00
6.661319999999999482e+02,1.008437699999999992e+01
6.661369999999999436e+02,9.864110000000000156e+00
6.661430000000000291e+02,9.883264000000000493e+00
6.661490000000000009e+02,1.002691599999999994e+01
6.661549999999999727e+02,9.950302000000000646e+00
6.661599999999999682e+02,9.902418000000000831e+00
6.661660000000000537e+02,1.000776199999999960e+01
6.661720000000000255e+02,9.959877999999999787e+00
6.661779999999999973e+02,9.844957000000000846e+00
6.661829999999999927e+02,1.002691599999999994e+01
6.661889999999999645e+02,9.921571000000000140e+00
6.661950000000000500e+02,9.844957000000000846e+00
6.662010000000000218e+02,1.002691599999999994e+01
6.662060000000000173e+02,9.902418000000000831e+00
6.662119999999999891e+02,9.931148000000000309e+00
6.662179999999999609e+02,9.998186000000000462e+00
6.662240000000000464e+02,1.002691599999999994e+01
6.662290000000000418e+02,9.979032000000000124e+00
6.662350000000000136e+02,9.816226000000000340e+00
6.662409999999999854e+02,1.009395400000000009e+01
6.662459999999999809e+02,9.902418000000000831e+00
6.662519999999999527e+02,9.854533999999999239e+00
6.662580000000000382e+02,1.012268399999999957e+01
6.662640000000000100e+02,9.854533999999999239e+00
6.662690000000000055e+02,9.825803000000000509e+00
6.662749999999999773e+02,1.007479999999999976e+01
6.662809999999999491e+02,9.835380000000000678e+00
6.662870000000000346e+02,9.931148000000000309e+00
6.662920000000000300e+02,9.998186000000000462e+00
6.662980000000000018e+02,9.940725000000000477e+00
6.663039999999999736e+02,9.940725000000000477e+00
6.663099999999999454e+02,9.911993999999999971e+00
6.663150000000000546e+02,9.883264000000000493e+00
6.663210000000000264e+02,9.892841000000000662e+00
6.663260000000000218e+02,9.921571000000000140e+00
6.663319999999999936e+02,9.988609000000000293e+00
6.663379999999999654e+02,9.950302000000000646e+00
6.663440000000000509e+02,9.902418000000000831e+00
6.663490000000000464e+02,9.892841000000000662e+00
6.663550000000000182e+02,9.911993999999999971e+00
6.663609999999999900e+02,9.940725000000000477e+00
6.663659999999999854e+02,9.931148000000000309e+00
6.663719999999999573e+02,9.931148000000000309e+00
6.663780000000000427e+02,9.835380000000000678e+00
6.663830000000000382e+02,9.988609000000000293e+00
6.663890000000000100e+02,9.911993999999999971e+00
6.663949999999999818e+02,9.940725000000000477e+00
6.664009999999999536e+02,9.998186000000000462e+00
6.664059999999999491e+02,1.002691599999999994e+01
6.664120000000000346e+02,9.586382999999999655e+00
6.664180000000000064e+02,8.456319999999999837e+00
6.664230000000000018e+02,1.513135399999999997e+01
6.664289999999999736e+02,7.920018999999999920e+00
6.664349999999999454e+02,7.594407000000000352e+00
6.664410000000000309e+02,1.229661899999999974e+01
6.664470000000000027e+02,9.586382999999999655e+00
6.664519999999999982e+02,1.093671299999999924e+01
6.664579999999999700e+02,7.613560999999999801e+00
6.664640000000000555e+02,1.178904799999999931e+01
6.664700000000000273e+02,1.070686899999999930e+01
6.664759999999999991e+02,6.416459999999999830e+00
6.664819999999999709e+02,1.190396999999999927e+01
6.664869999999999663e+02,1.093671299999999924e+01
6.664930000000000518e+02,8.686163000000000523e+00
6.664990000000000236e+02,1.048660300000000056e+01
6.665049999999999955e+02,1.023760599999999954e+01
6.665109999999999673e+02,9.768342000000000525e+00
6.665159999999999627e+02,9.222464000000000439e+00
6.665220000000000482e+02,1.101332700000000031e+01
6.665280000000000200e+02,9.260771999999999338e+00
6.665339999999999918e+02,9.643843999999999639e+00
6.665399999999999636e+02,1.047702600000000039e+01
6.665449999999999591e+02,9.672573999999999117e+00
6.665510000000000446e+02,9.797072999999999254e+00
6.665570000000000164e+02,1.014183799999999991e+01
6.665629999999999882e+02,9.940725000000000477e+00
6.665689999999999600e+02,9.797072999999999254e+00
6.665739999999999554e+02,9.950302000000000646e+00
6.665800000000000409e+02,9.883264000000000493e+00
6.665860000000000127e+02,9.998186000000000462e+00
6.665910000000000082e+02,9.701304999999999623e+00
6.665969999999999800e+02,1.013226099999999974e+01
6.666029999999999518e+02,9.979032000000000124e+00
6.666079999999999472e+02,9.653420999999999808e+00
6.666140000000000327e+02,1.024718299999999971e+01
6.666200000000000045e+02,9.873687000000000324e+00
6.666259999999999764e+02,9.835380000000000678e+00
6.666309999999999718e+02,1.018014499999999956e+01
6.666369999999999436e+02,9.825803000000000509e+00
6.666430000000000291e+02,1.012268399999999957e+01
6.666490000000000009e+02,9.825803000000000509e+00
6.666549999999999727e+02,1.009395400000000009e+01
6.666599999999999682e+02,9.979032000000000124e+00
6.666660000000000537e+02,9.816226000000000340e+00
6.666720000000000255e+02,1.017056799999999939e+01
6.666779999999999973e+02,9.777919000000000693e+00
6.666829999999999927e+02,9.969454999999999956e+00
6.666889999999999645e+02,1.008437699999999992e+01
6.666950000000000500e+02,9.816226000000000340e+00
6.667000000000000455e+02,9.969454999999999956e+00
6.667060000000000173e+02,9.892841000000000662e+00
6.667119999999999891e+02,9.979032000000000124e+00
6.667179999999999609e+02,9.864110000000000156e+00
6.667229999999999563e+02,9.950302000000000646e+00
6.667290000000000418e+02,9.998186000000000462e+00
6.667350000000000136e+02,9.816226000000000340e+00
6.667400000000000091e+02,9.988609000000000293e+00
6.667459999999999809e+02,9.969454999999999956e+00
6.667519999999999527e+02,9.950302000000000646e+00
6.667569999999999482e+02,1.000776199999999960e+01
6.667630000000000337e+02,1.003649300000000011e+01
6.667690000000000055e+02,1.000776199999999960e+01
6.667749999999999773e+02,9.940725000000000477e+00
6.667799999999999727e+02,9.931148000000000309e+00
6.667859999999999445e+02,9.873687000000000324e+00
6.667920000000000300e+02,9.959877999999999787e+00
6.667980000000000018e+02,9.931148000000000309e+00
6.668029999999999973e+02,9.911993999999999971e+00
6.668089999999999691e+02,9.902418000000000831e+00
6.668150000000000546e+02,1.003649300000000011e+01
6.668200000000000500e+02,9.883264000000000493e+00
6.668260000000000218e+02,9.873687000000000324e+00
6.668319999999999936e+02,9.969454999999999956e+00
6.668379999999999654e+02,9.844957000000000846e+00
6.668429999999999609e+02,1.001733899999999977e+01
6.668490000000000464e+02,9.864110000000000156e+00
6.668550000000000182e+02,9.854533999999999239e+00
6.668609999999999900e+02,1.007479999999999976e+01
6.668659999999999854e+02,9.940725000000000477e+00
6.668719999999999573e+02,9.873687000000000324e+00
6.668780000000000427e+02,1.007479999999999976e+01
6.668840000000000146e+02,9.806649999999999423e+00
6.668890000000000100e+02,9.902418000000000831e+00
6.668949999999999818e+02,1.001733899999999977e+01
6.669009999999999536e+02,9.787496000000000862e+00
6.669059999999999491e+02,1.003649300000000011e+01
6.669120000000000346e+02,9.931148000000000309e+00
6.669180000000000064e+02,9.940725000000000477e+00
6.669239999999999782e+02,1.003649300000000011e+01
6.669289999999999736e+02,9.969454999999999956e+00
6.669349999999999454e+02,9.835380000000000678e+00
6.669410000000000309e+02,1.003649300000000011e+01
6.669470000000000027e+02,1.007479999999999976e+01
6.669519999999999982e+02,9.883264000000000493e+00
6.669579999999999700e+02,9.988609000000000293e+00
6.669640000000000555e+02,9.854533999999999239e+00
6.669700000000000273e+02,7.584830000000000183e+00
6.669750000000000227e+02,1.100375000000000014e+01
6.669809999999999945e+02,1.411621200000000087e+01
6.669869999999999663e+02,6.062117999999999896e+00
6.669930000000000518e+02,8.255207000000000406e+00
6.669980000000000473e+02,1.197100799999999943e+01
6.670040000000000191e+02,1.120486299999999957e+01
6.670099999999999909e+02,8.389281999999999684e+00
6.670159999999999627e+02,1.000776199999999960e+01
6.670220000000000482e+02,1.334049100000000010e+01
6.670280000000000200e+02,7.220912000000000219e+00
6.670330000000000155e+02,9.165003000000000455e+00
6.670389999999999873e+02,1.159751200000000004e+01
6.670449999999999591e+02,9.174580000000000624e+00
6.670510000000000446e+02,9.394847000000000392e+00
6.670570000000000164e+02,1.067813899999999983e+01
6.670629999999999882e+02,1.021845199999999920e+01
6.670689999999999600e+02,9.078811999999999216e+00
6.670739999999999554e+02,1.054406400000000055e+01
6.670800000000000409e+02,1.033337399999999917e+01
6.670860000000000127e+02,9.346963000000000577e+00
6.670919999999999845e+02,1.022802899999999937e+01
6.670979999999999563e+02,1.023760599999999954e+01
6.671040000000000418e+02,9.672573999999999117e+00
6.671090000000000373e+02,9.864110000000000156e+00
6.671150000000000091e+02,1.017056799999999939e+01
6.671209999999999809e+02,9.864110000000000156e+00
6.671269999999999527e+02,9.950302000000000646e+00
6.671330000000000382e+02,9.979032000000000124e+00
6.671380000000000337e+02,1.001733899999999977e+01
6.671440000000000055e+02,9.739611999999999270e+00
6.671499999999999773e+02,9.864110000000000156e+00
6.671549999999999727e+02,1.024718299999999971e+01
6.671609999999999445e+02,9.672573999999999117e+00
6.671670000000000300e+02,1.003649300000000011e+01
6.671720000000000255e+02,1.008437699999999992e+01
6.671779999999999973e+02,9.643843999999999639e+00
6.671839999999999691e+02,1.016099099999999922e+01
6.671900000000000546e+02,9.921571000000000140e+00
6.671960000000000264e+02,1.004607000000000028e+01
6.672010000000000218e+02,9.931148000000000309e+00
6.672069999999999936e+02,1.000776199999999960e+01
6.672129999999999654e+02,1.008437699999999992e+01
6.672190000000000509e+02,9.720458000000000709e+00
6.672250000000000227e+02,1.014183799999999991e+01
6.672300000000000182e+02,9.979032000000000124e+00
6.672359999999999900e+02,9.816226000000000340e+00
6.672419999999999618e+02,1.005564599999999942e+01
6.672480000000000473e+02,9.864110000000000156e+00
6.672530000000000427e+02,9.931148000000000309e+00
6.672590000000000146e+02,9.969454999999999956e+00
6.672649999999999864e+02,9.921571000000000140e+00
6.672699999999999818e+02,9.883264000000000493e+00
6.672759999999999536e+02,9.959877999999999787e+00
6.672820000000000391e+02,1.003649300000000011e+01
6.672870000000000346e+02,9.873687000000000324e+00
6.672930000000000064e+02,1.003649300000000011e+01
6.672989999999999782e+02,1.001733899999999977e+01
6.673049999999999500e+02,9.892841000000000662e+00
6.673110000000000355e+02,9.959877999999999787e+00
6.673160000000000309e+02,1.000776199999999960e+01
6.673220000000000027e+02,9.921571000000000140e+00
6.673279999999999745e+02,9.969454999999999956e+00
6.673329999999999700e+02,1.001733899999999977e+01
6.673390000000000555e+02,9.969454999999999956e+00
6.673450000000000273e+02,9.969454999999999956e+00
6.673509999999999991e+02,9.959877999999999787e+00
6.673559999999999945e+02,9.931148000000000309e+00
6.673619999999999663e+02,9.940725000000000477e+00
6.673680000000000518e+02,9.959877999999999787e+00
6.673730000000000473e+02,1.004607000000000028e+01
6.673790000000000191e+02,9.902418000000000831e+00
6.673849999999999909e+02,9.950302000000000646e+00
6.673909999999999627e+02,9.950302000000000646e+00
6.673959999999999582e+02,9.902418000000000831e+00
6.674020000000000437e+02,9.950302000000000646e+00
6.674080000000000155e+02,9.979032000000000124e+00
6.674130000000000109e+02,9.911993999999999971e+00
6.674189999999999827e+02,9.902418000000000831e+00
6.674249999999999545e+02,9.931148000000000309e+00
6.674310000000000400e+02,9.911993999999999971e+00
6.674360000000000355e+02,9.931148000000000309e+00
6.674420000000000073e+02,9.998186000000000462e+00
6.674479999999999791e+02,9.940725000000000477e+00
6.674539999999999509e+02,9.931148000000000309e+00
6.674589999999999463e+02,9.940725000000000477e+00
6.674650000000000318e+02,9.940725000000000477e+00
6.674700000000000273e+02,9.931148000000000309e+00
6.674759999999999991e+02,9.931148000000000309e+00
6.674819999999999709e+02,1.002691599999999994e+01
6.674880000000000564e+02,1.000776199999999960e+01
6.674930000000000518e+02,9.950302000000000646e+00
6.674990000000000236e+02,9.998186000000000462e+00
6.675049999999999955e+02,9.931148000000000309e+00
6.675109999999999673e+02,9.911993999999999971e+00
6.675159999999999627e+02,9.959877999999999787e+00
6.675220000000000482e+02,9.911993999999999971e+00
6.675280000000000200e+02,9.979032000000000124e+00
6.675330000000000155e+02,9.959877999999999787e+00
6.675389999999999873e+02,9.940725000000000477e+00
6.675449999999999591e+02,9.979032000000000124e+00
6.675499999999999545e+02,9.950302000000000646e+00
6.675560000000000400e+02,9.969454999999999956e+00
6.675620000000000118e+02,9.979032000000000124e+00
6.675679999999999836e+02,9.921571000000000140e+00
6.675729999999999791e+02,9.988609000000000293e+00
6.675789999999999509e+02,9.950302000000000646e+00
6.675839999999999463e+02,9.864110000000000156e+00
6.675900000000000318e+02,9.940725000000000477e+00
6.675960000000000036e+02,9.979032000000000124e+00
6.676019999999999754e+02,9.892841000000000662e+00
6.676069999999999709e+02,9.959877999999999787e+00
6.676130000000000564e+02,9.883264000000000493e+00
6.676190000000000282e+02,9.662997000000000725e+00
6.676250000000000000e+02,8.485049999999999315e+00
6.676299999999999955e+02,1.395340700000000034e+01
6.676359999999999673e+02,7.575254000000000154e+00
6.676420000000000528e+02,7.182604000000000433e+00
6.676470000000000482e+02,1.212423700000000082e+01
6.676530000000000200e+02,9.749188999999999439e+00
6.676589999999999918e+02,1.047702600000000039e+01
6.676649999999999636e+02,8.092401000000000622e+00
6.676699999999999591e+02,1.109951799999999977e+01
6.676760000000000446e+02,1.103248100000000065e+01
6.676820000000000164e+02,6.751648000000000316e+00
6.676879999999999882e+02,1.157835900000000073e+01
6.676939999999999600e+02,1.004607000000000028e+01
6.677000000000000455e+02,8.714893999999999252e+00
6.677060000000000173e+02,1.044829599999999914e+01
6.677110000000000127e+02,1.026633600000000079e+01
6.677169999999999845e+02,9.854533999999999239e+00
6.677229999999999563e+02,9.299079000000000761e+00
6.677290000000000418e+02,1.084094499999999961e+01
6.677350000000000136e+02,9.634266999999999470e+00
6.677400000000000091e+02,9.662997000000000725e+00
6.677459999999999809e+02,1.036210400000000043e+01
6.677519999999999527e+02,9.730035000000000878e+00
6.677580000000000382e+02,9.806649999999999423e+00
6.677630000000000337e+02,1.015141500000000008e+01
6.677690000000000055e+02,9.988609000000000293e+00
6.677749999999999773e+02,9.844957000000000846e+00
6.677809999999999491e+02,9.892841000000000662e+00
6.677859999999999445e+02,1.003649300000000011e+01
6.677920000000000300e+02,9.988609000000000293e+00
6.677980000000000018e+02,9.787496000000000862e+00
6.678039999999999736e+02,1.017056799999999939e+01
6.678089999999999691e+02,9.979032000000000124e+00
6.678150000000000546e+02,9.672573999999999117e+00
6.678210000000000264e+02,1.028548999999999936e+01
6.678269999999999982e+02,9.797072999999999254e+00
6.678319999999999936e+02,9.701304999999999623e+00
6.678379999999999654e+02,1.020887500000000081e+01
6.678440000000000509e+02,9.844957000000000846e+00
6.678500000000000227e+02,1.002691599999999994e+01
6.678550000000000182e+02,9.950302000000000646e+00
6.678609999999999900e+02,1.008437699999999992e+01
6.678669999999999618e+02,9.825803000000000509e+00
6.678730000000000473e+02,9.844957000000000846e+00
6.678780000000000427e+02,1.013226099999999974e+01
6.678840000000000146e+02,9.768342000000000525e+00
6.678899999999999864e+02,1.003649300000000011e+01
6.678959999999999582e+02,1.004607000000000028e+01
6.679009999999999536e+02,9.835380000000000678e+00
6.679070000000000391e+02,1.002691599999999994e+01
6.679130000000000109e+02,9.892841000000000662e+00
6.679180000000000064e+02,9.988609000000000293e+00
6.679239999999999782e+02,9.959877999999999787e+00
6.679299999999999500e+02,9.988609000000000293e+00
6.679360000000000355e+02,1.003649300000000011e+01
6.679420000000000073e+02,9.777919000000000693e+00
6.679470000000000027e+02,9.931148000000000309e+00
6.679529999999999745e+02,9.988609000000000293e+00
6.679589999999999463e+02,9.911993999999999971e+00
6.679640000000000555e+02,9.979032000000000124e+00
6.679700000000000273e+02,9.950302000000000646e+00
6.679759999999999991e+02,9.931148000000000309e+00
6.679809999999999945e+02,9.864110000000000156e+00
6.679869999999999663e+02,9.988609000000000293e+00
6.679930000000000518e+02,9.892841000000000662e+00
6.679990000000000236e+02,9.921571000000000140e+00
6.680040000000000191e+02,9.979032000000000124e+00
6.680099999999999909e+02,9.911993999999999971e+00
6.680149999999999864e+02,9.979032000000000124e+00
6.680209999999999582e+02,9.959877999999999787e+00
6.680270000000000437e+02,9.892841000000000662e+00
6.680330000000000155e+02,9.864110000000000156e+00
6.680380000000000109e+02,9.959877999999999787e+00
6.680439999999999827e+02,1.001733899999999977e+01
6.680499999999999545e+02,9.950302000000000646e+00
6.680549999999999500e+02,9.940725000000000477e+00
6.680610000000000355e+02,1.003649300000000011e+01
6.680670000000000073e+02,9.883264000000000493e+00
6.680729999999999791e+02,9.911993999999999971e+00
6.680779999999999745e+02,9.883264000000000493e+00
6.680839999999999463e+02,9.998186000000000462e+00
6.680900000000000318e+02,9.950302000000000646e+00
6.680950000000000273e+02,9.931148000000000309e+00
6.681009999999999991e+02,9.921571000000000140e+00
6.681069999999999709e+02,9.902418000000000831e+00
6.681130000000000564e+02,9.959877999999999787e+00
6.681180000000000518e+02,9.969454999999999956e+00
6.681240000000000236e+02,9.892841000000000662e+00
6.681290000000000191e+02,9.911993999999999971e+00
6.681349999999999909e+02,9.873687000000000324e+00
6.681409999999999627e+02,9.931148000000000309e+00
6.681470000000000482e+02,9.969454999999999956e+00
6.681520000000000437e+02,1.001733899999999977e+01
6.681580000000000155e+02,9.883264000000000493e+00
6.681639999999999873e+02,1.001733899999999977e+01
6.681699999999999591e+02,1.003649300000000011e+01
6.681760000000000446e+02,9.940725000000000477e+00
6.681810000000000400e+02,9.892841000000000662e+00
6.681870000000000118e+02,9.911993999999999971e+00
6.681920000000000073e+02,9.911993999999999971e+00
6.681979999999999791e+02,9.902418000000000831e+00
6.682039999999999509e+02,9.969454999999999956e+00
6.682100000000000364e+02,1.001733899999999977e+01
6.682150000000000318e+02,9.931148000000000309e+00
6.682210000000000036e+02,9.950302000000000646e+00
6.682269999999999754e+02,9.940725000000000477e+00
6.682329999999999472e+02,1.003649300000000011e+01
6.682380000000000564e+02,9.854533999999999239e+00
6.682440000000000282e+02,9.940725000000000477e+00
6.682500000000000000e+02,9.988609000000000293e+00
6.682559999999999718e+02,9.806649999999999423e+00
6.682609999999999673e+02,9.270348000000000255e+00
6.682670000000000528e+02,9.423576999999999870e+00
6.682730000000000246e+02,1.299572599999999944e+01
6.682780000000000200e+02,8.446742999999999668e+00
6.682839999999999918e+02,8.858546000000000475e+00
6.682899999999999636e+02,1.083136799999999944e+01
6.682960000000000491e+02,1.041956500000000041e+01
6.683020000000000209e+02,9.327809000000000239e+00
6.683070000000000164e+02,8.504203999999999652e+00
6.683129999999999882e+02,1.207635299999999923e+01
6.683189999999999600e+02,9.806649999999999423e+00
6.683250000000000455e+02,8.714893999999999252e+00
6.683300000000000409e+02,1.125274699999999939e+01
6.683369999999999891e+02,9.720458000000000709e+00
6.683419999999999845e+02,9.605536999999999992e+00
6.683479999999999563e+02,1.022802899999999937e+01
6.683540000000000418e+02,1.016099099999999922e+01
6.683600000000000136e+02,9.452308000000000376e+00
6.683659999999999854e+02,1.012268399999999957e+01
6.683709999999999809e+02,1.049618000000000073e+01
6.683769999999999527e+02,9.452308000000000376e+00
6.683830000000000382e+02,1.015141500000000008e+01
6.683890000000000100e+02,1.027591299999999919e+01
6.683949999999999818e+02,9.662997000000000725e+00
6.683999999999999773e+02,9.873687000000000324e+00
6.684059999999999491e+02,1.017056799999999939e+01
6.684120000000000346e+02,9.854533999999999239e+00
6.684180000000000064e+02,9.844957000000000846e+00
6.684230000000000018e+02,1.003649300000000011e+01
6.684289999999999736e+02,9.931148000000000309e+00
6.684349999999999454e+02,9.806649999999999423e+00
6.684400000000000546e+02,9.911993999999999971e+00
6.684460000000000264e+02,1.014183799999999991e+01
6.684519999999999982e+02,9.854533999999999239e+00
6.684579999999999700e+02,9.844957000000000846e+00
6.684629999999999654e+02,1.020887500000000081e+01
6.684690000000000509e+02,9.739611999999999270e+00
6.684750000000000227e+02,9.931148000000000309e+00
6.684809999999999945e+02,1.005564599999999942e+01
6.684869999999999663e+02,9.844957000000000846e+00
6.684919999999999618e+02,1.000776199999999960e+01
6.684980000000000473e+02,9.931148000000000309e+00
6.685040000000000191e+02,1.004607000000000028e+01
6.685099999999999909e+02,9.854533999999999239e+00
6.685159999999999627e+02,9.988609000000000293e+00
6.685209999999999582e+02,1.004607000000000028e+01
6.685270000000000437e+02,9.797072999999999254e+00
6.685330000000000155e+02,1.006522299999999959e+01
6.685389999999999873e+02,9.921571000000000140e+00
6.685439999999999827e+02,9.902418000000000831e+00
6.685499999999999545e+02,9.998186000000000462e+00
6.685560000000000400e+02,1.001733899999999977e+01
6.685610000000000355e+02,9.988609000000000293e+00
6.685670000000000073e+02,9.921571000000000140e+00
6.685729999999999791e+02,9.979032000000000124e+00
6.685779999999999745e+02,9.931148000000000309e+00
6.685839999999999463e+02,9.873687000000000324e+00
6.685900000000000318e+02,1.009395400000000009e+01
6.685960000000000036e+02,9.902418000000000831e+00
6.686019999999999754e+02,9.892841000000000662e+00
6.686069999999999709e+02,9.892841000000000662e+00
6.686130000000000564e+02,9.902418000000000831e+00
6.686180000000000518e+02,9.883264000000000493e+00
6.686240000000000236e+02,9.988609000000000293e+00
6.686299999999999955e+02,9.950302000000000646e+00
6.686359999999999673e+02,9.892841000000000662e+00
6.686409999999999627e+02,9.969454999999999956e+00
6.686470000000000482e+02,9.873687000000000324e+00
6.686530000000000200e+02,9.940725000000000477e+00
6.686589999999999918e+02,9.988609000000000293e+00
6.686639999999999873e+02,9.931148000000000309e+00
6.686699999999999591e+02,9.931148000000000309e+00
6.686749999999999545e+02,9.911993999999999971e+00
6.686810000000000400e+02,9.931148000000000309e+00
6.686870000000000118e+02,9.950302000000000646e+00
6.686929999999999836e+02,9.921571000000000140e+00
6.686979999999999791e+02,9.940725000000000477e+00
6.687039999999999509e+02,9.979032000000000124e+00
6.687100000000000364e+02,9.902418000000000831e+00
6.687150000000000318e+02,9.940725000000000477e+00
6.687210000000000036e+02,9.892841000000000662e+00
6.687269999999999754e+02,9.902418000000000831e+00
6.687319999999999709e+02,9.940725000000000477e+00
6.687380000000000564e+02,9.979032000000000124e+00
6.687440000000000282e+02,9.921571000000000140e+00
6.687500000000000000e+02,9.969454999999999956e+00
6.687549999999999955e+02,1.000776199999999960e+01
6.687609999999999673e+02,9.911993999999999971e+00
6.687659999999999627e+02,9.902418000000000831e+00
6.687720000000000482e+02,9.921571000000000140e+00
6.687780000000000200e+02,9.921571000000000140e+00
6.687839999999999918e+02,9.921571000000000140e+00
6.687889999999999873e+02,9.998186000000000462e+00
6.687949999999999591e+02,9.950302000000000646e+00
6.688010000000000446e+02,9.883264000000000493e+00
6.688060000000000400e+02,9.979032000000000124e+00
6.688120000000000118e+02,9.950302000000000646e+00
6.688179999999999836e+02,9.902418000000000831e+00
6.688229999999999791e+02,9.940725000000000477e+00
6.688289999999999509e+02,9.940725000000000477e+00
6.688350000000000364e+02,9.959877999999999787e+00
6.688410000000000082e+02,9.959877999999999787e+00
6.688460000000000036e+02,9.911993999999999971e+00
6.688519999999999754e+02,9.959877999999999787e+00
6.688579999999999472e+02,9.931148000000000309e+00
6.688630000000000564e+02,1.001733899999999977e+01
6.688690000000000282e+02,9.931148000000000309e+00
6.688750000000000000e+02,9.911993999999999971e+00
6.688799999999999955e+02,9.931148000000000309e+00
6.688859999999999673e+02,9.969454999999999956e+00
6.688920000000000528e+02,1.003649300000000011e+01
6.688980000000000246e+02,9.940725000000000477e+00
6.689030000000000200e+02,9.940725000000000477e+00
6.689089999999999918e+02,9.749188999999999439e+00
6.689149999999999636e+02,9.279925000000000423e+00
6.689199999999999591e+02,1.101332700000000031e+01
6.689270000000000209e+02,1.258392300000000041e+01
6.689320000000000164e+02,6.349421999999999677e+00
6.689379999999999882e+02,1.021845199999999920e+01
6.689439999999999600e+02,1.159751200000000004e+01
6.689500000000000455e+02,1.004607000000000028e+01
6.689560000000000173e+02,8.590394999999999115e+00
6.689610000000000127e+02,8.820237999999999801e+00
6.689669999999999845e+02,1.288080399999999948e+01
6.689729999999999563e+02,7.489061999999999664e+00
6.689790000000000418e+02,1.051533300000000004e+01
6.689840000000000373e+02,1.172201100000000018e+01
6.689900000000000091e+02,8.628702000000000538e+00
6.689959999999999809e+02,1.029506699999999952e+01
6.690019999999999527e+02,1.032379700000000078e+01
6.690080000000000382e+02,1.007479999999999976e+01
6.690140000000000100e+02,9.212887000000000270e+00
6.690190000000000055e+02,1.042914200000000058e+01
6.690249999999999773e+02,1.016099099999999922e+01
6.690309999999999491e+02,9.107542999999999722e+00
6.690370000000000346e+02,1.033337399999999917e+01
6.690430000000000064e+02,1.020887500000000081e+01
6.690489999999999782e+02,9.567228999999999317e+00
6.690539999999999736e+02,1.014183799999999991e+01
6.690599999999999454e+02,1.014183799999999991e+01
6.690660000000000309e+02,9.883264000000000493e+00
6.690720000000000027e+02,9.902418000000000831e+00
6.690779999999999745e+02,9.979032000000000124e+00
6.690829999999999700e+02,9.959877999999999787e+00
6.690890000000000555e+02,9.797072999999999254e+00
6.690950000000000273e+02,1.008437699999999992e+01
6.691000000000000227e+02,1.022802899999999937e+01
6.691059999999999945e+02,9.605536999999999992e+00
6.691119999999999663e+02,1.006522299999999959e+01
6.691180000000000518e+02,9.969454999999999956e+00
6.691240000000000236e+02,9.701304999999999623e+00
6.691290000000000191e+02,1.018014499999999956e+01
6.691349999999999909e+02,9.797072999999999254e+00
6.691409999999999627e+02,9.835380000000000678e+00
6.691470000000000482e+02,9.902418000000000831e+00
6.691520000000000437e+02,9.873687000000000324e+00
6.691580000000000155e+02,1.007479999999999976e+01
6.691639999999999873e+02,9.749188999999999439e+00
6.691689999999999827e+02,1.007479999999999976e+01
6.691749999999999545e+02,9.998186000000000462e+00
6.691810000000000400e+02,9.806649999999999423e+00
6.691860000000000355e+02,1.008437699999999992e+01
6.691920000000000073e+02,9.883264000000000493e+00
6.691979999999999791e+02,9.854533999999999239e+00
6.692039999999999509e+02,1.003649300000000011e+01
6.692100000000000364e+02,9.892841000000000662e+00
6.692150000000000318e+02,9.883264000000000493e+00
6.692210000000000036e+02,9.921571000000000140e+00
6.692269999999999754e+02,1.005564599999999942e+01
6.692329999999999472e+02,9.816226000000000340e+00
6.692380000000000564e+02,9.959877999999999787e+00
6.692440000000000282e+02,9.988609000000000293e+00
6.692500000000000000e+02,9.892841000000000662e+00
6.692549999999999955e+02,9.959877999999999787e+00
6.692609999999999673e+02,9.873687000000000324e+00
6.692670000000000528e+02,9.998186000000000462e+00
6.692720000000000482e+02,9.873687000000000324e+00
6.692780000000000200e+02,9.988609000000000293e+00
6.692839999999999918e+02,9.969454999999999956e+00
6.692889999999999873e+02,9.940725000000000477e+00
6.692949999999999591e+02,9.969454999999999956e+00
6.693010000000000446e+02,9.998186000000000462e+00
6.693060000000000400e+02,9.844957000000000846e+00
6.693120000000000118e+02,1.003649300000000011e+01
6.693179999999999836e+02,9.959877999999999787e+00
6.693239999999999554e+02,9.892841000000000662e+00
6.693289999999999509e+02,9.902418000000000831e+00
6.693350000000000364e+02,9.988609000000000293e+00
6.693410000000000082e+02,1.000776199999999960e+01
6.693469999999999800e+02,9.988609000000000293e+00
6.693519999999999754e+02,9.969454999999999956e+00
6.693579999999999472e+02,9.873687000000000324e+00
6.693640000000000327e+02,9.940725000000000477e+00
6.693700000000000045e+02,9.959877999999999787e+00
6.693750000000000000e+02,9.950302000000000646e+00
6.693809999999999718e+02,9.940725000000000477e+00
6.693869999999999436e+02,9.959877999999999787e+00
6.693920000000000528e+02,9.950302000000000646e+00
6.693980000000000246e+02,9.998186000000000462e+00
6.694039999999999964e+02,9.911993999999999971e+00
6.694099999999999682e+02,9.940725000000000477e+00
6.694149999999999636e+02,9.940725000000000477e+00
6.694210000000000491e+02,9.921571000000000140e+00
6.694260000000000446e+02,9.979032000000000124e+00
6.694320000000000164e+02,9.931148000000000309e+00
6.694379999999999882e+02,9.950302000000000646e+00
6.694439999999999600e+02,1.005564599999999942e+01
6.694489999999999554e+02,9.902418000000000831e+00
6.694550000000000409e+02,9.873687000000000324e+00
6.694610000000000127e+02,9.950302000000000646e+00
6.694660000000000082e+02,9.959877999999999787e+00
6.694719999999999800e+02,9.921571000000000140e+00
6.694779999999999518e+02,9.979032000000000124e+00
6.694829999999999472e+02,9.921571000000000140e+00
6.694890000000000327e+02,9.950302000000000646e+00
6.694950000000000045e+02,9.921571000000000140e+00
6.695009999999999764e+02,9.940725000000000477e+00
6.695059999999999718e+02,9.931148000000000309e+00
6.695119999999999436e+02,9.911993999999999971e+00
6.695170000000000528e+02,9.950302000000000646e+00
6.695230000000000246e+02,9.969454999999999956e+00
6.695289999999999964e+02,9.854533999999999239e+00
6.695349999999999682e+02,9.911993999999999971e+00
6.695399999999999636e+02,9.979032000000000124e+00
6.695460000000000491e+02,9.940725000000000477e+00
6.695520000000000209e+02,9.777919000000000693e+00
6.695570000000000164e+02,9.634266999999999470e+00
6.695629999999999882e+02,1.227746600000000043e+01
6.695689999999999600e+02,8.973466999999999416e+00
6.695750000000000455e+02,8.906430000000000291e+00
6.695800000000000409e+02,1.026633600000000079e+01
6.695860000000000127e+02,1.045787200000000006e+01
6.695919999999999845e+02,9.356540000000000745e+00
6.695979999999999563e+02,9.433154000000000039e+00
6.696040000000000418e+02,1.173158800000000035e+01
6.696100000000000136e+02,8.705317000000000860e+00
6.696150000000000091e+02,9.442731000000000208e+00
6.696209999999999809e+02,1.080263700000000071e+01
6.696269999999999527e+02,9.653420999999999808e+00
6.696330000000000382e+02,9.844957000000000846e+00
6.696380000000000337e+02,1.013226099999999974e+01
6.696440000000000055e+02,1.022802899999999937e+01
6.696499999999999773e+02,9.461883999999999517e+00
6.696559999999999491e+02,1.021845199999999920e+01
6.696620000000000346e+02,1.034295099999999934e+01
6.696680000000000064e+02,9.538498999999999839e+00
6.696730000000000018e+02,1.001733899999999977e+01
6.696789999999999736e+02,1.017056799999999939e+01
6.696849999999999454e+02,9.739611999999999270e+00
6.696910000000000309e+02,9.988609000000000293e+00
6.696970000000000027e+02,1.010353100000000026e+01
6.697019999999999982e+02,9.892841000000000662e+00
6.697079999999999700e+02,9.931148000000000309e+00
6.697140000000000555e+02,1.002691599999999994e+01
6.697200000000000273e+02,9.988609000000000293e+00
6.697250000000000227e+02,9.777919000000000693e+00
6.697309999999999945e+02,1.003649300000000011e+01
6.697369999999999663e+02,1.009395400000000009e+01
6.697419999999999618e+02,9.739611999999999270e+00
6.697480000000000473e+02,1.003649300000000011e+01
6.697540000000000191e+02,9.988609000000000293e+00
6.697599999999999909e+02,9.835380000000000678e+00
6.697649999999999864e+02,1.001733899999999977e+01
6.697709999999999582e+02,9.969454999999999956e+00
6.697770000000000437e+02,9.892841000000000662e+00
6.697830000000000155e+02,9.921571000000000140e+00
6.697880000000000109e+02,9.921571000000000140e+00
6.697939999999999827e+02,9.979032000000000124e+00
6.697999999999999545e+02,9.864110000000000156e+00
6.698060000000000400e+02,9.959877999999999787e+00
6.698110000000000355e+02,9.998186000000000462e+00
6.698170000000000073e+02,9.854533999999999239e+00
6.698220000000000027e+02,1.000776199999999960e+01
6.698279999999999745e+02,9.921571000000000140e+00
6.698339999999999463e+02,9.969454999999999956e+00
6.698400000000000318e+02,9.940725000000000477e+00
6.698450000000000273e+02,9.969454999999999956e+00
6.698509999999999991e+02,9.911993999999999971e+00
6.698569999999999709e+02,9.959877999999999787e+00
6.698619999999999663e+02,1.003649300000000011e+01
6.698680000000000518e+02,9.883264000000000493e+00
6.698740000000000236e+02,9.892841000000000662e+00
6.698799999999999955e+02,1.000776199999999960e+01
6.698859999999999673e+02,9.873687000000000324e+00
6.698909999999999627e+02,9.921571000000000140e+00
6.698970000000000482e+02,1.000776199999999960e+01
6.699030000000000200e+02,9.969454999999999956e+00
6.699089999999999918e+02,9.911993999999999971e+00
6.699139999999999873e+02,1.000776199999999960e+01
6.699199999999999591e+02,9.959877999999999787e+00
6.699260000000000446e+02,9.892841000000000662e+00
6.699320000000000164e+02,9.998186000000000462e+00
6.699370000000000118e+02,9.950302000000000646e+00
6.699429999999999836e+02,9.873687000000000324e+00
6.699489999999999554e+02,9.950302000000000646e+00
6.699539999999999509e+02,1.003649300000000011e+01
6.699600000000000364e+02,9.921571000000000140e+00
6.699660000000000082e+02,9.950302000000000646e+00
6.699710000000000036e+02,9.950302000000000646e+00
6.699769999999999754e+02,1.001733899999999977e+01
6.699829999999999472e+02,9.959877999999999787e+00
6.699890000000000327e+02,9.959877999999999787e+00
6.699940000000000282e+02,9.825803000000000509e+00
6.700000000000000000e+02,9.940725000000000477e+00
6.700059999999999718e+02,9.979032000000000124e+00
6.700119999999999436e+02,9.902418000000000831e+00
6.700170000000000528e+02,9.854533999999999239e+00
6.700230000000000246e+02,9.959877999999999787e+00
6.700289999999999964e+02,9.950302000000000646e+00
6.700339999999999918e+02,1.000776199999999960e+01
6.700399999999999636e+02,9.892841000000000662e+00
6.700460000000000491e+02,9.950302000000000646e+00
6.700520000000000209e+02,9.911993999999999971e+00
6.700570000000000164e+02,1.000776199999999960e+01
6.700629999999999882e+02,9.911993999999999971e+00
6.700689999999999600e+02,1.001733899999999977e+01
6.700750000000000455e+02,9.873687000000000324e+00
6.700800000000000409e+02,9.979032000000000124e+00
6.700860000000000127e+02,9.892841000000000662e+00
6.700919999999999845e+02,9.911993999999999971e+00
6.700979999999999563e+02,9.921571000000000140e+00
6.701040000000000418e+02,9.911993999999999971e+00
6.701090000000000373e+02,9.950302000000000646e+00
6.701150000000000091e+02,9.959877999999999787e+00
6.701200000000000045e+02,9.979032000000000124e+00
6.701259999999999764e+02,9.931148000000000309e+00
6.701319999999999482e+02,9.921571000000000140e+00
6.701380000000000337e+02,9.979032000000000124e+00
6.701430000000000291e+02,9.911993999999999971e+00
6.701490000000000009e+02,9.969454999999999956e+00
6.701549999999999727e+02,9.950302000000000646e+00
6.701599999999999682e+02,9.921571000000000140e+00
6.701660000000000537e+02,9.662997000000000725e+00
6.701720000000000255e+02,1.012268399999999957e+01
6.701770000000000209e+02,1.420240399999999958e+01
6.701829999999999927e+02,7.240065000000000417e+00
6.701889999999999645e+02,8.781931000000000154e+00
6.701950000000000500e+02,1.123359400000000008e+01
6.702010000000000218e+02,1.062067799999999984e+01
6.702069999999999936e+02,8.868121999999999616e+00
6.702129999999999654e+02,9.356540000000000745e+00
6.702179999999999609e+02,1.296699599999999997e+01
6.702240000000000464e+02,7.881711000000000134e+00
6.702300000000000182e+02,9.979032000000000124e+00
6.702359999999999900e+02,1.164539599999999986e+01
6.702419999999999618e+02,8.973466999999999416e+00
6.702469999999999573e+02,9.643843999999999639e+00
6.702530000000000427e+02,1.025675900000000063e+01
6.702590000000000146e+02,1.018972199999999972e+01
6.702649999999999864e+02,9.184157000000000792e+00
6.702709999999999582e+02,1.038125800000000076e+01
6.702759999999999536e+02,1.062067799999999984e+01
6.702820000000000391e+02,9.193733999999999185e+00
6.702880000000000109e+02,1.027591299999999919e+01
6.702939999999999827e+02,1.019929899999999989e+01
6.702999999999999545e+02,9.653420999999999808e+00
6.703049999999999500e+02,9.921571000000000140e+00
6.703110000000000355e+02,1.018972199999999972e+01
6.703170000000000073e+02,9.940725000000000477e+00
6.703229999999999791e+02,9.883264000000000493e+00
6.703289999999999509e+02,1.004607000000000028e+01
6.703339999999999463e+02,9.940725000000000477e+00
6.703400000000000318e+02,9.825803000000000509e+00
6.703460000000000036e+02,9.911993999999999971e+00
6.703519999999999754e+02,1.024718299999999971e+01
6.703569999999999709e+02,9.797072999999999254e+00
6.703630000000000564e+02,9.969454999999999956e+00
6.703690000000000282e+02,1.013226099999999974e+01
6.703750000000000000e+02,9.615112999999999133e+00
6.703809999999999718e+02,1.016099099999999922e+01
6.703859999999999673e+02,9.959877999999999787e+00
6.703920000000000528e+02,9.931148000000000309e+00
6.703980000000000246e+02,9.959877999999999787e+00
6.704030000000000200e+02,9.883264000000000493e+00
6.704089999999999918e+02,1.012268399999999957e+01
6.704149999999999636e+02,9.797072999999999254e+00
6.704199999999999591e+02,1.002691599999999994e+01
6.704260000000000446e+02,1.006522299999999959e+01
6.704320000000000164e+02,9.806649999999999423e+00
6.704379999999999882e+02,1.010353100000000026e+01
6.704439999999999600e+02,9.902418000000000831e+00
6.704489999999999554e+02,9.979032000000000124e+00
6.704550000000000409e+02,9.979032000000000124e+00
6.704610000000000127e+02,9.931148000000000309e+00
6.704669999999999845e+02,1.002691599999999994e+01
6.704719999999999800e+02,9.940725000000000477e+00
6.704779999999999518e+02,9.988609000000000293e+00
6.704840000000000373e+02,9.969454999999999956e+00
6.704900000000000091e+02,9.892841000000000662e+00
6.704959999999999809e+02,9.940725000000000477e+00
6.705009999999999764e+02,9.911993999999999971e+00
6.705069999999999482e+02,9.979032000000000124e+00
6.705119999999999436e+02,9.940725000000000477e+00
6.705180000000000291e+02,9.892841000000000662e+00
6.705240000000000009e+02,9.940725000000000477e+00
6.705299999999999727e+02,9.969454999999999956e+00
6.705349999999999682e+02,9.892841000000000662e+00
6.705410000000000537e+02,9.816226000000000340e+00
6.705470000000000255e+02,9.950302000000000646e+00
6.705520000000000209e+02,9.940725000000000477e+00
6.705579999999999927e+02,9.873687000000000324e+00
6.705639999999999645e+02,1.001733899999999977e+01
6.705689999999999600e+02,9.892841000000000662e+00
6.705750000000000455e+02,9.835380000000000678e+00
6.705810000000000173e+02,9.940725000000000477e+00
6.705869999999999891e+02,9.959877999999999787e+00
6.705919999999999845e+02,9.921571000000000140e+00
6.705979999999999563e+02,9.911993999999999971e+00
6.706029999999999518e+02,9.988609000000000293e+00
6.706090000000000373e+02,9.931148000000000309e+00
6.706150000000000091e+02,9.969454999999999956e+00
6.706209999999999809e+02,9.950302000000000646e+00
6.706259999999999764e+02,9.902418000000000831e+00
6.706319999999999482e+02,9.902418000000000831e+00
6.706380000000000337e+02,9.902418000000000831e+00
6.706430000000000291e+02,9.940725000000000477e+00
6.706490000000000009e+02,9.979032000000000124e+00
6.706549999999999727e+02,9.969454999999999956e+00
6.706599999999999682e+02,1.000776199999999960e+01
6.706660000000000537e+02,9.902418000000000831e+00
6.706720000000000255e+02,9.969454999999999956e+00
6.706779999999999973e+02,9.940725000000000477e+00
6.706829999999999927e+02,9.921571000000000140e+00
6.706889999999999645e+02,9.931148000000000309e+00
6.706950000000000500e+02,9.959877999999999787e+00
6.707010000000000218e+02,9.921571000000000140e+00
6.707060000000000173e+02,9.979032000000000124e+00
6.707119999999999891e+02,9.969454999999999956e+00
6.707169999999999845e+02,1.003649300000000011e+01
6.707229999999999563e+02,9.911993999999999971e+00
6.707290000000000418e+02,9.902418000000000831e+00
6.707350000000000136e+02,9.921571000000000140e+00
6.707409999999999854e+02,9.902418000000000831e+00
6.707459999999999809e+02,9.902418000000000831e+00
6.707519999999999527e+02,9.988609000000000293e+00
6.707580000000000382e+02,9.873687000000000324e+00
6.707640000000000100e+02,9.988609000000000293e+00
6.707690000000000055e+02,9.931148000000000309e+00
6.707749999999999773e+02,9.864110000000000156e+00
6.707799999999999727e+02,9.806649999999999423e+00
6.707859999999999445e+02,8.820237999999999801e+00
6.707920000000000300e+02,1.192312399999999961e+01
6.707980000000000018e+02,1.016099099999999922e+01
6.708029999999999973e+02,7.987055999999999933e+00
6.708089999999999691e+02,1.018972199999999972e+01
6.708150000000000546e+02,1.025675900000000063e+01
6.708210000000000264e+02,1.018014499999999956e+01
6.708269999999999982e+02,8.398858999999999853e+00
6.708319999999999936e+02,1.123359400000000008e+01
6.708390000000000555e+02,9.969454999999999956e+00
6.708450000000000273e+02,8.801085000000000491e+00
6.708500000000000227e+02,1.099417399999999922e+01
6.708559999999999945e+02,9.797072999999999254e+00
6.708619999999999663e+02,9.586382999999999655e+00
6.708680000000000518e+02,1.013226099999999974e+01
6.708730000000000473e+02,1.017056799999999939e+01
6.708790000000000191e+02,9.777919000000000693e+00
6.708849999999999909e+02,9.768342000000000525e+00
6.708899999999999864e+02,1.053448700000000038e+01
6.708959999999999582e+02,9.662997000000000725e+00
6.709020000000000437e+02,9.643843999999999639e+00
6.709080000000000155e+02,1.030464300000000044e+01
6.709139999999999873e+02,9.959877999999999787e+00
6.709199999999999591e+02,9.835380000000000678e+00
6.709249999999999545e+02,1.007479999999999976e+01
6.709310000000000400e+02,1.004607000000000028e+01
6.709370000000000118e+02,9.873687000000000324e+00
6.709429999999999836e+02,9.921571000000000140e+00
6.709479999999999791e+02,1.007479999999999976e+01
6.709539999999999509e+02,9.844957000000000846e+00
6.709600000000000364e+02,9.854533999999999239e+00
6.709660000000000082e+02,1.013226099999999974e+01
6.709710000000000036e+02,9.931148000000000309e+00
6.709769999999999754e+02,9.883264000000000493e+00
6.709829999999999472e+02,1.015141500000000008e+01
6.709890000000000327e+02,9.730035000000000878e+00
6.709940000000000282e+02,9.873687000000000324e+00
6.710000000000000000e+02,9.988609000000000293e+00
6.710059999999999718e+02,9.883264000000000493e+00
6.710119999999999436e+02,9.950302000000000646e+00
6.710170000000000528e+02,9.873687000000000324e+00
6.710230000000000246e+02,1.003649300000000011e+01
6.710289999999999964e+02,9.816226000000000340e+00
6.710339999999999918e+02,9.883264000000000493e+00
6.710399999999999636e+02,1.010353100000000026e+01
6.710460000000000491e+02,9.787496000000000862e+00
6.710520000000000209e+02,9.969454999999999956e+00
6.710570000000000164e+02,9.979032000000000124e+00
6.710629999999999882e+02,9.816226000000000340e+00
6.710689999999999600e+02,1.003649300000000011e+01
6.710750000000000455e+02,9.931148000000000309e+00
6.710800000000000409e+02,9.940725000000000477e+00
6.710860000000000127e+02,9.911993999999999971e+00
6.710919999999999845e+02,1.004607000000000028e+01
6.710969999999999800e+02,9.979032000000000124e+00
6.711029999999999518e+02,9.883264000000000493e+00
6.711090000000000373e+02,1.002691599999999994e+01
6.711150000000000091e+02,9.998186000000000462e+00
6.711200000000000045e+02,9.950302000000000646e+00
6.711259999999999764e+02,1.001733899999999977e+01
6.711319999999999482e+02,1.000776199999999960e+01
6.711380000000000337e+02,9.921571000000000140e+00
6.711430000000000291e+02,9.921571000000000140e+00
6.711490000000000009e+02,9.959877999999999787e+00
6.711549999999999727e+02,9.979032000000000124e+00
6.711609999999999445e+02,9.883264000000000493e+00
6.711660000000000537e+02,9.950302000000000646e+00
6.711720000000000255e+02,9.873687000000000324e+00
6.711770000000000209e+02,9.892841000000000662e+00
6.711829999999999927e+02,9.931148000000000309e+00
6.711889999999999645e+02,9.892841000000000662e+00
6.711950000000000500e+02,9.940725000000000477e+00
6.712000000000000455e+02,9.950302000000000646e+00
6.712060000000000173e+02,9.921571000000000140e+00
6.712119999999999891e+02,9.931148000000000309e+00
6.712169999999999845e+02,9.969454999999999956e+00
6.712229999999999563e+02,9.959877999999999787e+00
6.712290000000000418e+02,9.959877999999999787e+00
6.712340000000000373e+02,9.969454999999999956e+00
6.712400000000000091e+02,9.979032000000000124e+00
6.712459999999999809e+02,9.959877999999999787e+00
6.712519999999999527e+02,9.921571000000000140e+00
6.712569999999999482e+02,1.001733899999999977e+01
6.712630000000000337e+02,9.873687000000000324e+00
6.712690000000000055e+02,9.969454999999999956e+00
6.712749999999999773e+02,9.969454999999999956e+00
6.712799999999999727e+02,9.998186000000000462e+00
6.712859999999999445e+02,9.911993999999999971e+00
6.712910000000000537e+02,9.921571000000000140e+00
6.712970000000000255e+02,9.979032000000000124e+00
6.713029999999999973e+02,9.911993999999999971e+00
6.713089999999999691e+02,9.969454999999999956e+00
6.713139999999999645e+02,9.959877999999999787e+00
6.713200000000000500e+02,9.959877999999999787e+00
6.713260000000000218e+02,1.000776199999999960e+01
6.713310000000000173e+02,1.001733899999999977e+01
6.713379999999999654e+02,9.959877999999999787e+00
6.713429999999999609e+02,9.988609000000000293e+00
6.713490000000000464e+02,9.969454999999999956e+00
6.713540000000000418e+02,9.969454999999999956e+00
6.713600000000000136e+02,9.902418000000000831e+00
6.713659999999999854e+02,9.950302000000000646e+00
6.713719999999999573e+02,9.921571000000000140e+00
6.713769999999999527e+02,9.883264000000000493e+00
6.713830000000000382e+02,9.959877999999999787e+00
6.713890000000000100e+02,9.959877999999999787e+00
6.713940000000000055e+02,9.921571000000000140e+00
6.713999999999999773e+02,9.931148000000000309e+00
6.714059999999999491e+02,9.979032000000000124e+00
6.714109999999999445e+02,9.931148000000000309e+00
6.714170000000000300e+02,9.931148000000000309e+00
6.714230000000000018e+02,9.662997000000000725e+00
6.714289999999999736e+02,9.902418000000000831e+00
6.714339999999999691e+02,1.390552300000000052e+01
6.714400000000000546e+02,6.818685999999999581e+00
6.714460000000000264e+02,9.749188999999999439e+00
6.714510000000000218e+02,1.086009800000000070e+01
6.714569999999999936e+02,1.032379700000000078e+01
6.714629999999999654e+02,9.155426999999999538e+00
6.714690000000000509e+02,9.222464000000000439e+00
6.714750000000000227e+02,1.258392300000000041e+01
6.714809999999999945e+02,8.226475999999999900e+00
6.714859999999999900e+02,9.165003000000000455e+00
6.714919999999999618e+02,1.131978499999999954e+01
6.714980000000000473e+02,9.385270000000000223e+00
6.715040000000000191e+02,9.768342000000000525e+00
6.715099999999999909e+02,1.028548999999999936e+01
6.715149999999999864e+02,1.017056799999999939e+01
6.715209999999999582e+02,9.375693000000000055e+00
6.715270000000000437e+02,9.940725000000000477e+00
6.715330000000000155e+02,1.046744900000000023e+01
6.715389999999999873e+02,9.394847000000000392e+00
6.715439999999999827e+02,1.014183799999999991e+01
6.715499999999999545e+02,1.017056799999999939e+01
6.715560000000000400e+02,9.643843999999999639e+00
6.715620000000000118e+02,1.003649300000000011e+01
6.715670000000000073e+02,1.017056799999999939e+01
6.715729999999999791e+02,9.854533999999999239e+00
6.715789999999999509e+02,9.921571000000000140e+00
6.715850000000000364e+02,1.000776199999999960e+01
6.715910000000000082e+02,9.959877999999999787e+00
6.715960000000000036e+02,9.902418000000000831e+00
6.716019999999999754e+02,9.931148000000000309e+00
6.716079999999999472e+02,1.015141500000000008e+01
6.716130000000000564e+02,9.749188999999999439e+00
6.716190000000000282e+02,9.921571000000000140e+00
6.716250000000000000e+02,1.016099099999999922e+01
6.716309999999999718e+02,9.653420999999999808e+00
6.716359999999999673e+02,1.005564599999999942e+01
6.716420000000000528e+02,1.003649300000000011e+01
6.716480000000000246e+02,9.854533999999999239e+00
6.716539999999999964e+02,9.921571000000000140e+00
6.716589999999999918e+02,9.873687000000000324e+00
6.716649999999999636e+02,1.007479999999999976e+01
6.716710000000000491e+02,9.844957000000000846e+00
6.716770000000000209e+02,9.950302000000000646e+00
6.716820000000000164e+02,9.979032000000000124e+00
6.716879999999999882e+02,9.854533999999999239e+00
6.716939999999999600e+02,1.010353100000000026e+01
6.716989999999999554e+02,9.902418000000000831e+00
6.717050000000000409e+02,9.921571000000000140e+00
6.717110000000000127e+02,1.005564599999999942e+01
6.717169999999999845e+02,9.940725000000000477e+00
6.717219999999999800e+02,9.902418000000000831e+00
6.717279999999999518e+02,9.902418000000000831e+00
6.717340000000000373e+02,1.006522299999999959e+01
6.717400000000000091e+02,9.911993999999999971e+00
6.717450000000000045e+02,9.844957000000000846e+00
6.717509999999999764e+02,9.959877999999999787e+00
6.717569999999999482e+02,9.921571000000000140e+00
6.717619999999999436e+02,9.931148000000000309e+00
6.717680000000000291e+02,9.931148000000000309e+00
6.717740000000000009e+02,1.006522299999999959e+01
6.717789999999999964e+02,9.873687000000000324e+00
6.717849999999999682e+02,9.892841000000000662e+00
6.717910000000000537e+02,9.988609000000000293e+00
6.717970000000000255e+02,9.883264000000000493e+00
6.718020000000000209e+02,9.940725000000000477e+00
6.718079999999999927e+02,9.979032000000000124e+00
6.718139999999999645e+02,9.940725000000000477e+00
6.718189999999999600e+02,9.950302000000000646e+00
6.718250000000000455e+02,9.979032000000000124e+00
6.718310000000000173e+02,9.892841000000000662e+00
6.718360000000000127e+02,9.873687000000000324e+00
6.718419999999999845e+02,9.940725000000000477e+00
6.718479999999999563e+02,9.950302000000000646e+00
6.718540000000000418e+02,9.864110000000000156e+00
6.718590000000000373e+02,9.959877999999999787e+00
6.718650000000000091e+02,9.921571000000000140e+00
6.718700000000000045e+02,9.883264000000000493e+00
6.718759999999999764e+02,9.969454999999999956e+00
6.718819999999999482e+02,9.988609000000000293e+00
6.718880000000000337e+02,9.921571000000000140e+00
6.718930000000000291e+02,9.892841000000000662e+00
6.718990000000000009e+02,9.969454999999999956e+00
6.719049999999999727e+02,9.883264000000000493e+00
6.719109999999999445e+02,9.959877999999999787e+00
6.719160000000000537e+02,9.921571000000000140e+00
6.719220000000000255e+02,9.873687000000000324e+00
6.719270000000000209e+02,9.911993999999999971e+00
6.719329999999999927e+02,9.950302000000000646e+00
6.719389999999999645e+02,1.002691599999999994e+01
6.719450000000000500e+02,9.921571000000000140e+00
6.719500000000000455e+02,9.969454999999999956e+00
6.719560000000000173e+02,9.950302000000000646e+00
6.719619999999999891e+02,9.969454999999999956e+00
6.719669999999999845e+02,9.979032000000000124e+00
6.719729999999999563e+02,9.921571000000000140e+00
6.719790000000000418e+02,9.911993999999999971e+00
6.719850000000000136e+02,1.003649300000000011e+01
6.719900000000000091e+02,9.883264000000000493e+00
6.719959999999999809e+02,9.931148000000000309e+00
6.720019999999999527e+02,9.959877999999999787e+00
6.720080000000000382e+02,1.002691599999999994e+01
6.720130000000000337e+02,9.969454999999999956e+00
6.720190000000000055e+02,9.950302000000000646e+00
6.720249999999999773e+02,9.519344999999999501e+00
6.720309999999999491e+02,1.054406400000000055e+01
6.720359999999999445e+02,1.357991099999999918e+01
6.720420000000000300e+02,7.661444999999999617e+00
6.720480000000000018e+02,9.145849999999999369e+00
6.720539999999999736e+02,1.143470699999999951e+01
6.720599999999999454e+02,1.037168100000000059e+01
6.720650000000000546e+02,8.724470000000000169e+00
6.720710000000000264e+02,9.854533999999999239e+00
6.720769999999999982e+02,1.198058499999999960e+01
6.720829999999999700e+02,8.312668000000000390e+00
6.720890000000000555e+02,9.825803000000000509e+00
6.720940000000000509e+02,1.155920500000000040e+01
6.721000000000000227e+02,9.050081999999999738e+00
6.721059999999999945e+02,9.739611999999999270e+00
6.721119999999999663e+02,1.061110099999999967e+01
6.721180000000000518e+02,9.883264000000000493e+00
6.721230000000000473e+02,9.423576999999999870e+00
6.721290000000000191e+02,1.035252700000000026e+01
6.721349999999999909e+02,1.030464300000000044e+01
6.721409999999999627e+02,9.413999999999999702e+00
6.721459999999999582e+02,1.015141500000000008e+01
6.721520000000000437e+02,1.024718299999999971e+01
6.721580000000000155e+02,9.662997000000000725e+00
6.721639999999999873e+02,9.959877999999999787e+00
6.721689999999999827e+02,1.016099099999999922e+01
6.721749999999999545e+02,9.892841000000000662e+00
6.721810000000000400e+02,9.940725000000000477e+00
6.721870000000000118e+02,9.931148000000000309e+00
6.721920000000000073e+02,9.979032000000000124e+00
6.721979999999999791e+02,9.777919000000000693e+00
6.722039999999999509e+02,9.854533999999999239e+00
6.722089999999999463e+02,1.020887500000000081e+01
6.722150000000000318e+02,9.816226000000000340e+00
6.722210000000000036e+02,9.911993999999999971e+00
6.722259999999999991e+02,1.023760599999999954e+01
6.722319999999999709e+02,9.682150999999999286e+00
6.722380000000000564e+02,1.015141500000000008e+01
6.722440000000000282e+02,1.012268399999999957e+01
6.722490000000000236e+02,9.864110000000000156e+00
6.722549999999999955e+02,9.911993999999999971e+00
6.722609999999999673e+02,9.950302000000000646e+00
6.722659999999999627e+02,1.002691599999999994e+01
6.722720000000000482e+02,9.883264000000000493e+00
6.722780000000000200e+02,9.950302000000000646e+00
6.722830000000000155e+02,1.006522299999999959e+01
6.722889999999999873e+02,9.797072999999999254e+00
6.722949999999999591e+02,1.006522299999999959e+01
6.723010000000000446e+02,9.931148000000000309e+00
6.723060000000000400e+02,9.854533999999999239e+00
6.723120000000000118e+02,1.009395400000000009e+01
6.723179999999999836e+02,9.998186000000000462e+00
6.723229999999999791e+02,9.902418000000000831e+00
6.723289999999999509e+02,9.902418000000000831e+00
6.723350000000000364e+02,1.002691599999999994e+01
6.723400000000000318e+02,9.969454999999999956e+00
6.723460000000000036e+02,9.931148000000000309e+00
6.723519999999999754e+02,9.969454999999999956e+00
6.723569999999999709e+02,9.969454999999999956e+00
6.723630000000000564e+02,9.988609000000000293e+00
6.723690000000000282e+02,9.911993999999999971e+00
6.723750000000000000e+02,9.921571000000000140e+00
6.723799999999999955e+02,9.902418000000000831e+00
6.723859999999999673e+02,9.911993999999999971e+00
6.723909999999999627e+02,9.988609000000000293e+00
6.723970000000000482e+02,9.892841000000000662e+00
6.724030000000000200e+02,9.950302000000000646e+00
6.724089999999999918e+02,1.002691599999999994e+01
6.724139999999999873e+02,9.902418000000000831e+00
6.724199999999999591e+02,9.969454999999999956e+00
6.724249999999999545e+02,9.988609000000000293e+00
6.724310000000000400e+02,9.911993999999999971e+00
6.724370000000000118e+02,9.902418000000000831e+00
6.724420000000000073e+02,1.003649300000000011e+01
6.724479999999999791e+02,9.959877999999999787e+00
6.724539999999999509e+02,9.998186000000000462e+00
6.724589999999999463e+02,9.998186000000000462e+00
6.724650000000000318e+02,9.959877999999999787e+00
6.724710000000000036e+02,9.950302000000000646e+00
6.724769999999999754e+02,9.959877999999999787e+00
6.724819999999999709e+02,9.959877999999999787e+00
6.724880000000000564e+02,9.854533999999999239e+00
6.724930000000000518e+02,9.931148000000000309e+00
6.724990000000000236e+02,9.979032000000000124e+00
6.725049999999999955e+02,9.864110000000000156e+00
6.725099999999999909e+02,9.940725000000000477e+00
6.725159999999999627e+02,9.959877999999999787e+00
6.725220000000000482e+02,9.931148000000000309e+00
6.725270000000000437e+02,1.000776199999999960e+01
6.725330000000000155e+02,9.998186000000000462e+00
6.725389999999999873e+02,9.931148000000000309e+00
6.725439999999999827e+02,9.911993999999999971e+00
6.725499999999999545e+02,9.998186000000000462e+00
6.725560000000000400e+02,1.003649300000000011e+01
6.725620000000000118e+02,9.911993999999999971e+00
6.725670000000000073e+02,9.998186000000000462e+00
6.725729999999999791e+02,1.000776199999999960e+01
6.725789999999999509e+02,9.864110000000000156e+00
6.725839999999999463e+02,9.959877999999999787e+00
6.725900000000000318e+02,9.864110000000000156e+00
6.725960000000000036e+02,9.988609000000000293e+00
6.726009999999999991e+02,9.959877999999999787e+00
6.726069999999999709e+02,9.959877999999999787e+00
6.726130000000000564e+02,9.969454999999999956e+00
6.726180000000000518e+02,9.873687000000000324e+00
6.726240000000000236e+02,9.979032000000000124e+00
6.726299999999999955e+02,9.892841000000000662e+00
6.726349999999999909e+02,9.921571000000000140e+00
6.726409999999999627e+02,9.959877999999999787e+00
6.726470000000000482e+02,9.950302000000000646e+00
6.726520000000000437e+02,9.911993999999999971e+00
6.726580000000000155e+02,9.959877999999999787e+00
6.726639999999999873e+02,9.682150999999999286e+00
6.726689999999999827e+02,8.695740000000000691e+00
6.726749999999999545e+02,1.390552300000000052e+01
6.726810000000000400e+02,8.734047000000000338e+00
6.726860000000000355e+02,8.485049999999999315e+00
6.726920000000000073e+02,1.135809199999999919e+01
6.726979999999999791e+02,1.015141500000000008e+01
6.727039999999999509e+02,9.873687000000000324e+00
6.727089999999999463e+02,8.255207000000000406e+00
6.727150000000000318e+02,1.244984799999999936e+01
6.727210000000000036e+02,9.356540000000000745e+00
6.727269999999999754e+02,8.714893999999999252e+00
6.727329999999999472e+02,1.152089800000000075e+01
6.727380000000000564e+02,9.385270000000000223e+00
6.727440000000000282e+02,9.730035000000000878e+00
6.727500000000000000e+02,1.026633600000000079e+01
6.727559999999999718e+02,1.009395400000000009e+01
6.727619999999999436e+02,9.461883999999999517e+00
6.727670000000000528e+02,9.873687000000000324e+00
6.727730000000000246e+02,1.054406400000000055e+01
6.727789999999999964e+02,9.346963000000000577e+00
6.727849999999999682e+02,1.010353100000000026e+01
6.727910000000000537e+02,1.020887500000000081e+01
6.727960000000000491e+02,9.691727999999999454e+00
6.728020000000000209e+02,9.921571000000000140e+00
6.728079999999999927e+02,1.014183799999999991e+01
6.728139999999999645e+02,9.931148000000000309e+00
6.728200000000000500e+02,9.892841000000000662e+00
6.728250000000000455e+02,9.892841000000000662e+00
6.728310000000000173e+02,9.902418000000000831e+00
6.728360000000000127e+02,9.873687000000000324e+00
6.728419999999999845e+02,9.883264000000000493e+00
6.728479999999999563e+02,1.015141500000000008e+01
6.728529999999999518e+02,9.883264000000000493e+00
6.728590000000000373e+02,9.749188999999999439e+00
6.728650000000000091e+02,1.023760599999999954e+01
6.728700000000000045e+02,9.768342000000000525e+00
6.728759999999999764e+02,9.902418000000000831e+00
6.728819999999999482e+02,1.016099099999999922e+01
6.728880000000000337e+02,9.816226000000000340e+00
6.728930000000000291e+02,9.902418000000000831e+00
6.728990000000000009e+02,9.921571000000000140e+00
6.729049999999999727e+02,9.950302000000000646e+00
6.729099999999999682e+02,9.959877999999999787e+00
6.729160000000000537e+02,9.892841000000000662e+00
6.729220000000000255e+02,1.012268399999999957e+01
6.729270000000000209e+02,9.911993999999999971e+00
6.729329999999999927e+02,9.911993999999999971e+00
6.729389999999999645e+02,1.001733899999999977e+01
6.729450000000000500e+02,9.835380000000000678e+00
6.729500000000000455e+02,9.921571000000000140e+00
6.729560000000000173e+02,9.911993999999999971e+00
6.729619999999999891e+02,9.844957000000000846e+00
6.729669999999999845e+02,9.911993999999999971e+00
6.729729999999999563e+02,9.940725000000000477e+00
6.729779999999999518e+02,9.940725000000000477e+00
6.729840000000000373e+02,9.883264000000000493e+00
6.729900000000000091e+02,1.004607000000000028e+01
6.729959999999999809e+02,9.892841000000000662e+00
6.730009999999999764e+02,9.921571000000000140e+00
6.730069999999999482e+02,9.902418000000000831e+00
6.730130000000000337e+02,1.002691599999999994e+01
6.730180000000000291e+02,9.959877999999999787e+00
6.730240000000000009e+02,9.883264000000000493e+00
6.730299999999999727e+02,9.998186000000000462e+00
6.730349999999999682e+02,9.921571000000000140e+00
6.730410000000000537e+02,9.940725000000000477e+00
6.730470000000000255e+02,1.004607000000000028e+01
6.730520000000000209e+02,9.892841000000000662e+00
6.730579999999999927e+02,9.940725000000000477e+00
6.730639999999999645e+02,9.969454999999999956e+00
6.730700000000000500e+02,9.931148000000000309e+00
6.730750000000000455e+02,9.950302000000000646e+00
6.730810000000000173e+02,9.998186000000000462e+00
6.730869999999999891e+02,9.864110000000000156e+00
6.730919999999999845e+02,9.959877999999999787e+00
6.730979999999999563e+02,9.892841000000000662e+00
6.731040000000000418e+02,9.969454999999999956e+00
6.731090000000000373e+02,9.940725000000000477e+00
6.731150000000000091e+02,9.883264000000000493e+00
6.731200000000000045e+02,9.940725000000000477e+00
6.731259999999999764e+02,9.911993999999999971e+00
6.731319999999999482e+02,9.864110000000000156e+00
6.731380000000000337e+02,9.940725000000000477e+00
6.731430000000000291e+02,9.940725000000000477e+00
6.731490000000000009e+02,9.883264000000000493e+00
6.731539999999999964e+02,9.902418000000000831e+00
6.731599999999999682e+02,9.940725000000000477e+00
6.731660000000000537e+02,9.950302000000000646e+00
6.731720000000000255e+02,9.883264000000000493e+00
6.731770000000000209e+02,9.940725000000000477e+00
6.731829999999999927e+02,9.940725000000000477e+00
6.731879999999999882e+02,9.902418000000000831e+00
6.731939999999999600e+02,9.902418000000000831e+00
6.732000000000000455e+02,9.931148000000000309e+00
6.732060000000000173e+02,9.979032000000000124e+00
6.732110000000000127e+02,9.998186000000000462e+00
6.732169999999999845e+02,9.921571000000000140e+00
6.732219999999999800e+02,9.969454999999999956e+00
6.732279999999999518e+02,9.911993999999999971e+00
6.732340000000000373e+02,9.950302000000000646e+00
6.732390000000000327e+02,9.931148000000000309e+00
6.732450000000000045e+02,9.950302000000000646e+00
6.732509999999999764e+02,9.959877999999999787e+00
6.732559999999999718e+02,9.902418000000000831e+00
6.732619999999999436e+02,9.940725000000000477e+00
6.732680000000000291e+02,9.931148000000000309e+00
6.732730000000000246e+02,9.911993999999999971e+00
6.732789999999999964e+02,9.902418000000000831e+00
6.732849999999999682e+02,8.983043999999999585e+00
6.732899999999999636e+02,9.816226000000000340e+00
6.732960000000000491e+02,1.270842200000000055e+01
6.733020000000000209e+02,7.757213000000000136e+00
6.733070000000000164e+02,9.720458000000000709e+00
6.733129999999999882e+02,1.040041199999999932e+01
6.733189999999999600e+02,1.078348399999999963e+01
6.733250000000000455e+02,8.973466999999999416e+00
6.733310000000000173e+02,8.686163000000000523e+00
6.733360000000000127e+02,1.234450299999999956e+01
6.733419999999999845e+02,9.117119000000000639e+00
6.733479999999999563e+02,9.548076000000000008e+00
6.733529999999999518e+02,1.115697899999999976e+01
6.733590000000000373e+02,9.567228999999999317e+00
6.733650000000000091e+02,9.864110000000000156e+00
6.733709999999999809e+02,1.006522299999999959e+01
6.733769999999999527e+02,1.017056799999999939e+01
6.733830000000000382e+02,9.490615000000000023e+00
6.733880000000000337e+02,1.006522299999999959e+01
6.733940000000000055e+02,1.035252700000000026e+01
6.733999999999999773e+02,9.471460999999999686e+00
6.734059999999999491e+02,1.001733899999999977e+01
6.734109999999999445e+02,1.022802899999999937e+01
6.734170000000000300e+02,9.701304999999999623e+00
6.734230000000000018e+02,9.911993999999999971e+00
6.734289999999999736e+02,1.011310699999999940e+01
6.734349999999999454e+02,9.883264000000000493e+00
6.734400000000000546e+02,9.931148000000000309e+00
6.734460000000000264e+02,9.998186000000000462e+00
6.734519999999999982e+02,1.003649300000000011e+01
6.734569999999999936e+02,9.835380000000000678e+00
6.734629999999999654e+02,9.816226000000000340e+00
6.734690000000000509e+02,1.014183799999999991e+01
6.734740000000000464e+02,9.749188999999999439e+00
6.734800000000000182e+02,9.969454999999999956e+00
6.734859999999999900e+02,1.008437699999999992e+01
6.734919999999999618e+02,9.701304999999999623e+00
6.734969999999999573e+02,1.007479999999999976e+01
6.735030000000000427e+02,9.979032000000000124e+00
6.735090000000000146e+02,9.873687000000000324e+00
6.735140000000000100e+02,1.001733899999999977e+01
6.735199999999999818e+02,9.873687000000000324e+00
6.735259999999999536e+02,1.008437699999999992e+01
6.735320000000000391e+02,9.816226000000000340e+00
6.735380000000000109e+02,1.002691599999999994e+01
6.735430000000000064e+02,1.006522299999999959e+01
6.735489999999999782e+02,9.797072999999999254e+00
6.735549999999999500e+02,1.006522299999999959e+01
6.735610000000000355e+02,9.921571000000000140e+00
6.735660000000000309e+02,9.883264000000000493e+00
6.735720000000000027e+02,1.004607000000000028e+01
6.735769999999999982e+02,9.931148000000000309e+00
6.735829999999999700e+02,9.969454999999999956e+00
6.735890000000000555e+02,9.931148000000000309e+00
6.735950000000000273e+02,9.998186000000000462e+00
6.736000000000000227e+02,9.931148000000000309e+00
6.736059999999999945e+02,9.835380000000000678e+00
6.736119999999999663e+02,9.988609000000000293e+00
6.736169999999999618e+02,9.959877999999999787e+00
6.736230000000000473e+02,1.001733899999999977e+01
6.736290000000000191e+02,9.959877999999999787e+00
6.736340000000000146e+02,9.940725000000000477e+00
6.736399999999999864e+02,9.892841000000000662e+00
6.736459999999999582e+02,9.940725000000000477e+00
6.736509999999999536e+02,1.005564599999999942e+01
6.736570000000000391e+02,9.911993999999999971e+00
6.736630000000000109e+02,9.940725000000000477e+00
6.736689999999999827e+02,9.979032000000000124e+00
6.736739999999999782e+02,9.873687000000000324e+00
6.736799999999999500e+02,9.902418000000000831e+00
6.736849999999999454e+02,9.950302000000000646e+00
6.736910000000000309e+02,1.002691599999999994e+01
6.736970000000000027e+02,9.950302000000000646e+00
6.737029999999999745e+02,9.940725000000000477e+00
6.737079999999999700e+02,9.959877999999999787e+00
6.737140000000000555e+02,9.988609000000000293e+00
6.737200000000000273e+02,9.979032000000000124e+00
6.737250000000000227e+02,9.940725000000000477e+00
6.737309999999999945e+02,9.940725000000000477e+00
6.737369999999999663e+02,9.969454999999999956e+00
6.737430000000000518e+02,9.892841000000000662e+00
6.737480000000000473e+02,1.000776199999999960e+01
6.737540000000000191e+02,9.950302000000000646e+00
6.737590000000000146e+02,9.979032000000000124e+00
6.737649999999999864e+02,9.959877999999999787e+00
6.737709999999999582e+02,9.873687000000000324e+00
6.737770000000000437e+02,9.959877999999999787e+00
6.737820000000000391e+02,9.969454999999999956e+00
6.737880000000000109e+02,9.940725000000000477e+00
6.737930000000000064e+02,9.979032000000000124e+00
6.737989999999999782e+02,9.969454999999999956e+00
6.738049999999999500e+02,9.873687000000000324e+00
6.738099999999999454e+02,1.001733899999999977e+01
6.738160000000000309e+02,9.950302000000000646e+00
6.738220000000000027e+02,9.921571000000000140e+00
6.738269999999999982e+02,9.931148000000000309e+00
6.738329999999999700e+02,9.959877999999999787e+00
6.738390000000000555e+02,9.911993999999999971e+00
6.738450000000000273e+02,9.940725000000000477e+00
6.738500000000000227e+02,9.931148000000000309e+00
6.738559999999999945e+02,9.931148000000000309e+00
6.738609999999999900e+02,9.969454999999999956e+00
6.738669999999999618e+02,9.892841000000000662e+00
6.738730000000000473e+02,9.854533999999999239e+00
6.738790000000000191e+02,9.950302000000000646e+00
6.738840000000000146e+02,9.892841000000000662e+00
6.738899999999999864e+02,9.979032000000000124e+00
6.738949999999999818e+02,9.749188999999999439e+00
6.739009999999999536e+02,8.082824000000000453e+00
6.739070000000000391e+02,1.226788900000000027e+01
6.739130000000000109e+02,1.005564599999999942e+01
6.739189999999999827e+02,6.933608000000000438e+00
6.739239999999999782e+02,1.078348399999999963e+01
6.739299999999999500e+02,1.063983200000000018e+01
6.739360000000000355e+02,9.940725000000000477e+00
6.739420000000000073e+02,8.226475999999999900e+00
6.739470000000000027e+02,1.000776199999999960e+01
6.739529999999999745e+02,1.181777899999999981e+01
6.739589999999999463e+02,7.393294000000000032e+00
6.739650000000000318e+02,1.060152399999999950e+01
6.739710000000000036e+02,1.002691599999999994e+01
6.739759999999999991e+02,8.820237999999999801e+00
6.739819999999999709e+02,1.037168100000000059e+01
6.739880000000000564e+02,1.020887500000000081e+01
6.739940000000000282e+02,9.730035000000000878e+00
6.739990000000000236e+02,9.595959999999999823e+00
6.740049999999999955e+02,1.081221400000000088e+01
6.740109999999999673e+02,9.586382999999999655e+00
6.740170000000000528e+02,9.835380000000000678e+00
6.740220000000000482e+02,1.021845199999999920e+01
6.740280000000000200e+02,9.854533999999999239e+00
6.740339999999999918e+02,9.758765000000000356e+00
6.740399999999999636e+02,1.012268399999999957e+01
6.740449999999999591e+02,1.007479999999999976e+01
6.740510000000000446e+02,9.797072999999999254e+00
6.740570000000000164e+02,1.000776199999999960e+01
6.740629999999999882e+02,1.001733899999999977e+01
6.740689999999999600e+02,9.931148000000000309e+00
6.740739999999999554e+02,9.825803000000000509e+00
6.740800000000000409e+02,1.007479999999999976e+01
6.740850000000000364e+02,1.019929899999999989e+01
6.740910000000000082e+02,9.691727999999999454e+00
6.740969999999999800e+02,1.016099099999999922e+01
6.741029999999999518e+02,9.969454999999999956e+00
6.741090000000000373e+02,9.739611999999999270e+00
6.741140000000000327e+02,1.013226099999999974e+01
6.741200000000000045e+02,9.873687000000000324e+00
6.741259999999999764e+02,9.902418000000000831e+00
6.741319999999999482e+02,9.959877999999999787e+00
6.741369999999999436e+02,9.873687000000000324e+00
6.741430000000000291e+02,1.005564599999999942e+01
6.741480000000000246e+02,9.835380000000000678e+00
6.741539999999999964e+02,1.004607000000000028e+01
6.741599999999999682e+02,9.911993999999999971e+00
6.741660000000000537e+02,9.777919000000000693e+00
6.741710000000000491e+02,1.006522299999999959e+01
6.741770000000000209e+02,9.969454999999999956e+00
6.741829999999999927e+02,9.864110000000000156e+00
6.741879999999999882e+02,9.950302000000000646e+00
6.741939999999999600e+02,9.892841000000000662e+00
6.742000000000000455e+02,1.006522299999999959e+01
6.742060000000000173e+02,9.844957000000000846e+00
6.742110000000000127e+02,9.969454999999999956e+00
6.742169999999999845e+02,1.001733899999999977e+01
6.742229999999999563e+02,9.921571000000000140e+00
6.742279999999999518e+02,9.988609000000000293e+00
6.742340000000000373e+02,9.940725000000000477e+00
6.742400000000000091e+02,9.959877999999999787e+00
6.742459999999999809e+02,9.864110000000000156e+00
6.742509999999999764e+02,9.950302000000000646e+00
6.742569999999999482e+02,9.979032000000000124e+00
6.742619999999999436e+02,9.883264000000000493e+00
6.742680000000000291e+02,1.002691599999999994e+01
6.742740000000000009e+02,9.892841000000000662e+00
6.742799999999999727e+02,9.979032000000000124e+00
6.742849999999999682e+02,9.911993999999999971e+00
6.742910000000000537e+02,9.911993999999999971e+00
6.742960000000000491e+02,9.950302000000000646e+00
6.743020000000000209e+02,9.950302000000000646e+00
6.743079999999999927e+02,9.873687000000000324e+00
6.743139999999999645e+02,9.959877999999999787e+00
6.743189999999999600e+02,9.979032000000000124e+00
6.743250000000000455e+02,9.931148000000000309e+00
6.743300000000000409e+02,9.979032000000000124e+00
6.743360000000000127e+02,9.873687000000000324e+00
6.743419999999999845e+02,9.959877999999999787e+00
6.743479999999999563e+02,9.902418000000000831e+00
6.743529999999999518e+02,9.940725000000000477e+00
6.743590000000000373e+02,9.950302000000000646e+00
6.743640000000000327e+02,9.911993999999999971e+00
6.743700000000000045e+02,9.940725000000000477e+00
6.743759999999999764e+02,9.950302000000000646e+00
6.743809999999999718e+02,9.921571000000000140e+00
6.743869999999999436e+02,9.950302000000000646e+00
6.743930000000000291e+02,9.911993999999999971e+00
6.743980000000000246e+02,9.864110000000000156e+00
6.744039999999999964e+02,9.883264000000000493e+00
6.744099999999999682e+02,9.969454999999999956e+00
6.744149999999999636e+02,9.979032000000000124e+00
6.744210000000000491e+02,9.969454999999999956e+00
6.744270000000000209e+02,1.001733899999999977e+01
6.744320000000000164e+02,9.950302000000000646e+00
6.744379999999999882e+02,9.911993999999999971e+00
6.744439999999999600e+02,9.959877999999999787e+00
6.744500000000000455e+02,9.988609000000000293e+00
6.744550000000000409e+02,9.959877999999999787e+00
6.744610000000000127e+02,9.940725000000000477e+00
6.744660000000000082e+02,9.911993999999999971e+00
6.744719999999999800e+02,9.165003000000000455e+00
6.744779999999999518e+02,9.404424000000000561e+00
6.744840000000000373e+02,1.239238699999999938e+01
6.744890000000000327e+02,8.140285000000000437e+00
6.744950000000000045e+02,9.270348000000000255e+00
6.745009999999999764e+02,1.105163399999999996e+01
6.745069999999999482e+02,1.011310699999999940e+01
6.745130000000000337e+02,9.289502000000000592e+00
6.745180000000000291e+02,8.877698999999999785e+00
6.745240000000000009e+02,1.196143099999999926e+01
6.745299999999999727e+02,9.356540000000000745e+00
6.745349999999999682e+02,8.925582999999999601e+00
6.745410000000000537e+02,1.135809199999999919e+01
6.745470000000000255e+02,9.500192000000000192e+00
6.745529999999999973e+02,9.758765000000000356e+00
6.745579999999999927e+02,1.031422000000000061e+01
6.745639999999999645e+02,1.009395400000000009e+01
6.745700000000000500e+02,9.461883999999999517e+00
6.745760000000000218e+02,1.003649300000000011e+01
6.745819999999999936e+02,1.032379700000000078e+01
6.745869999999999891e+02,9.490615000000000023e+00
6.745929999999999609e+02,1.000776199999999960e+01
6.745990000000000464e+02,1.015141500000000008e+01
6.746050000000000182e+02,9.643843999999999639e+00
6.746109999999999900e+02,9.950302000000000646e+00
6.746159999999999854e+02,1.014183799999999991e+01
6.746219999999999573e+02,9.835380000000000678e+00
6.746280000000000427e+02,9.883264000000000493e+00
6.746330000000000382e+02,1.003649300000000011e+01
6.746390000000000100e+02,9.979032000000000124e+00
6.746449999999999818e+02,9.931148000000000309e+00
6.746509999999999536e+02,9.873687000000000324e+00
6.746559999999999491e+02,1.018972199999999972e+01
6.746620000000000346e+02,9.797072999999999254e+00
6.746680000000000064e+02,9.806649999999999423e+00
6.746739999999999782e+02,1.011310699999999940e+01
6.746789999999999736e+02,9.739611999999999270e+00
6.746849999999999454e+02,9.921571000000000140e+00
6.746900000000000546e+02,1.010353100000000026e+01
6.746960000000000264e+02,9.864110000000000156e+00
6.747019999999999982e+02,9.988609000000000293e+00
6.747079999999999700e+02,9.911993999999999971e+00
6.747140000000000555e+02,1.006522299999999959e+01
6.747190000000000509e+02,9.950302000000000646e+00
6.747250000000000227e+02,9.940725000000000477e+00
6.747300000000000182e+02,1.001733899999999977e+01
6.747359999999999900e+02,9.806649999999999423e+00
6.747419999999999618e+02,1.007479999999999976e+01
6.747480000000000473e+02,9.998186000000000462e+00
6.747530000000000427e+02,9.873687000000000324e+00
6.747590000000000146e+02,1.001733899999999977e+01
6.747649999999999864e+02,9.931148000000000309e+00
6.747699999999999818e+02,9.921571000000000140e+00
6.747759999999999536e+02,9.883264000000000493e+00
6.747820000000000391e+02,1.005564599999999942e+01
6.747880000000000109e+02,9.950302000000000646e+00
6.747930000000000064e+02,9.902418000000000831e+00
6.747989999999999782e+02,1.009395400000000009e+01
6.748049999999999500e+02,9.950302000000000646e+00
6.748099999999999454e+02,9.940725000000000477e+00
6.748160000000000309e+02,1.003649300000000011e+01
6.748220000000000027e+02,9.969454999999999956e+00
6.748269999999999982e+02,9.911993999999999971e+00
6.748329999999999700e+02,9.873687000000000324e+00
6.748390000000000555e+02,9.979032000000000124e+00
6.748450000000000273e+02,9.969454999999999956e+00
6.748500000000000227e+02,9.940725000000000477e+00
6.748559999999999945e+02,1.001733899999999977e+01
6.748609999999999900e+02,9.931148000000000309e+00
6.748669999999999618e+02,9.979032000000000124e+00
6.748730000000000473e+02,9.940725000000000477e+00
6.748780000000000427e+02,9.969454999999999956e+00
6.748840000000000146e+02,9.950302000000000646e+00
6.748899999999999864e+02,9.931148000000000309e+00
6.748949999999999818e+02,9.921571000000000140e+00
6.749009999999999536e+02,9.921571000000000140e+00
6.749070000000000391e+02,9.864110000000000156e+00
6.749130000000000109e+02,9.950302000000000646e+00
6.749180000000000064e+02,9.931148000000000309e+00
6.749239999999999782e+02,9.931148000000000309e+00
6.749299999999999500e+02,9.959877999999999787e+00
6.749349999999999454e+02,9.969454999999999956e+00
6.749410000000000309e+02,9.902418000000000831e+00
6.749470000000000027e+02,9.911993999999999971e+00
6.749519999999999982e+02,9.902418000000000831e+00
6.749579999999999700e+02,9.892841000000000662e+00
6.749640000000000555e+02,9.969454999999999956e+00
6.749690000000000509e+02,9.940725000000000477e+00
6.749750000000000227e+02,9.873687000000000324e+00
6.749809999999999945e+02,9.710881000000000540e+00
6.749859999999999900e+02,8.992620999999999754e+00
6.749919999999999618e+02,1.249773199999999918e+01
6.749980000000000473e+02,9.126696000000000808e+00
6.750030000000000427e+02,7.402871000000000201e+00
6.750090000000000146e+02,1.108994200000000063e+01
6.750149999999999864e+02,1.062067799999999984e+01
6.750209999999999582e+02,9.720458000000000709e+00
6.750270000000000437e+02,8.590394999999999115e+00
6.750320000000000391e+02,1.103248100000000065e+01
6.750380000000000109e+02,1.051533300000000004e+01
6.750439999999999827e+02,7.680597999999999814e+00
6.750499999999999545e+02,1.123359400000000008e+01
6.750549999999999500e+02,1.068771599999999999e+01
6.750610000000000355e+02,8.877698999999999785e+00
6.750670000000000073e+02,1.039083499999999916e+01
6.750729999999999791e+02,1.017056799999999939e+01
6.750789999999999509e+02,9.662997000000000725e+00
6.750850000000000364e+02,9.615112999999999133e+00
6.750900000000000318e+02,1.075475299999999912e+01
6.750960000000000036e+02,9.538498999999999839e+00
6.751019999999999754e+02,9.528921999999999670e+00
6.751069999999999709e+02,1.039083499999999916e+01
6.751130000000000564e+02,9.787496000000000862e+00
6.751190000000000282e+02,9.730035000000000878e+00
6.751250000000000000e+02,1.010353100000000026e+01
6.751299999999999955e+02,1.005564599999999942e+01
6.751359999999999673e+02,9.825803000000000509e+00
6.751420000000000528e+02,9.959877999999999787e+00
6.751480000000000246e+02,1.009395400000000009e+01
6.751530000000000200e+02,9.835380000000000678e+00
6.751589999999999918e+02,9.864110000000000156e+00
6.751649999999999636e+02,1.008437699999999992e+01
6.751710000000000491e+02,1.002691599999999994e+01
6.751760000000000446e+02,9.758765000000000356e+00
6.751820000000000164e+02,1.014183799999999991e+01
6.751879999999999882e+02,9.883264000000000493e+00
6.751929999999999836e+02,9.682150999999999286e+00
6.751989999999999554e+02,1.018972199999999972e+01
6.752050000000000409e+02,9.940725000000000477e+00
6.752110000000000127e+02,9.911993999999999971e+00
6.752160000000000082e+02,9.940725000000000477e+00
6.752219999999999800e+02,1.009395400000000009e+01
6.752279999999999518e+02,1.000776199999999960e+01
6.752329999999999472e+02,9.873687000000000324e+00
6.752390000000000327e+02,1.002691599999999994e+01
6.752450000000000045e+02,9.921571000000000140e+00
6.752509999999999764e+02,9.835380000000000678e+00
6.752559999999999718e+02,1.002691599999999994e+01
6.752619999999999436e+02,9.883264000000000493e+00
6.752680000000000291e+02,9.911993999999999971e+00
6.752730000000000246e+02,9.979032000000000124e+00
6.752789999999999964e+02,9.892841000000000662e+00
6.752849999999999682e+02,9.998186000000000462e+00
6.752899999999999636e+02,9.998186000000000462e+00
6.752960000000000491e+02,9.950302000000000646e+00
6.753020000000000209e+02,9.940725000000000477e+00
6.753070000000000164e+02,9.959877999999999787e+00
6.753129999999999882e+02,9.902418000000000831e+00
6.753189999999999600e+02,9.921571000000000140e+00
6.753239999999999554e+02,9.959877999999999787e+00
6.753300000000000409e+02,9.892841000000000662e+00
6.753360000000000127e+02,9.950302000000000646e+00
6.753410000000000082e+02,9.959877999999999787e+00
6.753469999999999800e+02,9.950302000000000646e+00
6.753529999999999518e+02,9.902418000000000831e+00
6.753579999999999472e+02,9.892841000000000662e+00
6.753640000000000327e+02,9.969454999999999956e+00
6.753690000000000282e+02,9.959877999999999787e+00
6.753750000000000000e+02,9.921571000000000140e+00
6.753809999999999718e+02,9.998186000000000462e+00
6.753869999999999436e+02,9.959877999999999787e+00
6.753920000000000528e+02,9.902418000000000831e+00
6.753980000000000246e+02,1.000776199999999960e+01
6.754030000000000200e+02,9.940725000000000477e+00
6.754089999999999918e+02,9.911993999999999971e+00
6.754149999999999636e+02,9.940725000000000477e+00
6.754210000000000491e+02,9.950302000000000646e+00
6.754260000000000446e+02,9.864110000000000156e+00
6.754320000000000164e+02,9.969454999999999956e+00
6.754370000000000118e+02,9.959877999999999787e+00
6.754429999999999836e+02,9.864110000000000156e+00
6.754489999999999554e+02,9.864110000000000156e+00
6.754550000000000409e+02,9.959877999999999787e+00
6.754600000000000364e+02,9.911993999999999971e+00
6.754660000000000082e+02,9.883264000000000493e+00
6.754710000000000036e+02,9.931148000000000309e+00
6.754769999999999754e+02,9.998186000000000462e+00
6.754829999999999472e+02,9.902418000000000831e+00
6.754880000000000564e+02,9.854533999999999239e+00
6.754940000000000282e+02,1.000776199999999960e+01
6.755000000000000000e+02,9.950302000000000646e+00
6.755059999999999718e+02,9.931148000000000309e+00
6.755109999999999673e+02,9.950302000000000646e+00
6.755170000000000528e+02,9.998186000000000462e+00
6.755230000000000246e+02,9.921571000000000140e+00
6.755280000000000200e+02,9.892841000000000662e+00
6.755339999999999918e+02,9.931148000000000309e+00
6.755399999999999636e+02,9.940725000000000477e+00
6.755449999999999591e+02,9.911993999999999971e+00
6.755510000000000446e+02,9.921571000000000140e+00
6.755570000000000164e+02,9.902418000000000831e+00
6.755620000000000118e+02,9.931148000000000309e+00
6.755679999999999836e+02,1.000776199999999960e+01
6.755739999999999554e+02,9.959877999999999787e+00
6.755789999999999509e+02,9.787496000000000862e+00
6.755850000000000364e+02,8.101978000000000790e+00
6.755910000000000082e+02,1.094628900000000016e+01
6.755960000000000036e+02,1.305318699999999943e+01
6.756019999999999754e+02,6.110001999999999711e+00
6.756079999999999472e+02,9.576805999999999486e+00
6.756140000000000327e+02,1.166455000000000020e+01
6.756190000000000282e+02,1.025675900000000063e+01
6.756250000000000000e+02,8.542510999999999299e+00
6.756309999999999718e+02,8.743624000000000507e+00
6.756369999999999436e+02,1.301487999999999978e+01
6.756420000000000528e+02,8.475472999999999146e+00
6.756480000000000246e+02,9.299079000000000761e+00
6.756539999999999964e+02,1.166455000000000020e+01
6.756599999999999682e+02,9.212887000000000270e+00
6.756660000000000537e+02,9.777919000000000693e+00
6.756710000000000491e+02,1.024718299999999971e+01
6.756770000000000209e+02,1.018014499999999956e+01
6.756829999999999927e+02,9.433154000000000039e+00
6.756889999999999645e+02,1.008437699999999992e+01
6.756950000000000500e+02,1.040998800000000024e+01
6.757000000000000455e+02,9.279925000000000423e+00
6.757060000000000173e+02,1.021845199999999920e+01
6.757119999999999891e+02,1.012268399999999957e+01
6.757179999999999609e+02,9.758765000000000356e+00
6.757229999999999563e+02,9.959877999999999787e+00
6.757290000000000418e+02,1.015141500000000008e+01
6.757350000000000136e+02,9.825803000000000509e+00
6.757400000000000091e+02,9.883264000000000493e+00
6.757459999999999809e+02,9.979032000000000124e+00
6.757519999999999527e+02,9.902418000000000831e+00
6.757580000000000382e+02,9.950302000000000646e+00
6.757630000000000337e+02,9.825803000000000509e+00
6.757690000000000055e+02,1.015141500000000008e+01
6.757749999999999773e+02,9.873687000000000324e+00
6.757799999999999727e+02,9.892841000000000662e+00
6.757859999999999445e+02,1.017056799999999939e+01
6.757920000000000300e+02,9.653420999999999808e+00
6.757980000000000018e+02,1.007479999999999976e+01
6.758029999999999973e+02,1.010353100000000026e+01
6.758089999999999691e+02,9.777919000000000693e+00
6.758150000000000546e+02,1.006522299999999959e+01
6.758210000000000264e+02,9.883264000000000493e+00
6.758260000000000218e+02,1.007479999999999976e+01
6.758319999999999936e+02,9.892841000000000662e+00
6.758379999999999654e+02,1.004607000000000028e+01
6.758429999999999609e+02,1.004607000000000028e+01
6.758490000000000464e+02,9.739611999999999270e+00
6.758550000000000182e+02,1.006522299999999959e+01
6.758609999999999900e+02,9.931148000000000309e+00
6.758659999999999854e+02,9.825803000000000509e+00
6.758719999999999573e+02,9.998186000000000462e+00
6.758780000000000427e+02,9.959877999999999787e+00
6.758840000000000146e+02,9.931148000000000309e+00
6.758890000000000100e+02,9.950302000000000646e+00
6.758949999999999818e+02,1.007479999999999976e+01
6.759009999999999536e+02,9.854533999999999239e+00
6.759059999999999491e+02,9.883264000000000493e+00
6.759120000000000346e+02,1.002691599999999994e+01
6.759180000000000064e+02,9.911993999999999971e+00
6.759239999999999782e+02,9.998186000000000462e+00
6.759289999999999736e+02,9.969454999999999956e+00
6.759349999999999454e+02,9.940725000000000477e+00
6.759400000000000546e+02,9.921571000000000140e+00
6.759460000000000264e+02,9.873687000000000324e+00
6.759519999999999982e+02,1.005564599999999942e+01
6.759579999999999700e+02,9.911993999999999971e+00
6.759629999999999654e+02,9.902418000000000831e+00
6.759690000000000509e+02,9.979032000000000124e+00
6.759740000000000464e+02,9.892841000000000662e+00
6.759800000000000182e+02,9.921571000000000140e+00
6.759859999999999900e+02,1.006522299999999959e+01
6.759919999999999618e+02,9.902418000000000831e+00
6.759980000000000473e+02,9.921571000000000140e+00
6.760030000000000427e+02,9.921571000000000140e+00
6.760090000000000146e+02,9.902418000000000831e+00
6.760140000000000100e+02,9.950302000000000646e+00
6.760199999999999818e+02,9.979032000000000124e+00
6.760259999999999536e+02,9.902418000000000831e+00
6.760320000000000391e+02,9.959877999999999787e+00
6.760370000000000346e+02,9.959877999999999787e+00
6.760430000000000064e+02,9.969454999999999956e+00
6.760480000000000018e+02,9.864110000000000156e+00
6.760539999999999736e+02,9.921571000000000140e+00
6.760599999999999454e+02,1.003649300000000011e+01
6.760650000000000546e+02,9.854533999999999239e+00
6.760710000000000264e+02,9.969454999999999956e+00
6.760769999999999982e+02,9.902418000000000831e+00
6.760819999999999936e+02,9.931148000000000309e+00
6.760879999999999654e+02,9.950302000000000646e+00
6.760940000000000509e+02,9.988609000000000293e+00
6.760990000000000464e+02,9.902418000000000831e+00
6.761050000000000182e+02,9.988609000000000293e+00
6.761109999999999900e+02,9.969454999999999956e+00
6.761159999999999854e+02,1.003649300000000011e+01
6.761219999999999573e+02,9.921571000000000140e+00
6.761280000000000427e+02,9.864110000000000156e+00
6.761340000000000146e+02,9.969454999999999956e+00
6.761390000000000100e+02,1.014183799999999991e+01
6.761449999999999818e+02,9.777919000000000693e+00
6.761509999999999536e+02,9.931148000000000309e+00
6.761559999999999491e+02,9.959877999999999787e+00
6.761620000000000346e+02,9.873687000000000324e+00
6.761680000000000064e+02,9.873687000000000324e+00
6.761730000000000018e+02,9.979032000000000124e+00
6.761789999999999736e+02,9.988609000000000293e+00
6.761849999999999454e+02,9.902418000000000831e+00
6.761900000000000546e+02,9.816226000000000340e+00
6.761960000000000264e+02,8.877698999999999785e+00
6.762019999999999982e+02,1.033337399999999917e+01
6.762079999999999700e+02,1.303403300000000087e+01
6.762129999999999654e+02,6.694187000000000332e+00
6.762190000000000509e+02,9.816226000000000340e+00
6.762250000000000227e+02,1.160708900000000021e+01
6.762309999999999945e+02,1.008437699999999992e+01
6.762369999999999663e+02,8.331820999999999700e+00
6.762419999999999618e+02,9.902418000000000831e+00
6.762480000000000473e+02,1.215296700000000030e+01
6.762540000000000191e+02,8.169015999999999167e+00
6.762599999999999909e+02,9.825803000000000509e+00
6.762649999999999864e+02,1.135809199999999919e+01
6.762709999999999582e+02,9.356540000000000745e+00
6.762770000000000437e+02,9.643843999999999639e+00
6.762820000000000391e+02,1.046744900000000023e+01
6.762880000000000109e+02,1.017056799999999939e+01
6.762939999999999827e+02,8.916005999999999432e+00
6.762999999999999545e+02,1.067813899999999983e+01
6.763060000000000400e+02,1.000776199999999960e+01
6.763120000000000118e+02,9.337386000000000408e+00
6.763170000000000073e+02,1.031422000000000061e+01
6.763229999999999791e+02,1.000776199999999960e+01
6.763289999999999509e+02,9.854533999999999239e+00
6.763350000000000364e+02,9.787496000000000862e+00
6.763400000000000318e+02,1.006522299999999959e+01
6.763460000000000036e+02,1.011310699999999940e+01
6.763519999999999754e+02,9.768342000000000525e+00
6.763579999999999472e+02,9.883264000000000493e+00
6.763630000000000564e+02,1.016099099999999922e+01
6.763690000000000282e+02,9.662997000000000725e+00
6.763750000000000000e+02,9.998186000000000462e+00
6.763799999999999955e+02,1.023760599999999954e+01
6.763859999999999673e+02,9.730035000000000878e+00
6.763920000000000528e+02,9.816226000000000340e+00
6.763980000000000246e+02,1.011310699999999940e+01
6.764030000000000200e+02,9.797072999999999254e+00
6.764089999999999918e+02,9.835380000000000678e+00
6.764149999999999636e+02,1.013226099999999974e+01
6.764199999999999591e+02,9.816226000000000340e+00
6.764260000000000446e+02,9.873687000000000324e+00
6.764320000000000164e+02,9.998186000000000462e+00
6.764370000000000118e+02,9.979032000000000124e+00
6.764429999999999836e+02,9.883264000000000493e+00
6.764489999999999554e+02,9.931148000000000309e+00
6.764539999999999509e+02,9.979032000000000124e+00
6.764600000000000364e+02,9.883264000000000493e+00
6.764660000000000082e+02,9.931148000000000309e+00
6.764710000000000036e+02,1.000776199999999960e+01
6.764769999999999754e+02,9.940725000000000477e+00
6.764829999999999472e+02,9.892841000000000662e+00
6.764890000000000327e+02,9.892841000000000662e+00
6.764940000000000282e+02,9.959877999999999787e+00
6.765000000000000000e+02,9.864110000000000156e+00
6.765059999999999718e+02,9.979032000000000124e+00
6.765109999999999673e+02,9.950302000000000646e+00
6.765170000000000528e+02,9.902418000000000831e+00
6.765230000000000246e+02,9.940725000000000477e+00
6.765280000000000200e+02,9.931148000000000309e+00
6.765339999999999918e+02,9.902418000000000831e+00
6.765399999999999636e+02,9.911993999999999971e+00
6.765449999999999591e+02,9.998186000000000462e+00
6.765510000000000446e+02,9.959877999999999787e+00
6.765560000000000400e+02,9.825803000000000509e+00
6.765620000000000118e+02,1.003649300000000011e+01
6.765679999999999836e+02,9.892841000000000662e+00
6.765739999999999554e+02,9.940725000000000477e+00
6.765789999999999509e+02,1.002691599999999994e+01
6.765850000000000364e+02,9.959877999999999787e+00
6.765910000000000082e+02,9.873687000000000324e+00
6.765969999999999800e+02,9.931148000000000309e+00
6.766019999999999754e+02,9.950302000000000646e+00
6.766079999999999472e+02,9.959877999999999787e+00
6.766130000000000564e+02,9.950302000000000646e+00
6.766190000000000282e+02,9.940725000000000477e+00
6.766250000000000000e+02,9.950302000000000646e+00
6.766299999999999955e+02,9.969454999999999956e+00
6.766359999999999673e+02,9.998186000000000462e+00
6.766420000000000528e+02,9.950302000000000646e+00
6.766470000000000482e+02,1.004607000000000028e+01
6.766530000000000200e+02,9.883264000000000493e+00
6.766589999999999918e+02,9.988609000000000293e+00
6.766639999999999873e+02,9.911993999999999971e+00
6.766699999999999591e+02,9.959877999999999787e+00
6.766760000000000446e+02,9.959877999999999787e+00
6.766810000000000400e+02,9.911993999999999971e+00
6.766870000000000118e+02,9.940725000000000477e+00
6.766929999999999836e+02,9.892841000000000662e+00
6.766979999999999791e+02,9.950302000000000646e+00
6.767039999999999509e+02,9.921571000000000140e+00
6.767100000000000364e+02,9.883264000000000493e+00
6.767150000000000318e+02,1.003649300000000011e+01
6.767210000000000036e+02,9.816226000000000340e+00
6.767269999999999754e+02,1.002691599999999994e+01
6.767329999999999472e+02,9.998186000000000462e+00
6.767380000000000564e+02,9.902418000000000831e+00
6.767440000000000282e+02,9.931148000000000309e+00
6.767500000000000000e+02,9.921571000000000140e+00
6.767549999999999955e+02,9.892841000000000662e+00
6.767609999999999673e+02,9.969454999999999956e+00
6.767670000000000528e+02,9.931148000000000309e+00
6.767720000000000482e+02,1.002691599999999994e+01
6.767780000000000200e+02,9.892841000000000662e+00
6.767839999999999918e+02,9.940725000000000477e+00
6.767889999999999873e+02,9.883264000000000493e+00
6.767949999999999591e+02,9.911993999999999971e+00
6.768010000000000446e+02,1.000776199999999960e+01
6.768070000000000164e+02,9.864110000000000156e+00
6.768120000000000118e+02,1.001733899999999977e+01
6.768179999999999836e+02,9.950302000000000646e+00
6.768239999999999554e+02,9.844957000000000846e+00
6.768289999999999509e+02,9.988609000000000293e+00
6.768350000000000364e+02,9.921571000000000140e+00
6.768410000000000082e+02,9.931148000000000309e+00
6.768460000000000036e+02,9.730035000000000878e+00
6.768519999999999754e+02,8.178592000000000084e+00
6.768579999999999472e+02,1.340752900000000025e+01
6.768630000000000564e+02,9.490615000000000023e+00
6.768690000000000282e+02,8.025363000000000469e+00
6.768750000000000000e+02,1.032379700000000078e+01
6.768809999999999718e+02,1.095586600000000033e+01
6.768859999999999673e+02,1.000776199999999960e+01
6.768920000000000528e+02,8.188169000000000253e+00
6.768980000000000246e+02,1.162624300000000055e+01
6.769039999999999964e+02,1.072602299999999964e+01
6.769099999999999682e+02,8.255207000000000406e+00
6.769160000000000537e+02,1.091755900000000068e+01
6.769210000000000491e+02,1.045787200000000006e+01
6.769270000000000209e+02,9.097965999999999553e+00
6.769329999999999927e+02,1.018014499999999956e+01
6.769389999999999645e+02,1.064940799999999932e+01
6.769450000000000500e+02,9.404424000000000561e+00
6.769500000000000455e+02,9.653420999999999808e+00
6.769560000000000173e+02,1.050575599999999987e+01
6.769619999999999891e+02,9.730035000000000878e+00
6.769679999999999609e+02,9.758765000000000356e+00
6.769740000000000464e+02,1.019929899999999989e+01
6.769790000000000418e+02,9.950302000000000646e+00
6.769850000000000136e+02,9.720458000000000709e+00
6.769909999999999854e+02,1.007479999999999976e+01
6.769969999999999573e+02,1.004607000000000028e+01
6.770019999999999527e+02,9.825803000000000509e+00
6.770080000000000382e+02,1.003649300000000011e+01
6.770140000000000100e+02,1.003649300000000011e+01
6.770199999999999818e+02,9.854533999999999239e+00
6.770249999999999773e+02,9.864110000000000156e+00
6.770309999999999491e+02,1.007479999999999976e+01
6.770370000000000346e+02,9.940725000000000477e+00
6.770420000000000300e+02,9.739611999999999270e+00
6.770480000000000018e+02,1.014183799999999991e+01
6.770539999999999736e+02,9.988609000000000293e+00
6.770589999999999691e+02,9.758765000000000356e+00
6.770650000000000546e+02,1.013226099999999974e+01
6.770710000000000264e+02,1.005564599999999942e+01
6.770769999999999982e+02,9.816226000000000340e+00
6.770819999999999936e+02,9.883264000000000493e+00
6.770879999999999654e+02,1.003649300000000011e+01
6.770940000000000509e+02,9.921571000000000140e+00
6.771000000000000227e+02,9.835380000000000678e+00
6.771059999999999945e+02,1.003649300000000011e+01
6.771109999999999900e+02,9.835380000000000678e+00
6.771169999999999618e+02,9.883264000000000493e+00
6.771230000000000473e+02,1.005564599999999942e+01
6.771280000000000427e+02,9.892841000000000662e+00
6.771340000000000146e+02,9.854533999999999239e+00
6.771399999999999864e+02,1.003649300000000011e+01
6.771449999999999818e+02,9.950302000000000646e+00
6.771509999999999536e+02,9.844957000000000846e+00
6.771570000000000391e+02,9.950302000000000646e+00
6.771620000000000346e+02,9.998186000000000462e+00
6.771680000000000064e+02,9.864110000000000156e+00
6.771739999999999782e+02,9.921571000000000140e+00
6.771789999999999736e+02,9.921571000000000140e+00
6.771849999999999454e+02,1.000776199999999960e+01
6.771910000000000309e+02,9.940725000000000477e+00
6.771970000000000027e+02,9.940725000000000477e+00
6.772019999999999982e+02,9.998186000000000462e+00
6.772079999999999700e+02,9.911993999999999971e+00
6.772140000000000555e+02,9.911993999999999971e+00
6.772190000000000509e+02,9.998186000000000462e+00
6.772250000000000227e+02,9.940725000000000477e+00
6.772309999999999945e+02,1.002691599999999994e+01
6.772369999999999663e+02,9.835380000000000678e+00
6.772419999999999618e+02,1.000776199999999960e+01
6.772480000000000473e+02,9.998186000000000462e+00
6.772540000000000191e+02,9.931148000000000309e+00
6.772590000000000146e+02,9.892841000000000662e+00
6.772649999999999864e+02,9.931148000000000309e+00
6.772709999999999582e+02,9.931148000000000309e+00
6.772759999999999536e+02,9.940725000000000477e+00
6.772820000000000391e+02,1.002691599999999994e+01
6.772880000000000109e+02,9.959877999999999787e+00
6.772930000000000064e+02,9.921571000000000140e+00
6.772989999999999782e+02,9.959877999999999787e+00
6.773049999999999500e+02,9.902418000000000831e+00
6.773110000000000355e+02,9.911993999999999971e+00
6.773160000000000309e+02,9.883264000000000493e+00
6.773220000000000027e+02,9.959877999999999787e+00
6.773269999999999982e+02,9.940725000000000477e+00
6.773329999999999700e+02,1.004607000000000028e+01
6.773390000000000555e+02,9.931148000000000309e+00
6.773450000000000273e+02,9.940725000000000477e+00
6.773500000000000227e+02,9.873687000000000324e+00
6.773559999999999945e+02,9.911993999999999971e+00
6.773609999999999900e+02,9.921571000000000140e+00
6.773669999999999618e+02,9.940725000000000477e+00
6.773730000000000473e+02,9.921571000000000140e+00
6.773790000000000191e+02,9.950302000000000646e+00
6.773840000000000146e+02,9.931148000000000309e+00
6.773899999999999864e+02,9.959877999999999787e+00
6.773949999999999818e+02,9.969454999999999956e+00
6.774009999999999536e+02,9.959877999999999787e+00
6.774070000000000391e+02,9.950302000000000646e+00
6.774120000000000346e+02,1.000776199999999960e+01
6.774180000000000064e+02,9.921571000000000140e+00
6.774239999999999782e+02,8.686163000000000523e+00
6.774289999999999736e+02,1.040998800000000024e+01
6.774349999999999454e+02,1.267969100000000005e+01
6.774410000000000309e+02,6.809109000000000300e+00
6.774470000000000027e+02,9.730035000000000878e+00
6.774519999999999982e+02,1.159751200000000004e+01
6.774579999999999700e+02,1.015141500000000008e+01
6.774640000000000555e+02,8.753201000000000676e+00
6.774700000000000273e+02,9.308655999999999153e+00
6.774759999999999991e+02,1.227746600000000043e+01
6.774819999999999709e+02,7.728481999999999630e+00
6.774869999999999663e+02,1.005564599999999942e+01
6.774930000000000518e+02,1.107078800000000030e+01
6.774990000000000236e+02,8.906430000000000291e+00
6.775049999999999955e+02,1.003649300000000011e+01
6.775099999999999909e+02,1.058237100000000019e+01
6.775159999999999627e+02,9.758765000000000356e+00
6.775220000000000482e+02,9.481037999999999855e+00
6.775270000000000437e+02,1.046744900000000023e+01
6.775330000000000155e+02,1.003649300000000011e+01
6.775389999999999873e+02,9.423576999999999870e+00
6.775449999999999591e+02,1.023760599999999954e+01
6.775499999999999545e+02,1.023760599999999954e+01
6.775560000000000400e+02,9.567228999999999317e+00
6.775620000000000118e+02,1.006522299999999959e+01
6.775679999999999836e+02,1.008437699999999992e+01
6.775739999999999554e+02,9.844957000000000846e+00
6.775789999999999509e+02,9.950302000000000646e+00
6.775850000000000364e+02,9.892841000000000662e+00
6.775910000000000082e+02,1.000776199999999960e+01
6.775969999999999800e+02,9.873687000000000324e+00
6.776019999999999754e+02,9.998186000000000462e+00
6.779660000000000082e+02,9.988609000000000293e+00
6.779719999999999800e+02,9.969454999999999956e+00
6.779779999999999518e+02,9.940725000000000477e+00
6.779829999999999472e+02,9.969454999999999956e+00
6.779890000000000327e+02,1.002691599999999994e+01
6.779950000000000045e+02,9.988609000000000293e+00
6.780000000000000000e+02,9.940725000000000477e+00
6.780059999999999718e+02,9.605536999999999992e+00
6.780119999999999436e+02,8.676586000000000354e+00
6.780180000000000291e+02,1.332133800000000079e+01
6.780230000000000246e+02,9.634266999999999470e+00
6.780289999999999964e+02,8.743624000000000507e+00
6.780349999999999682e+02,9.959877999999999787e+00
6.780399999999999636e+02,1.097502000000000066e+01
6.780460000000000491e+02,9.710881000000000540e+00
6.780520000000000209e+02,8.092401000000000622e+00
6.780579999999999927e+02,1.199973800000000068e+01
6.780639999999999645e+02,1.013226099999999974e+01
6.780700000000000500e+02,8.532933999999999131e+00
6.780750000000000455e+02,1.100375000000000014e+01
6.780810000000000173e+02,9.950302000000000646e+00
6.780869999999999891e+02,9.710881000000000540e+00
6.780929999999999609e+02,9.787496000000000862e+00
6.780979999999999563e+02,1.056321699999999986e+01
6.781040000000000418e+02,9.423576999999999870e+00
6.781100000000000136e+02,9.586382999999999655e+00
6.781159999999999854e+02,1.060152399999999950e+01
6.781209999999999809e+02,9.701304999999999623e+00
6.781269999999999527e+02,9.825803000000000509e+00
6.781330000000000382e+02,1.022802899999999937e+01
6.781390000000000100e+02,9.854533999999999239e+00
6.781449999999999818e+02,9.797072999999999254e+00
6.781499999999999773e+02,1.008437699999999992e+01
6.781559999999999491e+02,1.013226099999999974e+01
6.781620000000000346e+02,9.854533999999999239e+00
6.781680000000000064e+02,9.998186000000000462e+00
6.781730000000000018e+02,1.009395400000000009e+01
6.781789999999999736e+02,9.902418000000000831e+00
6.781849999999999454e+02,9.825803000000000509e+00
6.781900000000000546e+02,1.009395400000000009e+01
6.781960000000000264e+02,9.931148000000000309e+00
6.782019999999999982e+02,9.768342000000000525e+00
6.782079999999999700e+02,1.014183799999999991e+01
6.782140000000000555e+02,9.835380000000000678e+00
6.782190000000000509e+02,9.787496000000000862e+00
6.782250000000000227e+02,1.012268399999999957e+01
6.782309999999999945e+02,9.864110000000000156e+00
6.782369999999999663e+02,9.950302000000000646e+00
6.782419999999999618e+02,9.873687000000000324e+00
6.782480000000000473e+02,1.006522299999999959e+01
6.782530000000000427e+02,9.844957000000000846e+00
6.782590000000000146e+02,9.969454999999999956e+00
6.782649999999999864e+02,1.001733899999999977e+01
6.782709999999999582e+02,9.787496000000000862e+00
6.782770000000000437e+02,9.988609000000000293e+00
6.782820000000000391e+02,1.002691599999999994e+01
6.782880000000000109e+02,9.911993999999999971e+00
6.782930000000000064e+02,9.873687000000000324e+00
6.782989999999999782e+02,9.988609000000000293e+00
6.783049999999999500e+02,9.959877999999999787e+00
6.783099999999999454e+02,9.883264000000000493e+00
6.783160000000000309e+02,9.911993999999999971e+00
6.783220000000000027e+02,9.959877999999999787e+00
6.783269999999999982e+02,9.854533999999999239e+00
6.783329999999999700e+02,1.000776199999999960e+01
6.783390000000000555e+02,9.969454999999999956e+00
6.783450000000000273e+02,9.911993999999999971e+00
6.783500000000000227e+02,9.902418000000000831e+00
6.783559999999999945e+02,9.902418000000000831e+00
6.783619999999999663e+02,1.003649300000000011e+01
6.783669999999999618e+02,9.854533999999999239e+00
6.783730000000000473e+02,9.979032000000000124e+00
6.783790000000000191e+02,9.911993999999999971e+00
6.783840000000000146e+02,9.892841000000000662e+00
6.783899999999999864e+02,1.001733899999999977e+01
6.783959999999999582e+02,9.873687000000000324e+00
6.784009999999999536e+02,9.883264000000000493e+00
6.784070000000000391e+02,9.969454999999999956e+00
6.784130000000000109e+02,9.969454999999999956e+00
6.784189999999999827e+02,9.921571000000000140e+00
6.784239999999999782e+02,9.988609000000000293e+00
6.784299999999999500e+02,9.998186000000000462e+00
6.784360000000000355e+02,9.988609000000000293e+00
6.784410000000000309e+02,9.873687000000000324e+00
6.784470000000000027e+02,9.931148000000000309e+00
6.784529999999999745e+02,9.921571000000000140e+00
6.784579999999999700e+02,9.911993999999999971e+00
6.784640000000000555e+02,9.940725000000000477e+00
6.784690000000000509e+02,9.940725000000000477e+00
6.784750000000000227e+02,9.902418000000000831e+00
6.784809999999999945e+02,1.001733899999999977e+01
6.784869999999999663e+02,9.902418000000000831e+00
6.784919999999999618e+02,9.892841000000000662e+00
6.784980000000000473e+02,9.979032000000000124e+00
6.785040000000000191e+02,9.950302000000000646e+00
6.785090000000000146e+02,9.931148000000000309e+00
6.785149999999999864e+02,9.979032000000000124e+00
6.785209999999999582e+02,9.883264000000000493e+00
6.785259999999999536e+02,9.873687000000000324e+00
6.785320000000000391e+02,9.902418000000000831e+00
6.785380000000000109e+02,9.998186000000000462e+00
6.785430000000000064e+02,9.931148000000000309e+00
6.785489999999999782e+02,9.988609000000000293e+00
6.785549999999999500e+02,9.902418000000000831e+00
6.785599999999999454e+02,9.873687000000000324e+00
6.785660000000000309e+02,9.959877999999999787e+00
6.785720000000000027e+02,1.001733899999999977e+01
6.785769999999999982e+02,9.892841000000000662e+00
6.785829999999999700e+02,9.998186000000000462e+00
6.785890000000000555e+02,1.001733899999999977e+01
6.785940000000000509e+02,1.002691599999999994e+01
6.786000000000000227e+02,9.959877999999999787e+00
6.786059999999999945e+02,9.959877999999999787e+00
6.786119999999999663e+02,9.940725000000000477e+00
6.786180000000000518e+02,9.940725000000000477e+00
6.786230000000000473e+02,9.959877999999999787e+00
6.786290000000000191e+02,9.854533999999999239e+00
6.786340000000000146e+02,9.720458000000000709e+00
6.786399999999999864e+02,9.030927999999999400e+00
6.786459999999999582e+02,1.377144700000000022e+01
6.786520000000000437e+02,7.948749000000000287e+00
6.786570000000000391e+02,7.690174999999999983e+00
6.786630000000000109e+02,1.148259099999999933e+01
6.786689999999999827e+02,1.028548999999999936e+01
6.786749999999999545e+02,9.634266999999999470e+00
6.786810000000000400e+02,8.513780999999999821e+00
6.786860000000000355e+02,1.268926800000000021e+01
6.786920000000000073e+02,8.820237999999999801e+00
6.786979999999999791e+02,7.776366000000000334e+00
6.787039999999999509e+02,1.199016100000000051e+01
6.787089999999999463e+02,9.720458000000000709e+00
6.787150000000000318e+02,9.279925000000000423e+00
6.787210000000000036e+02,1.031422000000000061e+01
6.787269999999999754e+02,1.025675900000000063e+01
6.787329999999999472e+02,9.433154000000000039e+00
6.787390000000000327e+02,9.548076000000000008e+00
6.787440000000000282e+02,1.087925199999999926e+01
6.787500000000000000e+02,9.145849999999999369e+00
6.787559999999999718e+02,9.806649999999999423e+00
6.787619999999999436e+02,1.040041199999999932e+01
6.787680000000000291e+02,9.653420999999999808e+00
6.787730000000000246e+02,9.864110000000000156e+00
6.787789999999999964e+02,1.015141500000000008e+01
6.787849999999999682e+02,9.979032000000000124e+00
6.787910000000000537e+02,9.797072999999999254e+00
6.787960000000000491e+02,9.969454999999999956e+00
6.788020000000000209e+02,9.921571000000000140e+00
6.788079999999999927e+02,9.911993999999999971e+00
6.788139999999999645e+02,9.892841000000000662e+00
6.788189999999999600e+02,1.023760599999999954e+01
6.788250000000000455e+02,9.864110000000000156e+00
6.788310000000000173e+02,9.720458000000000709e+00
6.788369999999999891e+02,1.023760599999999954e+01
6.788429999999999609e+02,9.672573999999999117e+00
6.788479999999999563e+02,9.883264000000000493e+00
6.788540000000000418e+02,1.013226099999999974e+01
6.788600000000000136e+02,9.825803000000000509e+00
6.788659999999999854e+02,1.000776199999999960e+01
6.788709999999999809e+02,9.844957000000000846e+00
6.788769999999999527e+02,1.006522299999999959e+01
6.788830000000000382e+02,9.835380000000000678e+00
6.788890000000000100e+02,9.883264000000000493e+00
6.788940000000000055e+02,1.011310699999999940e+01
6.788999999999999773e+02,9.768342000000000525e+00
6.789059999999999491e+02,1.006522299999999959e+01
6.789120000000000346e+02,1.003649300000000011e+01
6.789170000000000300e+02,9.940725000000000477e+00
6.789230000000000018e+02,9.959877999999999787e+00
6.789289999999999736e+02,9.864110000000000156e+00
6.789349999999999454e+02,9.931148000000000309e+00
6.789400000000000546e+02,9.854533999999999239e+00
6.789460000000000264e+02,1.005564599999999942e+01
6.789519999999999982e+02,9.979032000000000124e+00
6.789579999999999700e+02,9.777919000000000693e+00
6.789629999999999654e+02,1.005564599999999942e+01
6.789690000000000509e+02,9.892841000000000662e+00
6.789750000000000227e+02,9.854533999999999239e+00
6.789800000000000182e+02,1.001733899999999977e+01
6.789859999999999900e+02,9.988609000000000293e+00
6.789919999999999618e+02,9.921571000000000140e+00
6.789969999999999573e+02,9.979032000000000124e+00
6.790030000000000427e+02,9.979032000000000124e+00
6.790090000000000146e+02,9.921571000000000140e+00
6.790149999999999864e+02,9.950302000000000646e+00
6.790199999999999818e+02,1.001733899999999977e+01
6.790259999999999536e+02,9.969454999999999956e+00
6.790320000000000391e+02,9.950302000000000646e+00
6.790370000000000346e+02,1.001733899999999977e+01
6.790439999999999827e+02,9.959877999999999787e+00
6.790489999999999782e+02,9.902418000000000831e+00
6.790549999999999500e+02,9.988609000000000293e+00
6.790599999999999454e+02,9.892841000000000662e+00
6.790660000000000309e+02,9.844957000000000846e+00
6.790720000000000027e+02,1.002691599999999994e+01
6.790779999999999745e+02,9.950302000000000646e+00
6.790829999999999700e+02,9.950302000000000646e+00
6.790890000000000555e+02,9.969454999999999956e+00
6.790950000000000273e+02,9.969454999999999956e+00
6.791000000000000227e+02,9.902418000000000831e+00
6.791059999999999945e+02,1.002691599999999994e+01
6.791119999999999663e+02,9.892841000000000662e+00
6.791180000000000518e+02,9.844957000000000846e+00
6.791230000000000473e+02,9.931148000000000309e+00
6.791290000000000191e+02,9.969454999999999956e+00
6.791349999999999909e+02,9.911993999999999971e+00
6.791399999999999864e+02,9.940725000000000477e+00
6.791459999999999582e+02,1.001733899999999977e+01
6.791520000000000437e+02,9.959877999999999787e+00
6.791580000000000155e+02,9.950302000000000646e+00
6.791630000000000109e+02,1.000776199999999960e+01
6.791689999999999827e+02,9.931148000000000309e+00
6.791749999999999545e+02,9.940725000000000477e+00
6.791799999999999500e+02,9.998186000000000462e+00
6.791860000000000355e+02,9.825803000000000509e+00
6.791920000000000073e+02,8.896853000000000122e+00
6.791979999999999791e+02,1.080263700000000071e+01
6.792029999999999745e+02,1.405875200000000014e+01
6.792089999999999463e+02,6.933608000000000438e+00
6.792150000000000318e+02,8.389281999999999684e+00
6.792210000000000036e+02,1.153047499999999914e+01
6.792269999999999754e+02,1.066856199999999966e+01
6.792329999999999472e+02,9.126696000000000808e+00
6.792390000000000327e+02,9.126696000000000808e+00
6.792440000000000282e+02,1.241154099999999971e+01
6.792500000000000000e+02,8.801085000000000491e+00
6.792559999999999718e+02,9.165003000000000455e+00
6.792609999999999673e+02,1.154962800000000023e+01
6.792670000000000528e+02,9.481037999999999855e+00
6.792730000000000246e+02,9.337386000000000408e+00
6.792789999999999964e+02,1.038125800000000076e+01
6.792849999999999682e+02,1.018972199999999972e+01
6.792910000000000537e+02,9.232041000000000608e+00
6.792960000000000491e+02,1.053448700000000038e+01
6.793020000000000209e+02,1.040998800000000024e+01
6.793079999999999927e+02,9.394847000000000392e+00
6.793139999999999645e+02,1.023760599999999954e+01
6.793200000000000500e+02,1.007479999999999976e+01
6.793260000000000218e+02,9.739611999999999270e+00
6.793319999999999936e+02,9.931148000000000309e+00
6.793369999999999891e+02,1.018014499999999956e+01
6.793429999999999609e+02,9.854533999999999239e+00
6.793490000000000464e+02,9.825803000000000509e+00
6.793550000000000182e+02,1.002691599999999994e+01
6.793609999999999900e+02,9.959877999999999787e+00
6.793659999999999854e+02,9.825803000000000509e+00
6.793719999999999573e+02,9.883264000000000493e+00
6.793780000000000427e+02,1.016099099999999922e+01
6.793840000000000146e+02,9.739611999999999270e+00
6.793890000000000100e+02,9.873687000000000324e+00
6.793949999999999818e+02,1.018014499999999956e+01
6.794009999999999536e+02,9.643843999999999639e+00
6.794070000000000391e+02,1.018014499999999956e+01
6.794120000000000346e+02,9.959877999999999787e+00
6.794180000000000064e+02,9.902418000000000831e+00
6.794239999999999782e+02,9.979032000000000124e+00
6.794299999999999500e+02,9.931148000000000309e+00
6.794349999999999454e+02,1.000776199999999960e+01
6.794410000000000309e+02,9.844957000000000846e+00
6.794470000000000027e+02,1.003649300000000011e+01
6.794529999999999745e+02,9.931148000000000309e+00
6.794579999999999700e+02,9.854533999999999239e+00
6.794640000000000555e+02,1.011310699999999940e+01
6.794700000000000273e+02,9.892841000000000662e+00
6.794750000000000227e+02,9.921571000000000140e+00
6.794809999999999945e+02,9.911993999999999971e+00
6.794869999999999663e+02,9.873687000000000324e+00
6.794930000000000518e+02,9.950302000000000646e+00
6.794990000000000236e+02,9.931148000000000309e+00
6.795040000000000191e+02,9.998186000000000462e+00
6.795099999999999909e+02,9.921571000000000140e+00
6.795159999999999627e+02,9.979032000000000124e+00
6.795209999999999582e+02,9.969454999999999956e+00
6.795270000000000437e+02,9.950302000000000646e+00
6.795330000000000155e+02,9.959877999999999787e+00
6.795380000000000109e+02,9.940725000000000477e+00
6.795439999999999827e+02,9.940725000000000477e+00
6.795499999999999545e+02,9.883264000000000493e+00
6.795560000000000400e+02,9.950302000000000646e+00
6.795610000000000355e+02,9.979032000000000124e+00
6.795670000000000073e+02,9.864110000000000156e+00
6.795720000000000027e+02,9.931148000000000309e+00
6.795779999999999745e+02,9.988609000000000293e+00
6.795839999999999463e+02,9.921571000000000140e+00
6.795900000000000318e+02,9.959877999999999787e+00
6.795950000000000273e+02,9.979032000000000124e+00
6.796009999999999991e+02,9.902418000000000831e+00
6.796069999999999709e+02,9.940725000000000477e+00
6.796119999999999663e+02,9.988609000000000293e+00
6.796180000000000518e+02,9.864110000000000156e+00
6.796240000000000236e+02,9.911993999999999971e+00
6.796290000000000191e+02,9.931148000000000309e+00
6.796349999999999909e+02,9.969454999999999956e+00
6.796409999999999627e+02,9.911993999999999971e+00
6.796470000000000482e+02,9.959877999999999787e+00
6.796520000000000437e+02,9.940725000000000477e+00
6.796580000000000155e+02,9.950302000000000646e+00
6.796630000000000109e+02,1.001733899999999977e+01
6.796689999999999827e+02,9.902418000000000831e+00
6.796749999999999545e+02,9.921571000000000140e+00
6.796810000000000400e+02,1.003649300000000011e+01
6.796860000000000355e+02,9.931148000000000309e+00
6.796920000000000073e+02,9.854533999999999239e+00
6.796979999999999791e+02,1.001733899999999977e+01
6.797039999999999509e+02,9.892841000000000662e+00
6.797089999999999463e+02,9.835380000000000678e+00
6.797150000000000318e+02,9.921571000000000140e+00
6.797210000000000036e+02,1.001733899999999977e+01
6.797259999999999991e+02,9.940725000000000477e+00
6.797319999999999709e+02,9.911993999999999971e+00
6.797380000000000564e+02,1.006522299999999959e+01
6.797440000000000282e+02,9.902418000000000831e+00
6.797490000000000236e+02,9.883264000000000493e+00
6.797549999999999955e+02,9.969454999999999956e+00
6.797609999999999673e+02,9.902418000000000831e+00
6.797670000000000528e+02,9.950302000000000646e+00
6.797720000000000482e+02,9.950302000000000646e+00
6.797780000000000200e+02,9.911993999999999971e+00
6.797839999999999918e+02,9.940725000000000477e+00
6.797889999999999873e+02,9.969454999999999956e+00
6.797949999999999591e+02,9.940725000000000477e+00
6.798010000000000446e+02,9.864110000000000156e+00
6.798060000000000400e+02,9.873687000000000324e+00
6.798120000000000118e+02,9.959877999999999787e+00
6.798179999999999836e+02,9.883264000000000493e+00
6.798239999999999554e+02,9.394847000000000392e+00
6.798289999999999509e+02,9.433154000000000039e+00
6.798350000000000364e+02,1.334049100000000010e+01
6.798410000000000082e+02,7.843403999999999598e+00
6.798460000000000036e+02,9.059658999999999907e+00
6.798519999999999754e+02,1.159751200000000004e+01
6.798579999999999472e+02,1.009395400000000009e+01
6.798640000000000327e+02,9.634266999999999470e+00
6.798690000000000282e+02,8.772353999999999985e+00
6.798750000000000000e+02,1.213381399999999921e+01
6.798809999999999718e+02,9.548076000000000008e+00
6.798869999999999436e+02,9.586382999999999655e+00
6.798930000000000291e+02,1.168370400000000053e+01
6.798990000000000009e+02,9.069235000000000824e+00
6.799049999999999727e+02,9.873687000000000324e+00
6.799099999999999682e+02,1.034295099999999934e+01
6.799160000000000537e+02,1.021845199999999920e+01
6.799220000000000255e+02,9.394847000000000392e+00
6.799279999999999973e+02,1.011310699999999940e+01
6.799339999999999691e+02,1.036210400000000043e+01
6.799400000000000546e+02,9.394847000000000392e+00
6.799450000000000500e+02,1.018972199999999972e+01
6.799510000000000218e+02,1.032379700000000078e+01
6.799569999999999936e+02,9.701304999999999623e+00
6.799629999999999654e+02,1.001733899999999977e+01
6.799679999999999609e+02,1.016099099999999922e+01
6.799740000000000464e+02,9.902418000000000831e+00
6.799800000000000182e+02,9.835380000000000678e+00
6.799859999999999900e+02,9.998186000000000462e+00
6.799919999999999618e+02,1.000776199999999960e+01
6.799969999999999573e+02,9.797072999999999254e+00
6.800030000000000427e+02,9.969454999999999956e+00
6.800090000000000146e+02,1.018014499999999956e+01
6.800149999999999864e+02,9.662997000000000725e+00
6.800199999999999818e+02,1.003649300000000011e+01
6.800259999999999536e+02,1.014183799999999991e+01
6.800320000000000391e+02,9.662997000000000725e+00
6.800380000000000109e+02,1.009395400000000009e+01
6.800439999999999827e+02,9.931148000000000309e+00
6.800489999999999782e+02,9.825803000000000509e+00
6.800549999999999500e+02,9.921571000000000140e+00
6.800610000000000355e+02,9.911993999999999971e+00
6.800660000000000309e+02,1.003649300000000011e+01
6.800720000000000027e+02,9.892841000000000662e+00
6.800779999999999745e+02,9.911993999999999971e+00
6.800829999999999700e+02,1.008437699999999992e+01
6.800890000000000555e+02,9.797072999999999254e+00
6.800950000000000273e+02,1.000776199999999960e+01
6.801009999999999991e+02,1.004607000000000028e+01
6.801059999999999945e+02,9.854533999999999239e+00
6.801119999999999663e+02,9.959877999999999787e+00
6.801180000000000518e+02,9.921571000000000140e+00
6.801240000000000236e+02,9.921571000000000140e+00
6.801299999999999955e+02,1.001733899999999977e+01
6.801349999999999909e+02,9.911993999999999971e+00
6.801409999999999627e+02,9.988609000000000293e+00
6.801470000000000482e+02,9.806649999999999423e+00
6.801520000000000437e+02,9.959877999999999787e+00
6.801580000000000155e+02,9.940725000000000477e+00
6.801639999999999873e+02,9.931148000000000309e+00
6.801689999999999827e+02,9.902418000000000831e+00
6.801749999999999545e+02,9.931148000000000309e+00
6.801810000000000400e+02,9.988609000000000293e+00
6.801870000000000118e+02,9.969454999999999956e+00
6.801920000000000073e+02,9.921571000000000140e+00
6.801979999999999791e+02,9.969454999999999956e+00
6.802029999999999745e+02,9.969454999999999956e+00
6.802089999999999463e+02,1.000776199999999960e+01
6.802150000000000318e+02,9.883264000000000493e+00
6.802210000000000036e+02,9.979032000000000124e+00
6.802259999999999991e+02,9.950302000000000646e+00
6.802319999999999709e+02,9.844957000000000846e+00
6.802380000000000564e+02,9.940725000000000477e+00
6.802440000000000282e+02,1.002691599999999994e+01
6.802490000000000236e+02,9.940725000000000477e+00
6.802549999999999955e+02,1.000776199999999960e+01
6.802609999999999673e+02,9.959877999999999787e+00
6.802670000000000528e+02,9.911993999999999971e+00
6.802720000000000482e+02,9.988609000000000293e+00
6.802780000000000200e+02,9.921571000000000140e+00
6.802839999999999918e+02,9.959877999999999787e+00
6.802889999999999873e+02,9.911993999999999971e+00
6.802949999999999591e+02,9.911993999999999971e+00
6.803010000000000446e+02,9.988609000000000293e+00
6.803070000000000164e+02,9.921571000000000140e+00
6.803120000000000118e+02,9.940725000000000477e+00
6.803179999999999836e+02,9.969454999999999956e+00
6.803229999999999791e+02,9.892841000000000662e+00
6.803289999999999509e+02,1.002691599999999994e+01
6.803350000000000364e+02,9.902418000000000831e+00
6.803410000000000082e+02,1.001733899999999977e+01
6.803460000000000036e+02,9.940725000000000477e+00
6.803519999999999754e+02,9.969454999999999956e+00
6.803579999999999472e+02,9.873687000000000324e+00
6.803640000000000327e+02,9.883264000000000493e+00
6.803690000000000282e+02,9.940725000000000477e+00
6.803750000000000000e+02,9.931148000000000309e+00
6.803809999999999718e+02,9.911993999999999971e+00
6.803859999999999673e+02,1.000776199999999960e+01
6.803920000000000528e+02,9.892841000000000662e+00
6.803980000000000246e+02,9.931148000000000309e+00
6.804030000000000200e+02,9.931148000000000309e+00
6.804089999999999918e+02,9.931148000000000309e+00
6.804149999999999636e+02,9.959877999999999787e+00
6.804210000000000491e+02,9.749188999999999439e+00
6.804260000000000446e+02,9.136272999999999200e+00
6.804320000000000164e+02,1.077390699999999946e+01
6.804379999999999882e+02,1.190396999999999927e+01
6.804439999999999600e+02,7.613560999999999801e+00
6.804500000000000455e+02,9.528921999999999670e+00
6.804550000000000409e+02,1.090798200000000051e+01
6.804610000000000127e+02,1.067813899999999983e+01
6.804669999999999845e+02,8.427588999999999331e+00
6.804729999999999563e+02,9.385270000000000223e+00
6.804790000000000418e+02,1.213381399999999921e+01
6.804840000000000373e+02,8.446742999999999668e+00
6.804900000000000091e+02,9.844957000000000846e+00
6.804959999999999809e+02,1.087925199999999926e+01
6.805019999999999527e+02,9.346963000000000577e+00
6.805080000000000382e+02,9.873687000000000324e+00
6.805130000000000337e+02,1.034295099999999934e+01
6.805190000000000055e+02,9.959877999999999787e+00
6.805249999999999773e+02,9.279925000000000423e+00
6.805299999999999727e+02,1.054406400000000055e+01
6.805359999999999445e+02,1.021845199999999920e+01
6.805420000000000300e+02,9.433154000000000039e+00
6.805480000000000018e+02,1.031422000000000061e+01
6.805539999999999736e+02,1.004607000000000028e+01
6.805599999999999454e+02,9.691727999999999454e+00
6.805660000000000309e+02,1.002691599999999994e+01
6.805710000000000264e+02,1.011310699999999940e+01
6.805769999999999982e+02,9.902418000000000831e+00
6.805829999999999700e+02,9.902418000000000831e+00
6.805890000000000555e+02,9.988609000000000293e+00
6.805940000000000509e+02,1.001733899999999977e+01
6.806000000000000227e+02,9.816226000000000340e+00
6.806059999999999945e+02,1.008437699999999992e+01
6.806119999999999663e+02,1.013226099999999974e+01
6.806180000000000518e+02,9.797072999999999254e+00
6.806230000000000473e+02,1.015141500000000008e+01
6.806290000000000191e+02,9.931148000000000309e+00
6.806349999999999909e+02,9.720458000000000709e+00
6.806409999999999627e+02,1.017056799999999939e+01
6.806459999999999582e+02,9.921571000000000140e+00
6.806520000000000437e+02,9.873687000000000324e+00
6.806580000000000155e+02,9.969454999999999956e+00
6.806630000000000109e+02,9.931148000000000309e+00
6.806689999999999827e+02,1.001733899999999977e+01
6.806749999999999545e+02,9.902418000000000831e+00
6.806810000000000400e+02,1.010353100000000026e+01
6.806860000000000355e+02,9.892841000000000662e+00
6.806920000000000073e+02,9.892841000000000662e+00
6.806979999999999791e+02,1.011310699999999940e+01
6.807039999999999509e+02,9.835380000000000678e+00
6.807089999999999463e+02,9.911993999999999971e+00
6.807150000000000318e+02,1.001733899999999977e+01
6.807210000000000036e+02,9.959877999999999787e+00
6.807269999999999754e+02,9.959877999999999787e+00
6.807319999999999709e+02,9.931148000000000309e+00
6.807380000000000564e+02,1.011310699999999940e+01
6.807440000000000282e+02,9.797072999999999254e+00
6.807500000000000000e+02,9.979032000000000124e+00
6.807549999999999955e+02,9.902418000000000831e+00
6.807609999999999673e+02,9.892841000000000662e+00
6.807670000000000528e+02,9.959877999999999787e+00
6.807720000000000482e+02,9.902418000000000831e+00
6.807780000000000200e+02,9.959877999999999787e+00
6.807839999999999918e+02,9.873687000000000324e+00
6.807899999999999636e+02,1.003649300000000011e+01
6.807949999999999591e+02,9.998186000000000462e+00
6.808010000000000446e+02,9.911993999999999971e+00
6.808070000000000164e+02,9.979032000000000124e+00
6.808129999999999882e+02,1.000776199999999960e+01
6.808179999999999836e+02,9.873687000000000324e+00
6.808239999999999554e+02,9.998186000000000462e+00
6.808300000000000409e+02,9.931148000000000309e+00
6.808350000000000364e+02,9.911993999999999971e+00
6.808410000000000082e+02,9.931148000000000309e+00
6.808469999999999800e+02,9.969454999999999956e+00
6.808529999999999518e+02,9.902418000000000831e+00
6.808579999999999472e+02,9.892841000000000662e+00
6.808640000000000327e+02,1.003649300000000011e+01
6.808700000000000045e+02,1.002691599999999994e+01
6.808759999999999764e+02,9.950302000000000646e+00
6.808809999999999718e+02,9.979032000000000124e+00
6.808869999999999436e+02,9.902418000000000831e+00
6.808930000000000291e+02,9.902418000000000831e+00
6.808990000000000009e+02,9.931148000000000309e+00
6.809039999999999964e+02,9.969454999999999956e+00
6.809099999999999682e+02,9.883264000000000493e+00
6.809149999999999636e+02,9.902418000000000831e+00
6.809210000000000491e+02,9.950302000000000646e+00
6.809270000000000209e+02,9.873687000000000324e+00
6.809329999999999927e+02,9.998186000000000462e+00
6.809379999999999882e+02,9.931148000000000309e+00
6.809439999999999600e+02,9.883264000000000493e+00
6.809500000000000455e+02,9.959877999999999787e+00
6.809550000000000409e+02,9.959877999999999787e+00
6.809610000000000127e+02,9.931148000000000309e+00
6.809669999999999845e+02,9.959877999999999787e+00
6.809719999999999800e+02,9.940725000000000477e+00
6.809779999999999518e+02,9.902418000000000831e+00
6.809840000000000373e+02,9.969454999999999956e+00
6.809900000000000091e+02,1.004607000000000028e+01
6.809950000000000045e+02,9.911993999999999971e+00
6.810009999999999764e+02,9.998186000000000462e+00
6.810069999999999482e+02,9.959877999999999787e+00
6.810119999999999436e+02,9.911993999999999971e+00
6.810180000000000291e+02,9.921571000000000140e+00
6.810240000000000009e+02,9.911993999999999971e+00
6.810299999999999727e+02,9.950302000000000646e+00
6.810349999999999682e+02,9.643843999999999639e+00
6.810410000000000537e+02,9.653420999999999808e+00
6.810470000000000255e+02,1.381933100000000003e+01
6.810529999999999973e+02,7.738058999999999799e+00
6.810579999999999927e+02,8.101978000000000790e+00
6.810639999999999645e+02,1.138682299999999969e+01
6.810700000000000500e+02,1.037168100000000059e+01
6.810760000000000218e+02,9.643843999999999639e+00
6.810819999999999936e+02,8.705317000000000860e+00
6.810869999999999891e+02,1.208592900000000014e+01
6.810929999999999609e+02,9.442731000000000208e+00
6.810990000000000464e+02,7.785942999999999614e+00
6.811050000000000182e+02,1.161666600000000038e+01
6.811100000000000136e+02,1.008437699999999992e+01
6.811159999999999854e+02,9.509767999999999333e+00
6.811219999999999573e+02,1.040041199999999932e+01
6.811280000000000427e+02,1.027591299999999919e+01
6.811340000000000146e+02,9.346963000000000577e+00
6.811399999999999864e+02,1.023760599999999954e+01
6.811459999999999582e+02,1.062067799999999984e+01
6.811520000000000437e+02,9.375693000000000055e+00
6.811580000000000155e+02,1.014183799999999991e+01
6.811630000000000109e+02,1.027591299999999919e+01
6.811689999999999827e+02,9.653420999999999808e+00
6.811749999999999545e+02,9.844957000000000846e+00
6.811810000000000400e+02,1.015141500000000008e+01
6.811860000000000355e+02,9.969454999999999956e+00
6.811920000000000073e+02,9.864110000000000156e+00
6.811979999999999791e+02,1.000776199999999960e+01
6.812039999999999509e+02,9.988609000000000293e+00
6.812100000000000364e+02,9.825803000000000509e+00
6.812150000000000318e+02,9.873687000000000324e+00
6.812210000000000036e+02,1.023760599999999954e+01
6.812269999999999754e+02,9.864110000000000156e+00
6.812319999999999709e+02,9.854533999999999239e+00
6.812380000000000564e+02,1.022802899999999937e+01
6.812440000000000282e+02,9.595959999999999823e+00
6.812500000000000000e+02,1.012268399999999957e+01
6.812549999999999955e+02,1.008437699999999992e+01
6.812609999999999673e+02,9.825803000000000509e+00
6.812670000000000528e+02,1.003649300000000011e+01
6.812730000000000246e+02,9.892841000000000662e+00
6.812780000000000200e+02,1.003649300000000011e+01
6.812839999999999918e+02,9.825803000000000509e+00
6.812899999999999636e+02,1.001733899999999977e+01
6.812960000000000491e+02,1.007479999999999976e+01
6.813020000000000209e+02,9.768342000000000525e+00
6.813070000000000164e+02,1.004607000000000028e+01
6.813129999999999882e+02,9.873687000000000324e+00
6.813189999999999600e+02,9.854533999999999239e+00
6.813250000000000455e+02,9.959877999999999787e+00
6.813300000000000409e+02,9.921571000000000140e+00
6.813360000000000127e+02,1.000776199999999960e+01
6.813419999999999845e+02,9.959877999999999787e+00
6.813479999999999563e+02,1.007479999999999976e+01
6.813529999999999518e+02,9.959877999999999787e+00
6.813590000000000373e+02,9.825803000000000509e+00
6.813650000000000091e+02,1.003649300000000011e+01
6.813709999999999809e+02,9.892841000000000662e+00
6.813759999999999764e+02,9.940725000000000477e+00
6.813819999999999482e+02,9.931148000000000309e+00
6.813880000000000337e+02,9.959877999999999787e+00
6.813930000000000291e+02,9.940725000000000477e+00
6.813990000000000009e+02,9.940725000000000477e+00
6.814049999999999727e+02,9.940725000000000477e+00
6.814109999999999445e+02,9.921571000000000140e+00
6.814160000000000537e+02,9.969454999999999956e+00
6.814220000000000255e+02,9.940725000000000477e+00
6.814270000000000209e+02,9.921571000000000140e+00
6.814329999999999927e+02,9.969454999999999956e+00
6.814389999999999645e+02,1.000776199999999960e+01
6.814450000000000500e+02,9.864110000000000156e+00
6.814500000000000455e+02,9.931148000000000309e+00
6.814560000000000173e+02,9.950302000000000646e+00
6.814619999999999891e+02,9.864110000000000156e+00
6.814679999999999609e+02,9.911993999999999971e+00
6.814740000000000464e+02,9.921571000000000140e+00
6.814790000000000418e+02,9.998186000000000462e+00
6.814850000000000136e+02,9.998186000000000462e+00
6.814900000000000091e+02,9.998186000000000462e+00
6.814959999999999809e+02,9.921571000000000140e+00
6.815019999999999527e+02,1.000776199999999960e+01
6.815080000000000382e+02,9.959877999999999787e+00
6.815130000000000337e+02,9.911993999999999971e+00
6.815190000000000055e+02,1.000776199999999960e+01
6.815249999999999773e+02,9.950302000000000646e+00
6.815309999999999491e+02,1.003649300000000011e+01
6.815359999999999445e+02,9.959877999999999787e+00
6.815420000000000300e+02,9.892841000000000662e+00
6.815480000000000018e+02,9.979032000000000124e+00
6.815529999999999973e+02,9.959877999999999787e+00
6.815589999999999691e+02,9.940725000000000477e+00
6.815650000000000546e+02,9.931148000000000309e+00
6.815700000000000500e+02,9.979032000000000124e+00
6.815760000000000218e+02,9.844957000000000846e+00
6.815819999999999936e+02,9.940725000000000477e+00
6.815879999999999654e+02,9.844957000000000846e+00
6.815929999999999609e+02,9.979032000000000124e+00
6.815990000000000464e+02,9.931148000000000309e+00
6.816040000000000418e+02,9.940725000000000477e+00
6.816100000000000136e+02,9.959877999999999787e+00
6.816159999999999854e+02,9.950302000000000646e+00
6.816219999999999573e+02,9.969454999999999956e+00
6.816269999999999527e+02,9.950302000000000646e+00
6.816330000000000382e+02,9.950302000000000646e+00
6.816390000000000100e+02,9.883264000000000493e+00
6.816440000000000055e+02,9.931148000000000309e+00
6.816499999999999773e+02,9.911993999999999971e+00
6.816559999999999491e+02,9.931148000000000309e+00
6.816609999999999445e+02,9.959877999999999787e+00
6.816670000000000300e+02,9.921571000000000140e+00
6.816730000000000018e+02,9.950302000000000646e+00
6.816789999999999736e+02,9.864110000000000156e+00
6.816839999999999691e+02,1.002691599999999994e+01
6.816900000000000546e+02,9.873687000000000324e+00
6.816960000000000264e+02,9.011775000000000091e+00
6.817010000000000218e+02,1.067813899999999983e+01
6.817069999999999936e+02,1.196143099999999926e+01
6.817129999999999654e+02,8.236053000000000068e+00
6.817190000000000509e+02,9.643843999999999639e+00
6.817240000000000464e+02,1.057279400000000003e+01
6.817300000000000182e+02,1.037168100000000059e+01
6.817359999999999900e+02,8.781931000000000154e+00
6.817419999999999618e+02,1.041956500000000041e+01
6.817480000000000473e+02,1.087925199999999926e+01
6.817540000000000191e+02,8.178592000000000084e+00
6.817599999999999909e+02,1.074517699999999998e+01
6.817649999999999864e+02,1.052491000000000021e+01
6.817709999999999582e+02,9.184157000000000792e+00
6.817770000000000437e+02,1.015141500000000008e+01
6.817830000000000155e+02,1.015141500000000008e+01
6.817889999999999873e+02,9.844957000000000846e+00
6.817949999999999591e+02,9.595959999999999823e+00
6.817999999999999545e+02,1.044829599999999914e+01
6.818060000000000400e+02,9.883264000000000493e+00
6.818120000000000118e+02,9.557653000000000176e+00
6.818179999999999836e+02,1.033337399999999917e+01
6.818229999999999791e+02,1.000776199999999960e+01
6.818289999999999509e+02,9.720458000000000709e+00
6.818350000000000364e+02,1.007479999999999976e+01
6.818410000000000082e+02,1.003649300000000011e+01
6.818469999999999800e+02,9.940725000000000477e+00
6.818519999999999754e+02,9.969454999999999956e+00
6.818579999999999472e+02,1.008437699999999992e+01
6.818640000000000327e+02,9.902418000000000831e+00
6.818700000000000045e+02,9.797072999999999254e+00
6.818759999999999764e+02,1.016099099999999922e+01
6.818809999999999718e+02,9.902418000000000831e+00
6.818869999999999436e+02,9.844957000000000846e+00
6.818930000000000291e+02,1.018972199999999972e+01
6.818980000000000246e+02,9.844957000000000846e+00
6.819039999999999964e+02,9.816226000000000340e+00
6.819099999999999682e+02,1.008437699999999992e+01
6.819160000000000537e+02,9.911993999999999971e+00
6.819210000000000491e+02,9.969454999999999956e+00
6.819270000000000209e+02,9.950302000000000646e+00
6.819329999999999927e+02,9.998186000000000462e+00
6.819379999999999882e+02,1.004607000000000028e+01
6.819439999999999600e+02,9.816226000000000340e+00
6.819500000000000455e+02,1.010353100000000026e+01
6.819560000000000173e+02,9.835380000000000678e+00
6.819619999999999891e+02,9.864110000000000156e+00
6.819669999999999845e+02,1.003649300000000011e+01
6.819729999999999563e+02,9.835380000000000678e+00
6.819790000000000418e+02,9.969454999999999956e+00
6.819850000000000136e+02,9.921571000000000140e+00
6.819900000000000091e+02,9.892841000000000662e+00
6.819959999999999809e+02,1.000776199999999960e+01
6.820019999999999527e+02,9.959877999999999787e+00
6.820069999999999482e+02,9.969454999999999956e+00
6.820130000000000337e+02,9.864110000000000156e+00
6.820190000000000055e+02,9.931148000000000309e+00
6.820249999999999773e+02,9.921571000000000140e+00
6.820299999999999727e+02,9.902418000000000831e+00
6.820359999999999445e+02,9.988609000000000293e+00
6.820420000000000300e+02,9.950302000000000646e+00
6.820480000000000018e+02,9.931148000000000309e+00
6.820529999999999973e+02,9.940725000000000477e+00
6.820589999999999691e+02,9.969454999999999956e+00
6.820639999999999645e+02,9.902418000000000831e+00
6.820700000000000500e+02,9.835380000000000678e+00
6.820760000000000218e+02,1.000776199999999960e+01
6.820819999999999936e+02,9.931148000000000309e+00
6.820869999999999891e+02,9.959877999999999787e+00
6.820929999999999609e+02,9.959877999999999787e+00
6.820990000000000464e+02,9.988609000000000293e+00
6.821040000000000418e+02,9.931148000000000309e+00
6.821100000000000136e+02,9.959877999999999787e+00
6.821159999999999854e+02,9.911993999999999971e+00
6.821209999999999809e+02,9.902418000000000831e+00
6.821269999999999527e+02,9.911993999999999971e+00
6.821330000000000382e+02,9.931148000000000309e+00
6.821390000000000100e+02,9.959877999999999787e+00
6.821440000000000055e+02,9.959877999999999787e+00
6.821499999999999773e+02,9.959877999999999787e+00
6.821559999999999491e+02,9.921571000000000140e+00
6.821609999999999445e+02,9.892841000000000662e+00
6.821670000000000300e+02,9.988609000000000293e+00
6.821730000000000018e+02,9.931148000000000309e+00
6.821779999999999973e+02,9.873687000000000324e+00
6.821839999999999691e+02,1.002691599999999994e+01
6.821900000000000546e+02,9.931148000000000309e+00
6.821960000000000264e+02,9.940725000000000477e+00
6.822010000000000218e+02,9.892841000000000662e+00
6.822069999999999936e+02,9.959877999999999787e+00
6.822129999999999654e+02,9.950302000000000646e+00
6.822179999999999609e+02,9.940725000000000477e+00
6.822240000000000464e+02,9.959877999999999787e+00
6.822300000000000182e+02,9.950302000000000646e+00
6.822350000000000136e+02,9.959877999999999787e+00
6.822409999999999854e+02,9.998186000000000462e+00
6.822469999999999573e+02,9.959877999999999787e+00
6.822530000000000427e+02,9.902418000000000831e+00
6.822580000000000382e+02,9.998186000000000462e+00
6.822640000000000100e+02,9.921571000000000140e+00
6.822690000000000055e+02,9.883264000000000493e+00
6.822749999999999773e+02,9.854533999999999239e+00
6.822809999999999491e+02,9.902418000000000831e+00
6.822870000000000346e+02,9.892841000000000662e+00
6.822920000000000300e+02,9.969454999999999956e+00
6.822980000000000018e+02,9.969454999999999956e+00
6.823039999999999736e+02,9.950302000000000646e+00
6.823089999999999691e+02,9.892841000000000662e+00
6.823150000000000546e+02,9.959877999999999787e+00
6.823210000000000264e+02,9.950302000000000646e+00
6.823260000000000218e+02,8.456319999999999837e+00
6.823319999999999936e+02,1.154962800000000023e+01
6.823379999999999654e+02,1.248815500000000078e+01
6.823440000000000509e+02,6.655879999999999797e+00
6.823500000000000227e+02,1.100375000000000014e+01
6.823550000000000182e+02,1.013226099999999974e+01
6.823609999999999900e+02,1.057279400000000003e+01
6.823669999999999618e+02,8.216900000000000759e+00
6.823730000000000473e+02,1.094628900000000016e+01
6.823790000000000191e+02,1.103248100000000065e+01
6.823849999999999909e+02,7.431600999999999679e+00
6.823899999999999864e+02,1.127190099999999973e+01
6.823959999999999582e+02,1.050575599999999987e+01
6.824020000000000437e+02,9.069235000000000824e+00
6.824080000000000155e+02,1.018972199999999972e+01
6.824139999999999873e+02,1.026633600000000079e+01
6.824199999999999591e+02,9.835380000000000678e+00
6.824249999999999545e+02,9.366115999999999886e+00
6.824310000000000400e+02,1.071644599999999947e+01
6.824370000000000118e+02,9.710881000000000540e+00
6.824429999999999836e+02,9.538498999999999839e+00
6.824479999999999791e+02,1.040998800000000024e+01
6.824539999999999509e+02,9.931148000000000309e+00
6.824600000000000364e+02,9.797072999999999254e+00
6.824660000000000082e+02,9.940725000000000477e+00
6.824710000000000036e+02,1.012268399999999957e+01
6.824769999999999754e+02,9.816226000000000340e+00
6.824829999999999472e+02,9.873687000000000324e+00
6.824890000000000327e+02,9.988609000000000293e+00
6.824950000000000045e+02,9.940725000000000477e+00
6.825000000000000000e+02,9.864110000000000156e+00
6.825059999999999718e+02,1.002691599999999994e+01
6.825119999999999436e+02,1.005564599999999942e+01
6.825180000000000291e+02,9.672573999999999117e+00
6.825230000000000246e+02,1.018972199999999972e+01
6.825289999999999964e+02,9.864110000000000156e+00
6.825349999999999682e+02,9.643843999999999639e+00
6.825410000000000537e+02,1.025675900000000063e+01
6.825460000000000491e+02,9.787496000000000862e+00
6.825520000000000209e+02,1.002691599999999994e+01
6.825579999999999927e+02,9.969454999999999956e+00
6.825639999999999645e+02,9.998186000000000462e+00
6.825689999999999600e+02,1.006522299999999959e+01
6.825750000000000455e+02,9.825803000000000509e+00
6.825810000000000173e+02,1.014183799999999991e+01
6.825869999999999891e+02,9.911993999999999971e+00
6.825919999999999845e+02,9.979032000000000124e+00
6.825979999999999563e+02,1.003649300000000011e+01
6.826040000000000418e+02,9.797072999999999254e+00
6.826100000000000136e+02,9.969454999999999956e+00
6.826150000000000091e+02,9.911993999999999971e+00
6.826209999999999809e+02,9.931148000000000309e+00
6.826269999999999527e+02,9.931148000000000309e+00
6.826319999999999482e+02,9.921571000000000140e+00
6.826380000000000337e+02,1.003649300000000011e+01
6.826440000000000055e+02,9.864110000000000156e+00
6.826499999999999773e+02,9.979032000000000124e+00
6.826549999999999727e+02,1.004607000000000028e+01
6.826609999999999445e+02,9.835380000000000678e+00
6.826670000000000300e+02,9.931148000000000309e+00
6.826730000000000018e+02,1.002691599999999994e+01
6.826779999999999973e+02,9.988609000000000293e+00
6.826839999999999691e+02,9.940725000000000477e+00
6.826900000000000546e+02,1.000776199999999960e+01
6.826950000000000500e+02,9.931148000000000309e+00
6.827010000000000218e+02,9.921571000000000140e+00
6.827069999999999936e+02,9.921571000000000140e+00
6.827129999999999654e+02,9.998186000000000462e+00
6.827179999999999609e+02,9.959877999999999787e+00
6.827240000000000464e+02,9.950302000000000646e+00
6.827300000000000182e+02,9.931148000000000309e+00
6.827359999999999900e+02,9.969454999999999956e+00
6.827409999999999854e+02,9.921571000000000140e+00
6.827469999999999573e+02,9.892841000000000662e+00
6.827519999999999527e+02,9.892841000000000662e+00
6.827580000000000382e+02,9.940725000000000477e+00
6.827640000000000100e+02,9.950302000000000646e+00
6.827699999999999818e+02,9.892841000000000662e+00
6.827749999999999773e+02,9.921571000000000140e+00
6.827809999999999491e+02,1.000776199999999960e+01
6.827870000000000346e+02,9.892841000000000662e+00
6.827920000000000300e+02,9.959877999999999787e+00
6.827980000000000018e+02,9.940725000000000477e+00
6.828039999999999736e+02,9.902418000000000831e+00
6.828099999999999454e+02,9.902418000000000831e+00
6.828150000000000546e+02,9.931148000000000309e+00
6.828210000000000264e+02,9.921571000000000140e+00
6.828269999999999982e+02,9.931148000000000309e+00
6.828329999999999700e+02,9.979032000000000124e+00
6.828379999999999654e+02,9.979032000000000124e+00
6.828440000000000509e+02,9.911993999999999971e+00
6.828500000000000227e+02,9.902418000000000831e+00
6.828550000000000182e+02,1.000776199999999960e+01
6.828609999999999900e+02,9.940725000000000477e+00
6.828669999999999618e+02,9.950302000000000646e+00
6.828719999999999573e+02,9.950302000000000646e+00
6.828780000000000427e+02,9.979032000000000124e+00
6.828840000000000146e+02,1.002691599999999994e+01
6.828899999999999864e+02,9.950302000000000646e+00
6.828949999999999818e+02,9.940725000000000477e+00
6.829009999999999536e+02,9.902418000000000831e+00
6.829070000000000391e+02,9.998186000000000462e+00
6.829120000000000346e+02,9.921571000000000140e+00
6.829180000000000064e+02,9.988609000000000293e+00
6.829239999999999782e+02,9.959877999999999787e+00
6.829289999999999736e+02,1.000776199999999960e+01
6.829349999999999454e+02,9.940725000000000477e+00
6.829410000000000309e+02,9.902418000000000831e+00
6.829470000000000027e+02,9.911993999999999971e+00
6.829529999999999745e+02,9.950302000000000646e+00
6.829579999999999700e+02,9.959877999999999787e+00
6.829640000000000555e+02,9.797072999999999254e+00
6.829700000000000273e+02,8.954314000000000107e+00
6.829750000000000227e+02,1.176989500000000000e+01
6.829809999999999945e+02,1.103248100000000065e+01
6.829869999999999663e+02,7.958325999999999567e+00
6.829930000000000518e+02,9.979032000000000124e+00
6.829990000000000236e+02,1.081221400000000088e+01
6.830049999999999955e+02,9.806649999999999423e+00
6.830099999999999909e+02,8.791508000000000322e+00
6.830159999999999627e+02,1.080263700000000071e+01
6.830220000000000482e+02,1.129105500000000006e+01
6.830280000000000200e+02,8.303091000000000221e+00
6.830339999999999918e+02,1.085052100000000053e+01
6.830389999999999873e+02,1.053448700000000038e+01
6.830449999999999591e+02,9.059658999999999907e+00
6.830510000000000446e+02,1.023760599999999954e+01
6.830570000000000164e+02,1.024718299999999971e+01
6.830629999999999882e+02,9.672573999999999117e+00
6.830689999999999600e+02,9.615112999999999133e+00
6.830739999999999554e+02,1.053448700000000038e+01
6.830800000000000409e+02,9.940725000000000477e+00
6.830860000000000127e+02,9.749188999999999439e+00
6.830919999999999845e+02,1.031422000000000061e+01
6.830979999999999563e+02,9.797072999999999254e+00
6.831029999999999518e+02,9.710881000000000540e+00
6.831090000000000373e+02,1.016099099999999922e+01
6.831150000000000091e+02,9.950302000000000646e+00
6.831209999999999809e+02,9.787496000000000862e+00
6.831259999999999764e+02,9.931148000000000309e+00
6.831319999999999482e+02,9.979032000000000124e+00
6.831380000000000337e+02,9.883264000000000493e+00
6.831440000000000055e+02,9.825803000000000509e+00
6.831490000000000009e+02,1.009395400000000009e+01
6.831549999999999727e+02,9.931148000000000309e+00
6.831609999999999445e+02,9.806649999999999423e+00
6.831660000000000537e+02,1.012268399999999957e+01
6.831720000000000255e+02,9.911993999999999971e+00
6.831779999999999973e+02,9.787496000000000862e+00
6.831839999999999691e+02,1.008437699999999992e+01
6.831889999999999645e+02,9.931148000000000309e+00
6.831950000000000500e+02,9.931148000000000309e+00
6.832010000000000218e+02,9.931148000000000309e+00
6.832060000000000173e+02,9.911993999999999971e+00
6.832119999999999891e+02,1.001733899999999977e+01
6.832179999999999609e+02,9.758765000000000356e+00
6.832240000000000464e+02,1.015141500000000008e+01
6.832300000000000182e+02,9.835380000000000678e+00
6.832350000000000136e+02,9.854533999999999239e+00
6.832409999999999854e+02,1.008437699999999992e+01
6.832469999999999573e+02,9.835380000000000678e+00
6.832519999999999527e+02,1.002691599999999994e+01
6.832580000000000382e+02,9.892841000000000662e+00
6.832640000000000100e+02,1.001733899999999977e+01
6.832699999999999818e+02,9.959877999999999787e+00
6.832749999999999773e+02,9.931148000000000309e+00
6.832809999999999491e+02,1.004607000000000028e+01
6.832870000000000346e+02,9.902418000000000831e+00
6.832920000000000300e+02,9.854533999999999239e+00
6.832980000000000018e+02,1.000776199999999960e+01
6.833039999999999736e+02,9.940725000000000477e+00
6.833099999999999454e+02,9.969454999999999956e+00
6.833160000000000309e+02,9.911993999999999971e+00
6.833210000000000264e+02,9.931148000000000309e+00
6.833269999999999982e+02,9.892841000000000662e+00
6.833319999999999936e+02,9.921571000000000140e+00
6.833379999999999654e+02,9.950302000000000646e+00
6.833440000000000509e+02,9.902418000000000831e+00
6.833500000000000227e+02,9.940725000000000477e+00
6.833550000000000182e+02,9.950302000000000646e+00
6.833609999999999900e+02,9.911993999999999971e+00
6.833669999999999618e+02,9.950302000000000646e+00
6.833719999999999573e+02,9.998186000000000462e+00
6.833780000000000427e+02,9.950302000000000646e+00
6.833840000000000146e+02,9.931148000000000309e+00
6.833890000000000100e+02,9.921571000000000140e+00
6.833949999999999818e+02,9.921571000000000140e+00
6.834009999999999536e+02,9.979032000000000124e+00
6.834070000000000391e+02,9.969454999999999956e+00
6.834120000000000346e+02,1.001733899999999977e+01
6.834180000000000064e+02,9.931148000000000309e+00
6.834239999999999782e+02,9.950302000000000646e+00
6.834289999999999736e+02,9.940725000000000477e+00
6.834349999999999454e+02,9.864110000000000156e+00
6.834410000000000309e+02,9.998186000000000462e+00
6.834460000000000264e+02,9.950302000000000646e+00
6.834519999999999982e+02,9.921571000000000140e+00
6.834579999999999700e+02,9.931148000000000309e+00
6.834629999999999654e+02,9.902418000000000831e+00
6.834690000000000509e+02,9.902418000000000831e+00
6.834750000000000227e+02,9.959877999999999787e+00
6.834800000000000182e+02,9.892841000000000662e+00
6.834859999999999900e+02,9.873687000000000324e+00
6.834919999999999618e+02,9.979032000000000124e+00
6.834980000000000473e+02,9.921571000000000140e+00
6.835030000000000427e+02,9.940725000000000477e+00
6.835090000000000146e+02,9.931148000000000309e+00
6.835149999999999864e+02,9.883264000000000493e+00
6.835199999999999818e+02,9.969454999999999956e+00
6.835259999999999536e+02,9.950302000000000646e+00
6.835320000000000391e+02,9.979032000000000124e+00
6.835370000000000346e+02,1.001733899999999977e+01
6.835430000000000064e+02,9.931148000000000309e+00
6.835489999999999782e+02,9.950302000000000646e+00
6.835549999999999500e+02,9.835380000000000678e+00
6.835599999999999454e+02,8.034940000000000637e+00
6.835660000000000309e+02,1.312980100000000050e+01
6.835720000000000027e+02,1.129105500000000006e+01
6.835779999999999745e+02,6.627150000000000318e+00
6.835839999999999463e+02,1.176031799999999983e+01
6.835890000000000555e+02,1.016099099999999922e+01
6.835950000000000273e+02,1.041956500000000041e+01
6.836009999999999991e+02,7.900864999999999583e+00
6.836069999999999709e+02,1.168370400000000053e+01
6.836130000000000564e+02,1.080263700000000071e+01
6.836190000000000282e+02,6.732495000000000118e+00
6.836240000000000236e+02,1.171243400000000001e+01
6.836299999999999955e+02,1.008437699999999992e+01
6.836359999999999673e+02,8.657432999999999268e+00
6.836420000000000528e+02,1.029506699999999952e+01
6.836480000000000246e+02,1.038125800000000076e+01
6.836539999999999964e+02,9.787496000000000862e+00
6.836599999999999682e+02,9.318232000000000070e+00
6.836649999999999636e+02,1.094628900000000016e+01
6.836710000000000491e+02,9.691727999999999454e+00
6.836770000000000209e+02,9.308655999999999153e+00
6.836829999999999927e+02,1.056321699999999986e+01
6.836879999999999882e+02,9.931148000000000309e+00
6.836939999999999600e+02,9.615112999999999133e+00
6.837000000000000455e+02,1.018972199999999972e+01
6.837060000000000173e+02,1.006522299999999959e+01
6.837119999999999891e+02,9.864110000000000156e+00
6.837169999999999845e+02,9.911993999999999971e+00
6.837229999999999563e+02,1.008437699999999992e+01
6.837290000000000418e+02,9.959877999999999787e+00
6.837340000000000373e+02,9.768342000000000525e+00
6.837400000000000091e+02,1.026633600000000079e+01
6.837459999999999809e+02,1.004607000000000028e+01
6.837519999999999527e+02,9.768342000000000525e+00
6.837580000000000382e+02,1.018972199999999972e+01
6.837630000000000337e+02,9.854533999999999239e+00
6.837699999999999818e+02,9.873687000000000324e+00
6.837749999999999773e+02,1.022802899999999937e+01
6.837809999999999491e+02,9.873687000000000324e+00
6.837859999999999445e+02,1.001733899999999977e+01
6.837920000000000300e+02,9.883264000000000493e+00
6.837980000000000018e+02,9.969454999999999956e+00
6.838039999999999736e+02,9.959877999999999787e+00
6.838089999999999691e+02,9.701304999999999623e+00
6.838150000000000546e+02,1.015141500000000008e+01
6.838210000000000264e+02,9.883264000000000493e+00
6.838269999999999982e+02,9.988609000000000293e+00
6.838319999999999936e+02,1.004607000000000028e+01
6.838379999999999654e+02,9.835380000000000678e+00
6.838440000000000509e+02,1.006522299999999959e+01
6.838500000000000227e+02,9.959877999999999787e+00
6.838550000000000182e+02,9.940725000000000477e+00
6.838609999999999900e+02,9.921571000000000140e+00
6.838669999999999618e+02,1.000776199999999960e+01
6.838730000000000473e+02,1.001733899999999977e+01
6.838780000000000427e+02,9.921571000000000140e+00
6.838840000000000146e+02,9.979032000000000124e+00
6.838899999999999864e+02,9.959877999999999787e+00
6.838949999999999818e+02,9.864110000000000156e+00
6.839009999999999536e+02,1.001733899999999977e+01
6.839070000000000391e+02,9.921571000000000140e+00
6.839130000000000109e+02,1.005564599999999942e+01
6.839180000000000064e+02,9.902418000000000831e+00
6.839239999999999782e+02,1.002691599999999994e+01
6.839299999999999500e+02,9.873687000000000324e+00
6.839360000000000355e+02,9.950302000000000646e+00
6.839410000000000309e+02,1.003649300000000011e+01
6.839470000000000027e+02,9.998186000000000462e+00
6.839529999999999745e+02,9.969454999999999956e+00
6.839579999999999700e+02,9.950302000000000646e+00
6.839640000000000555e+02,1.003649300000000011e+01
6.839700000000000273e+02,9.758765000000000356e+00
6.839759999999999991e+02,1.002691599999999994e+01
6.839819999999999709e+02,9.911993999999999971e+00
6.839869999999999663e+02,9.969454999999999956e+00
6.839930000000000518e+02,9.950302000000000646e+00
6.839990000000000236e+02,1.010353100000000026e+01
6.840049999999999955e+02,9.921571000000000140e+00
6.840099999999999909e+02,1.006522299999999959e+01
6.840159999999999627e+02,9.902418000000000831e+00
6.840220000000000482e+02,9.950302000000000646e+00
6.840270000000000437e+02,1.002691599999999994e+01
6.840330000000000155e+02,9.969454999999999956e+00
6.840389999999999873e+02,9.931148000000000309e+00
6.840439999999999827e+02,9.950302000000000646e+00
6.840499999999999545e+02,9.988609000000000293e+00
6.840560000000000400e+02,9.931148000000000309e+00
6.840620000000000118e+02,9.902418000000000831e+00
6.840670000000000073e+02,9.940725000000000477e+00
6.840729999999999791e+02,9.835380000000000678e+00
6.840789999999999509e+02,9.931148000000000309e+00
6.840839999999999463e+02,9.979032000000000124e+00
6.840900000000000318e+02,9.931148000000000309e+00
6.840960000000000036e+02,1.003649300000000011e+01
6.841009999999999991e+02,9.950302000000000646e+00
6.841069999999999709e+02,9.950302000000000646e+00
6.841130000000000564e+02,9.902418000000000831e+00
6.841190000000000282e+02,9.959877999999999787e+00
6.841240000000000236e+02,1.002691599999999994e+01
6.841299999999999955e+02,9.979032000000000124e+00
6.841359999999999673e+02,9.959877999999999787e+00
6.841420000000000528e+02,9.950302000000000646e+00
6.841470000000000482e+02,9.902418000000000831e+00
6.841530000000000200e+02,9.921571000000000140e+00
6.841589999999999918e+02,9.950302000000000646e+00
6.841639999999999873e+02,9.911993999999999971e+00
6.841699999999999591e+02,9.366115999999999886e+00
6.841760000000000446e+02,9.643843999999999639e+00
6.841820000000000164e+02,1.285207400000000000e+01
6.841870000000000118e+02,9.251194999999999169e+00
6.841929999999999836e+02,8.609548999999999452e+00
6.841989999999999554e+02,1.039083499999999916e+01
6.842050000000000409e+02,1.109951799999999977e+01
6.842110000000000127e+02,8.475472999999999146e+00
6.842160000000000082e+02,9.155426999999999538e+00
6.842219999999999800e+02,1.177947200000000016e+01
6.842279999999999518e+02,9.222464000000000439e+00
6.842340000000000373e+02,9.356540000000000745e+00
6.842390000000000327e+02,1.083136799999999944e+01
6.842450000000000045e+02,1.009395400000000009e+01
6.842509999999999764e+02,9.308655999999999153e+00
6.842569999999999482e+02,1.028548999999999936e+01
6.842630000000000337e+02,1.025675900000000063e+01
6.842690000000000055e+02,9.308655999999999153e+00
6.842749999999999773e+02,1.002691599999999994e+01
6.842809999999999491e+02,1.031422000000000061e+01
6.842859999999999445e+02,9.528921999999999670e+00
6.842920000000000300e+02,9.844957000000000846e+00
6.842980000000000018e+02,1.021845199999999920e+01
6.843039999999999736e+02,9.758765000000000356e+00
6.843089999999999691e+02,9.844957000000000846e+00
6.843150000000000546e+02,1.011310699999999940e+01
6.843210000000000264e+02,9.902418000000000831e+00
6.843269999999999982e+02,9.806649999999999423e+00
6.843329999999999700e+02,1.004607000000000028e+01
6.843379999999999654e+02,1.003649300000000011e+01
6.843440000000000509e+02,9.797072999999999254e+00
6.843500000000000227e+02,1.002691599999999994e+01
6.843559999999999945e+02,1.021845199999999920e+01
6.843609999999999900e+02,9.777919000000000693e+00
6.843669999999999618e+02,9.931148000000000309e+00
6.843730000000000473e+02,1.013226099999999974e+01
6.843790000000000191e+02,9.777919000000000693e+00
6.843849999999999909e+02,1.008437699999999992e+01
6.843909999999999627e+02,1.007479999999999976e+01
6.843959999999999582e+02,9.883264000000000493e+00
6.844020000000000437e+02,9.844957000000000846e+00
6.844080000000000155e+02,9.979032000000000124e+00
6.844130000000000109e+02,9.979032000000000124e+00
6.844189999999999827e+02,9.835380000000000678e+00
6.844249999999999545e+02,9.950302000000000646e+00
6.844310000000000400e+02,9.959877999999999787e+00
6.844360000000000355e+02,9.777919000000000693e+00
6.844420000000000073e+02,1.001733899999999977e+01
6.844479999999999791e+02,9.911993999999999971e+00
6.844529999999999745e+02,9.931148000000000309e+00
6.844589999999999463e+02,9.940725000000000477e+00
6.844650000000000318e+02,9.988609000000000293e+00
6.844700000000000273e+02,9.931148000000000309e+00
6.844759999999999991e+02,9.950302000000000646e+00
6.844819999999999709e+02,1.004607000000000028e+01
6.844880000000000564e+02,9.950302000000000646e+00
6.844930000000000518e+02,9.931148000000000309e+00
6.844990000000000236e+02,1.007479999999999976e+01
6.845049999999999955e+02,9.988609000000000293e+00
6.845109999999999673e+02,9.873687000000000324e+00
6.845159999999999627e+02,1.000776199999999960e+01
6.845220000000000482e+02,9.911993999999999971e+00
6.845280000000000200e+02,9.940725000000000477e+00
6.845339999999999918e+02,1.006522299999999959e+01
6.845389999999999873e+02,9.864110000000000156e+00
6.845449999999999591e+02,9.940725000000000477e+00
6.845510000000000446e+02,9.902418000000000831e+00
6.845560000000000400e+02,9.959877999999999787e+00
6.845620000000000118e+02,9.854533999999999239e+00
6.845679999999999836e+02,9.931148000000000309e+00
6.845739999999999554e+02,9.998186000000000462e+00
6.845789999999999509e+02,9.873687000000000324e+00
6.845850000000000364e+02,9.979032000000000124e+00
6.845910000000000082e+02,9.969454999999999956e+00
6.845960000000000036e+02,9.921571000000000140e+00
6.846019999999999754e+02,9.892841000000000662e+00
6.846079999999999472e+02,9.988609000000000293e+00
6.846130000000000564e+02,9.950302000000000646e+00
6.846190000000000282e+02,9.931148000000000309e+00
6.846250000000000000e+02,9.940725000000000477e+00
6.846299999999999955e+02,9.998186000000000462e+00
6.846359999999999673e+02,9.873687000000000324e+00
6.846420000000000528e+02,9.959877999999999787e+00
6.846470000000000482e+02,9.950302000000000646e+00
6.846530000000000200e+02,9.931148000000000309e+00
6.846589999999999918e+02,9.931148000000000309e+00
6.846649999999999636e+02,1.001733899999999977e+01
6.846699999999999591e+02,9.959877999999999787e+00
6.846760000000000446e+02,9.921571000000000140e+00
6.846820000000000164e+02,9.921571000000000140e+00
6.846870000000000118e+02,9.959877999999999787e+00
6.846929999999999836e+02,9.902418000000000831e+00
6.846989999999999554e+02,9.998186000000000462e+00
6.847039999999999509e+02,1.000776199999999960e+01
6.847100000000000364e+02,9.940725000000000477e+00
6.847160000000000082e+02,9.979032000000000124e+00
6.847219999999999800e+02,9.931148000000000309e+00
6.847269999999999754e+02,9.911993999999999971e+00
6.847329999999999472e+02,1.000776199999999960e+01
6.847390000000000327e+02,9.950302000000000646e+00
6.847450000000000045e+02,9.911993999999999971e+00
6.847509999999999764e+02,9.950302000000000646e+00
6.847559999999999718e+02,9.940725000000000477e+00
6.847619999999999436e+02,9.911993999999999971e+00
6.847670000000000528e+02,9.911993999999999971e+00
6.847730000000000246e+02,9.921571000000000140e+00
6.847789999999999964e+02,9.634266999999999470e+00
6.847849999999999682e+02,9.413999999999999702e+00
6.847899999999999636e+02,1.587834499999999949e+01
6.847960000000000491e+02,6.052540999999999727e+00
6.848020000000000209e+02,7.690174999999999983e+00
6.848079999999999927e+02,1.249773199999999918e+01
6.848129999999999882e+02,1.051533300000000004e+01
6.848189999999999600e+02,9.519344999999999501e+00
6.848250000000000455e+02,8.293514000000000053e+00
6.848310000000000173e+02,1.340752900000000025e+01
6.848369999999999891e+02,8.245630000000000237e+00
6.848429999999999609e+02,8.705317000000000860e+00
6.848479999999999563e+02,1.233492599999999939e+01
6.848540000000000418e+02,9.097965999999999553e+00
6.848600000000000136e+02,9.260771999999999338e+00
6.848659999999999854e+02,1.045787200000000006e+01
6.848719999999999573e+02,1.035252700000000026e+01
6.848780000000000427e+02,9.165003000000000455e+00
6.848830000000000382e+02,1.007479999999999976e+01
6.848890000000000100e+02,1.109951799999999977e+01
6.848949999999999818e+02,9.097965999999999553e+00
6.849009999999999536e+02,1.017056799999999939e+01
6.849070000000000391e+02,1.024718299999999971e+01
6.849130000000000109e+02,9.567228999999999317e+00
6.849180000000000064e+02,9.797072999999999254e+00
6.849239999999999782e+02,1.020887500000000081e+01
6.849299999999999500e+02,9.959877999999999787e+00
6.849360000000000355e+02,1.008437699999999992e+01
6.849420000000000073e+02,9.959877999999999787e+00
6.849470000000000027e+02,9.931148000000000309e+00
6.849529999999999745e+02,9.873687000000000324e+00
6.849589999999999463e+02,9.825803000000000509e+00
6.849650000000000318e+02,1.017056799999999939e+01
6.849700000000000273e+02,9.883264000000000493e+00
6.849759999999999991e+02,9.825803000000000509e+00
6.849819999999999709e+02,1.018972199999999972e+01
6.849880000000000564e+02,9.643843999999999639e+00
6.849930000000000518e+02,1.013226099999999974e+01
6.849990000000000236e+02,1.009395400000000009e+01
6.850049999999999955e+02,9.844957000000000846e+00
6.850099999999999909e+02,1.004607000000000028e+01
6.850159999999999627e+02,9.816226000000000340e+00
6.850220000000000482e+02,1.006522299999999959e+01
6.850280000000000200e+02,9.864110000000000156e+00
6.850339999999999918e+02,9.998186000000000462e+00
6.850389999999999873e+02,1.010353100000000026e+01
6.850449999999999591e+02,9.749188999999999439e+00
6.850510000000000446e+02,1.006522299999999959e+01
6.850570000000000164e+02,9.864110000000000156e+00
6.850620000000000118e+02,9.950302000000000646e+00
6.850679999999999836e+02,1.003649300000000011e+01
6.850739999999999554e+02,9.921571000000000140e+00
6.850800000000000409e+02,9.950302000000000646e+00
6.850850000000000364e+02,1.000776199999999960e+01
6.850910000000000082e+02,1.003649300000000011e+01
6.850969999999999800e+02,9.854533999999999239e+00
6.851019999999999754e+02,9.940725000000000477e+00
6.851079999999999472e+02,9.998186000000000462e+00
6.851140000000000327e+02,9.844957000000000846e+00
6.851200000000000045e+02,9.921571000000000140e+00
6.851250000000000000e+02,9.959877999999999787e+00
6.851309999999999718e+02,9.950302000000000646e+00
6.851369999999999436e+02,9.883264000000000493e+00
6.851420000000000528e+02,9.911993999999999971e+00
6.851480000000000246e+02,9.979032000000000124e+00
6.851539999999999964e+02,9.931148000000000309e+00
6.851589999999999918e+02,9.940725000000000477e+00
6.851649999999999636e+02,9.988609000000000293e+00
6.851710000000000491e+02,9.921571000000000140e+00
6.851770000000000209e+02,1.001733899999999977e+01
6.851820000000000164e+02,9.911993999999999971e+00
6.851879999999999882e+02,9.940725000000000477e+00
6.851939999999999600e+02,9.940725000000000477e+00
6.851989999999999554e+02,9.911993999999999971e+00
6.852050000000000409e+02,9.902418000000000831e+00
6.852110000000000127e+02,9.844957000000000846e+00
6.852160000000000082e+02,9.979032000000000124e+00
6.852219999999999800e+02,9.911993999999999971e+00
6.852279999999999518e+02,9.940725000000000477e+00
6.852340000000000373e+02,9.950302000000000646e+00
6.852390000000000327e+02,9.921571000000000140e+00
6.852450000000000045e+02,9.892841000000000662e+00
6.852500000000000000e+02,9.969454999999999956e+00
6.852559999999999718e+02,9.998186000000000462e+00
6.852619999999999436e+02,9.988609000000000293e+00
6.852680000000000291e+02,1.002691599999999994e+01
6.852730000000000246e+02,9.959877999999999787e+00
6.852789999999999964e+02,9.950302000000000646e+00
6.852849999999999682e+02,9.892841000000000662e+00
6.852899999999999636e+02,9.911993999999999971e+00
6.852960000000000491e+02,9.950302000000000646e+00
6.853020000000000209e+02,9.902418000000000831e+00
