3.448799999999999955e+01,9.940725000000000477e+00
3.449300000000000210e+01,9.931148000000000309e+00
3.449900000000000233e+01,9.883264000000000493e+00
3.450399999999999778e+01,9.969454999999999956e+00
3.450999999999999801e+01,9.883264000000000493e+00
3.451599999999999824e+01,9.969454999999999956e+00
3.452100000000000080e+01,9.950302000000000646e+00
3.452700000000000102e+01,1.004607000000000028e+01
3.453199999999999648e+01,9.950302000000000646e+00
3.453799999999999670e+01,9.959877999999999787e+00
3.454399999999999693e+01,9.892841000000000662e+00
3.454899999999999949e+01,9.950302000000000646e+00
3.455499999999999972e+01,9.959877999999999787e+00
3.456000000000000227e+01,9.979032000000000124e+00
3.456600000000000250e+01,9.950302000000000646e+00
3.457200000000000273e+01,9.979032000000000124e+00
3.457800000000000296e+01,9.959877999999999787e+00
3.458299999999999841e+01,9.979032000000000124e+00
3.458899999999999864e+01,9.979032000000000124e+00
3.459400000000000119e+01,9.940725000000000477e+00
3.460000000000000142e+01,1.001733899999999977e+01
3.460600000000000165e+01,9.873687000000000324e+00
3.461200000000000188e+01,9.911993999999999971e+00
3.461699999999999733e+01,9.959877999999999787e+00
3.462299999999999756e+01,1.001733899999999977e+01
3.462899999999999778e+01,9.902418000000000831e+00
3.463499999999999801e+01,9.911993999999999971e+00
3.464000000000000057e+01,9.979032000000000124e+00
3.464600000000000080e+01,9.864110000000000156e+00
3.465100000000000335e+01,9.892841000000000662e+00
3.465699999999999648e+01,9.959877999999999787e+00
3.466299999999999670e+01,9.931148000000000309e+00
3.466899999999999693e+01,9.883264000000000493e+00
3.467399999999999949e+01,9.931148000000000309e+00
3.467999999999999972e+01,9.940725000000000477e+00
3.468599999999999994e+01,9.969454999999999956e+00
3.469200000000000017e+01,1.005564599999999942e+01
3.469700000000000273e+01,9.902418000000000831e+00
3.470300000000000296e+01,9.940725000000000477e+00
3.470799999999999841e+01,9.931148000000000309e+00
3.471399999999999864e+01,1.000776199999999960e+01
3.471999999999999886e+01,9.940725000000000477e+00
3.472599999999999909e+01,9.873687000000000324e+00
3.473100000000000165e+01,9.988609000000000293e+00
3.473700000000000188e+01,1.000776199999999960e+01
3.474300000000000210e+01,9.950302000000000646e+00
3.474900000000000233e+01,1.004607000000000028e+01
3.475399999999999778e+01,9.902418000000000831e+00
3.475999999999999801e+01,9.940725000000000477e+00
3.476500000000000057e+01,9.911993999999999971e+00
3.477100000000000080e+01,9.969454999999999956e+00
3.477700000000000102e+01,9.911993999999999971e+00
3.478199999999999648e+01,9.883264000000000493e+00
3.478799999999999670e+01,9.959877999999999787e+00
3.479399999999999693e+01,9.940725000000000477e+00
3.479899999999999949e+01,9.998186000000000462e+00
3.480499999999999972e+01,9.921571000000000140e+00
3.481099999999999994e+01,9.959877999999999787e+00
3.481600000000000250e+01,1.000776199999999960e+01
3.482200000000000273e+01,9.940725000000000477e+00
3.482800000000000296e+01,9.931148000000000309e+00
3.483400000000000318e+01,9.911993999999999971e+00
3.483899999999999864e+01,9.864110000000000156e+00
3.484499999999999886e+01,9.902418000000000831e+00
3.485000000000000142e+01,9.998186000000000462e+00
3.485600000000000165e+01,9.940725000000000477e+00
3.486200000000000188e+01,9.959877999999999787e+00
3.486699999999999733e+01,9.000000000000000000e+00
3.487299999999999756e+01,9.959877999999999787e+00
3.487800000000000011e+01,9.959877999999999787e+00
3.488400000000000034e+01,9.911993999999999971e+00
3.489000000000000057e+01,9.921571000000000140e+00
3.489600000000000080e+01,9.969454999999999956e+00
3.490100000000000335e+01,9.892841000000000662e+00
3.490699999999999648e+01,9.873687000000000324e+00
3.491299999999999670e+01,9.940725000000000477e+00
3.491799999999999926e+01,9.931148000000000309e+00
3.492399999999999949e+01,9.902418000000000831e+00
3.492900000000000205e+01,9.969454999999999956e+00
3.493500000000000227e+01,9.921571000000000140e+00
3.494100000000000250e+01,9.950302000000000646e+00
3.494599999999999795e+01,9.911993999999999971e+00
3.495199999999999818e+01,9.940725000000000477e+00
3.495799999999999841e+01,9.864110000000000156e+00
3.496300000000000097e+01,9.940725000000000477e+00
3.496900000000000119e+01,9.988609000000000293e+00
3.497500000000000142e+01,9.921571000000000140e+00
3.497999999999999687e+01,9.931148000000000309e+00
3.498599999999999710e+01,9.969454999999999956e+00
3.499099999999999966e+01,9.998186000000000462e+00
3.499699999999999989e+01,9.940725000000000477e+00
3.500300000000000011e+01,9.988609000000000293e+00
3.500900000000000034e+01,9.911993999999999971e+00
3.501400000000000290e+01,9.931148000000000309e+00
3.502000000000000313e+01,9.931148000000000309e+00
3.502499999999999858e+01,9.979032000000000124e+00
3.503099999999999881e+01,9.998186000000000462e+00
3.503699999999999903e+01,9.959877999999999787e+00
3.504200000000000159e+01,9.873687000000000324e+00
3.504800000000000182e+01,9.959877999999999787e+00
3.505400000000000205e+01,9.959877999999999787e+00
3.505899999999999750e+01,9.883264000000000493e+00
3.506499999999999773e+01,9.979032000000000124e+00
3.507099999999999795e+01,9.911993999999999971e+00
3.507600000000000051e+01,9.902418000000000831e+00
3.508200000000000074e+01,9.959877999999999787e+00
3.509300000000000352e+01,9.959877999999999787e+00
3.509899999999999665e+01,9.911993999999999971e+00
3.510499999999999687e+01,9.969454999999999956e+00
3.510999999999999943e+01,9.931148000000000309e+00
3.511599999999999966e+01,9.921571000000000140e+00
3.512199999999999989e+01,9.940725000000000477e+00
3.512800000000000011e+01,9.844957000000000846e+00
3.513300000000000267e+01,9.969454999999999956e+00
3.513900000000000290e+01,9.979032000000000124e+00
3.514399999999999835e+01,9.969454999999999956e+00
3.514999999999999858e+01,9.921571000000000140e+00
3.515599999999999881e+01,9.979032000000000124e+00
3.516100000000000136e+01,9.892841000000000662e+00
3.516700000000000159e+01,9.921571000000000140e+00
3.517199999999999704e+01,9.911993999999999971e+00
3.517799999999999727e+01,9.921571000000000140e+00
3.518399999999999750e+01,9.959877999999999787e+00
3.518900000000000006e+01,9.998186000000000462e+00
3.519500000000000028e+01,9.940725000000000477e+00
3.520100000000000051e+01,9.969454999999999956e+00
3.520600000000000307e+01,9.988609000000000293e+00
3.521200000000000330e+01,9.931148000000000309e+00
3.521800000000000352e+01,9.940725000000000477e+00
3.522299999999999898e+01,9.979032000000000124e+00
3.522899999999999920e+01,9.988609000000000293e+00
3.523499999999999943e+01,1.000776199999999960e+01
3.524099999999999966e+01,9.969454999999999956e+00
3.524600000000000222e+01,9.940725000000000477e+00
3.525200000000000244e+01,9.902418000000000831e+00
3.525699999999999790e+01,1.003649300000000011e+01
3.526299999999999812e+01,9.988609000000000293e+00
3.526899999999999835e+01,9.969454999999999956e+00
3.527499999999999858e+01,9.988609000000000293e+00
3.528000000000000114e+01,9.911993999999999971e+00
3.528600000000000136e+01,9.931148000000000309e+00
3.529200000000000159e+01,9.950302000000000646e+00
3.529800000000000182e+01,9.921571000000000140e+00
3.530299999999999727e+01,9.940725000000000477e+00
3.530899999999999750e+01,9.950302000000000646e+00
3.531400000000000006e+01,9.969454999999999956e+00
3.532000000000000028e+01,9.940725000000000477e+00
3.532600000000000051e+01,9.911993999999999971e+00
3.533100000000000307e+01,9.902418000000000831e+00
3.533700000000000330e+01,9.911993999999999971e+00
3.534199999999999875e+01,9.911993999999999971e+00
3.534799999999999898e+01,1.002691599999999994e+01
3.535399999999999920e+01,9.969454999999999956e+00
3.535999999999999943e+01,1.004607000000000028e+01
3.536500000000000199e+01,9.931148000000000309e+00
3.537100000000000222e+01,9.921571000000000140e+00
3.537599999999999767e+01,9.950302000000000646e+00
3.538199999999999790e+01,9.950302000000000646e+00
3.538799999999999812e+01,9.931148000000000309e+00
3.539300000000000068e+01,9.979032000000000124e+00
3.539900000000000091e+01,9.931148000000000309e+00
3.540500000000000114e+01,9.940725000000000477e+00
3.540999999999999659e+01,9.921571000000000140e+00
3.541599999999999682e+01,9.931148000000000309e+00
3.542199999999999704e+01,9.988609000000000293e+00
3.542699999999999960e+01,9.873687000000000324e+00
3.543299999999999983e+01,9.883264000000000493e+00
3.543900000000000006e+01,9.931148000000000309e+00
3.544400000000000261e+01,9.921571000000000140e+00
3.545000000000000284e+01,9.883264000000000493e+00
3.545499999999999829e+01,9.969454999999999956e+00
3.546099999999999852e+01,9.892841000000000662e+00
3.546699999999999875e+01,9.969454999999999956e+00
3.547200000000000131e+01,9.969454999999999956e+00
3.547800000000000153e+01,9.969454999999999956e+00
3.548400000000000176e+01,9.902418000000000831e+00
3.548899999999999721e+01,9.921571000000000140e+00
3.549499999999999744e+01,9.959877999999999787e+00
3.550099999999999767e+01,9.950302000000000646e+00
3.550699999999999790e+01,9.950302000000000646e+00
3.551200000000000045e+01,1.002691599999999994e+01
3.551800000000000068e+01,9.902418000000000831e+00
3.552400000000000091e+01,9.969454999999999956e+00
3.553000000000000114e+01,9.988609000000000293e+00
3.553499999999999659e+01,9.940725000000000477e+00
3.554099999999999682e+01,9.969454999999999956e+00
3.554599999999999937e+01,9.969454999999999956e+00
3.555199999999999960e+01,9.959877999999999787e+00
3.555799999999999983e+01,9.950302000000000646e+00
3.556300000000000239e+01,9.950302000000000646e+00
3.556900000000000261e+01,9.931148000000000309e+00
3.557500000000000284e+01,9.979032000000000124e+00
3.557999999999999829e+01,9.950302000000000646e+00
3.558599999999999852e+01,9.873687000000000324e+00
3.559199999999999875e+01,9.979032000000000124e+00
3.559700000000000131e+01,9.959877999999999787e+00
3.560300000000000153e+01,9.902418000000000831e+00
3.560799999999999699e+01,9.921571000000000140e+00
3.561399999999999721e+01,9.969454999999999956e+00
3.561999999999999744e+01,9.950302000000000646e+00
3.562500000000000000e+01,9.950302000000000646e+00
3.563100000000000023e+01,9.911993999999999971e+00
3.563600000000000279e+01,9.959877999999999787e+00
3.564200000000000301e+01,9.950302000000000646e+00
3.564800000000000324e+01,9.902418000000000831e+00
3.565299999999999869e+01,9.940725000000000477e+00
3.565899999999999892e+01,9.940725000000000477e+00
3.566400000000000148e+01,9.959877999999999787e+00
3.567000000000000171e+01,9.959877999999999787e+00
3.567600000000000193e+01,9.969454999999999956e+00
3.568200000000000216e+01,9.979032000000000124e+00
3.568699999999999761e+01,9.969454999999999956e+00
3.569299999999999784e+01,9.931148000000000309e+00
3.569800000000000040e+01,9.921571000000000140e+00
3.570400000000000063e+01,9.940725000000000477e+00
3.571500000000000341e+01,9.959877999999999787e+00
3.572099999999999653e+01,9.911993999999999971e+00
3.572699999999999676e+01,9.931148000000000309e+00
3.573199999999999932e+01,9.892841000000000662e+00
3.573799999999999955e+01,9.940725000000000477e+00
3.574399999999999977e+01,9.979032000000000124e+00
3.574900000000000233e+01,9.921571000000000140e+00
3.575500000000000256e+01,9.969454999999999956e+00
3.576100000000000279e+01,9.911993999999999971e+00
3.576599999999999824e+01,1.001733899999999977e+01
3.577199999999999847e+01,9.931148000000000309e+00
3.577700000000000102e+01,9.940725000000000477e+00
3.578300000000000125e+01,9.959877999999999787e+00
3.578900000000000148e+01,9.969454999999999956e+00
3.579399999999999693e+01,1.001733899999999977e+01
3.579999999999999716e+01,9.950302000000000646e+00
3.580599999999999739e+01,1.003649300000000011e+01
3.581099999999999994e+01,1.001733899999999977e+01
3.581700000000000017e+01,9.950302000000000646e+00
3.582300000000000040e+01,1.001733899999999977e+01
3.582900000000000063e+01,9.892841000000000662e+00
3.583400000000000318e+01,9.969454999999999956e+00
3.584000000000000341e+01,9.979032000000000124e+00
3.584599999999999653e+01,9.988609000000000293e+00
3.585199999999999676e+01,9.988609000000000293e+00
3.585699999999999932e+01,9.940725000000000477e+00
3.586299999999999955e+01,9.902418000000000831e+00
3.586800000000000210e+01,9.911993999999999971e+00
3.587400000000000233e+01,9.988609000000000293e+00
3.587899999999999778e+01,9.883264000000000493e+00
3.588499999999999801e+01,9.931148000000000309e+00
3.589099999999999824e+01,9.873687000000000324e+00
3.589600000000000080e+01,9.921571000000000140e+00
3.590200000000000102e+01,9.979032000000000124e+00
3.590800000000000125e+01,9.950302000000000646e+00
3.591400000000000148e+01,9.988609000000000293e+00
3.591899999999999693e+01,9.988609000000000293e+00
3.592499999999999716e+01,9.921571000000000140e+00
3.592999999999999972e+01,9.950302000000000646e+00
3.593599999999999994e+01,9.892841000000000662e+00
3.594200000000000017e+01,9.940725000000000477e+00
3.594700000000000273e+01,1.001733899999999977e+01
3.595300000000000296e+01,9.931148000000000309e+00
3.595799999999999841e+01,9.988609000000000293e+00
3.596399999999999864e+01,9.959877999999999787e+00
3.596999999999999886e+01,9.921571000000000140e+00
3.597500000000000142e+01,9.921571000000000140e+00
3.598100000000000165e+01,9.931148000000000309e+00
3.598700000000000188e+01,9.931148000000000309e+00
3.599199999999999733e+01,9.902418000000000831e+00
3.599799999999999756e+01,9.873687000000000324e+00
3.600399999999999778e+01,9.950302000000000646e+00
3.600900000000000034e+01,9.911993999999999971e+00
3.601500000000000057e+01,9.911993999999999971e+00
3.602000000000000313e+01,1.000776199999999960e+01
3.602600000000000335e+01,1.000776199999999960e+01
3.603199999999999648e+01,9.911993999999999971e+00
3.603699999999999903e+01,9.959877999999999787e+00
3.604299999999999926e+01,9.892841000000000662e+00
3.604899999999999949e+01,9.979032000000000124e+00
3.605400000000000205e+01,9.921571000000000140e+00
3.606000000000000227e+01,9.902418000000000831e+00
3.606600000000000250e+01,9.931148000000000309e+00
3.607099999999999795e+01,9.940725000000000477e+00
3.607699999999999818e+01,9.969454999999999956e+00
3.608200000000000074e+01,9.921571000000000140e+00
3.608800000000000097e+01,9.931148000000000309e+00
3.609400000000000119e+01,9.921571000000000140e+00
3.609899999999999665e+01,9.950302000000000646e+00
3.610499999999999687e+01,9.921571000000000140e+00
3.610999999999999943e+01,9.921571000000000140e+00
3.611599999999999966e+01,9.969454999999999956e+00
3.612199999999999989e+01,9.921571000000000140e+00
3.612800000000000011e+01,9.940725000000000477e+00
3.613300000000000267e+01,9.969454999999999956e+00
3.613900000000000290e+01,9.950302000000000646e+00
3.614500000000000313e+01,9.911993999999999971e+00
3.614999999999999858e+01,9.998186000000000462e+00
3.615599999999999881e+01,9.911993999999999971e+00
3.616100000000000136e+01,9.940725000000000477e+00
3.616700000000000159e+01,9.940725000000000477e+00
3.617300000000000182e+01,9.892841000000000662e+00
3.617900000000000205e+01,9.988609000000000293e+00
3.618399999999999750e+01,9.969454999999999956e+00
3.618999999999999773e+01,9.873687000000000324e+00
3.619500000000000028e+01,9.979032000000000124e+00
3.620100000000000051e+01,9.950302000000000646e+00
3.620700000000000074e+01,9.969454999999999956e+00
3.621200000000000330e+01,9.950302000000000646e+00
3.621800000000000352e+01,1.000776199999999960e+01
3.622399999999999665e+01,9.931148000000000309e+00
3.622999999999999687e+01,9.902418000000000831e+00
3.623499999999999943e+01,9.931148000000000309e+00
3.624099999999999966e+01,9.902418000000000831e+00
3.624600000000000222e+01,9.979032000000000124e+00
3.625200000000000244e+01,9.883264000000000493e+00
3.625800000000000267e+01,9.911993999999999971e+00
3.626299999999999812e+01,9.921571000000000140e+00
3.626899999999999835e+01,9.959877999999999787e+00
3.627499999999999858e+01,9.969454999999999956e+00
3.628000000000000114e+01,9.931148000000000309e+00
3.628600000000000136e+01,9.911993999999999971e+00
3.629099999999999682e+01,9.969454999999999956e+00
3.629699999999999704e+01,9.940725000000000477e+00
3.630299999999999727e+01,9.931148000000000309e+00
3.630799999999999983e+01,9.959877999999999787e+00
3.631400000000000006e+01,9.979032000000000124e+00
3.632000000000000028e+01,9.940725000000000477e+00
3.632500000000000284e+01,9.959877999999999787e+00
3.633599999999999852e+01,9.931148000000000309e+00
3.634199999999999875e+01,9.940725000000000477e+00
3.634799999999999898e+01,9.931148000000000309e+00
3.635300000000000153e+01,9.969454999999999956e+00
3.635900000000000176e+01,9.902418000000000831e+00
3.636500000000000199e+01,9.969454999999999956e+00
3.636999999999999744e+01,9.921571000000000140e+00
3.637599999999999767e+01,9.969454999999999956e+00
3.638100000000000023e+01,9.940725000000000477e+00
3.638700000000000045e+01,9.921571000000000140e+00
3.639300000000000068e+01,9.998186000000000462e+00
3.639800000000000324e+01,9.921571000000000140e+00
3.640400000000000347e+01,9.873687000000000324e+00
3.640999999999999659e+01,9.911993999999999971e+00
3.641599999999999682e+01,9.921571000000000140e+00
3.642099999999999937e+01,9.940725000000000477e+00
3.642699999999999960e+01,9.921571000000000140e+00
3.643200000000000216e+01,9.979032000000000124e+00
3.643800000000000239e+01,9.883264000000000493e+00
3.644400000000000261e+01,9.988609000000000293e+00
3.645000000000000284e+01,9.988609000000000293e+00
3.645499999999999829e+01,9.988609000000000293e+00
3.646099999999999852e+01,9.931148000000000309e+00
3.646699999999999875e+01,9.902418000000000831e+00
3.647299999999999898e+01,9.883264000000000493e+00
3.647800000000000153e+01,9.931148000000000309e+00
3.648400000000000176e+01,9.950302000000000646e+00
3.648899999999999721e+01,9.940725000000000477e+00
3.649499999999999744e+01,9.902418000000000831e+00
3.650099999999999767e+01,9.940725000000000477e+00
3.650600000000000023e+01,9.940725000000000477e+00
3.651200000000000045e+01,9.950302000000000646e+00
3.651800000000000068e+01,9.864110000000000156e+00
3.652300000000000324e+01,9.969454999999999956e+00
3.652900000000000347e+01,9.940725000000000477e+00
3.653499999999999659e+01,9.902418000000000831e+00
3.653999999999999915e+01,9.931148000000000309e+00
3.654599999999999937e+01,9.921571000000000140e+00
3.655199999999999960e+01,1.000776199999999960e+01
3.655799999999999983e+01,9.950302000000000646e+00
3.656300000000000239e+01,9.911993999999999971e+00
3.656900000000000261e+01,9.931148000000000309e+00
3.657399999999999807e+01,9.902418000000000831e+00
3.657999999999999829e+01,9.931148000000000309e+00
3.658599999999999852e+01,9.892841000000000662e+00
3.659100000000000108e+01,9.892841000000000662e+00
3.659700000000000131e+01,9.988609000000000293e+00
3.660199999999999676e+01,9.911993999999999971e+00
3.660799999999999699e+01,9.902418000000000831e+00
3.661399999999999721e+01,9.911993999999999971e+00
3.661999999999999744e+01,9.931148000000000309e+00
3.662500000000000000e+01,9.959877999999999787e+00
3.663100000000000023e+01,9.883264000000000493e+00
3.663600000000000279e+01,9.940725000000000477e+00
3.664200000000000301e+01,9.950302000000000646e+00
3.664800000000000324e+01,9.911993999999999971e+00
3.665299999999999869e+01,9.979032000000000124e+00
3.665899999999999892e+01,9.902418000000000831e+00
3.666400000000000148e+01,9.892841000000000662e+00
3.667000000000000171e+01,9.969454999999999956e+00
3.667600000000000193e+01,9.959877999999999787e+00
3.668099999999999739e+01,9.873687000000000324e+00
3.668699999999999761e+01,9.959877999999999787e+00
3.669200000000000017e+01,9.931148000000000309e+00
3.669800000000000040e+01,9.911993999999999971e+00
3.670400000000000063e+01,9.931148000000000309e+00
3.670900000000000318e+01,1.001733899999999977e+01
3.671500000000000341e+01,9.950302000000000646e+00
3.672099999999999653e+01,9.883264000000000493e+00
3.672699999999999676e+01,9.940725000000000477e+00
3.673299999999999699e+01,9.902418000000000831e+00
3.673799999999999955e+01,9.911993999999999971e+00
3.674399999999999977e+01,9.892841000000000662e+00
3.674900000000000233e+01,9.959877999999999787e+00
3.675500000000000256e+01,9.911993999999999971e+00
3.676100000000000279e+01,9.892841000000000662e+00
3.676700000000000301e+01,9.911993999999999971e+00
3.677199999999999847e+01,9.959877999999999787e+00
3.677799999999999869e+01,9.921571000000000140e+00
3.678399999999999892e+01,9.988609000000000293e+00
3.678999999999999915e+01,9.940725000000000477e+00
3.679500000000000171e+01,9.940725000000000477e+00
3.680100000000000193e+01,9.988609000000000293e+00
3.680599999999999739e+01,9.873687000000000324e+00
3.681199999999999761e+01,9.892841000000000662e+00
3.681799999999999784e+01,9.883264000000000493e+00
3.682300000000000040e+01,9.902418000000000831e+00
3.682900000000000063e+01,9.921571000000000140e+00
3.683400000000000318e+01,9.940725000000000477e+00
3.684000000000000341e+01,9.902418000000000831e+00
3.684599999999999653e+01,9.959877999999999787e+00
3.685199999999999676e+01,9.940725000000000477e+00
3.685699999999999932e+01,9.940725000000000477e+00
3.686299999999999955e+01,9.931148000000000309e+00
3.686899999999999977e+01,9.998186000000000462e+00
3.687400000000000233e+01,9.959877999999999787e+00
3.688000000000000256e+01,9.883264000000000493e+00
3.688499999999999801e+01,9.969454999999999956e+00
3.689099999999999824e+01,9.988609000000000293e+00
3.689699999999999847e+01,9.902418000000000831e+00
3.690200000000000102e+01,9.950302000000000646e+00
3.690800000000000125e+01,9.931148000000000309e+00
3.691400000000000148e+01,9.921571000000000140e+00
3.691899999999999693e+01,9.892841000000000662e+00
3.692499999999999716e+01,1.001733899999999977e+01
3.693099999999999739e+01,9.959877999999999787e+00
3.693699999999999761e+01,9.883264000000000493e+00
3.694200000000000017e+01,9.979032000000000124e+00
3.694800000000000040e+01,9.883264000000000493e+00
3.695300000000000296e+01,9.969454999999999956e+00
3.695900000000000318e+01,1.001733899999999977e+01
3.696500000000000341e+01,9.873687000000000324e+00
3.696999999999999886e+01,1.001733899999999977e+01
3.697599999999999909e+01,9.969454999999999956e+00
3.698199999999999932e+01,9.892841000000000662e+00
3.698700000000000188e+01,9.950302000000000646e+00
3.699300000000000210e+01,9.940725000000000477e+00
3.699900000000000233e+01,9.911993999999999971e+00
3.700399999999999778e+01,9.950302000000000646e+00
3.700999999999999801e+01,9.950302000000000646e+00
3.701599999999999824e+01,1.000776199999999960e+01
3.702199999999999847e+01,9.902418000000000831e+00
3.702700000000000102e+01,9.979032000000000124e+00
3.703300000000000125e+01,9.959877999999999787e+00
3.703799999999999670e+01,9.911993999999999971e+00
3.704399999999999693e+01,1.006522299999999959e+01
3.704999999999999716e+01,9.892841000000000662e+00
3.705599999999999739e+01,9.902418000000000831e+00
3.706099999999999994e+01,1.008437699999999992e+01
3.706700000000000017e+01,9.749188999999999439e+00
3.707300000000000040e+01,9.931148000000000309e+00
3.707900000000000063e+01,1.007479999999999976e+01
3.708400000000000318e+01,9.825803000000000509e+00
3.709000000000000341e+01,9.835380000000000678e+00
3.709499999999999886e+01,1.007479999999999976e+01
3.710099999999999909e+01,1.000776199999999960e+01
3.710699999999999932e+01,9.739611999999999270e+00
3.711299999999999955e+01,1.007479999999999976e+01
3.711800000000000210e+01,1.002691599999999994e+01
3.712400000000000233e+01,9.730035000000000878e+00
3.713000000000000256e+01,1.015141500000000008e+01
3.713600000000000279e+01,9.931148000000000309e+00
3.714099999999999824e+01,9.797072999999999254e+00
3.714699999999999847e+01,1.009395400000000009e+01
3.715299999999999869e+01,1.006522299999999959e+01
3.715800000000000125e+01,9.777919000000000693e+00
3.716400000000000148e+01,9.998186000000000462e+00
3.717000000000000171e+01,1.004607000000000028e+01
3.717499999999999716e+01,9.883264000000000493e+00
3.718099999999999739e+01,9.892841000000000662e+00
3.718699999999999761e+01,1.008437699999999992e+01
3.719299999999999784e+01,9.844957000000000846e+00
3.719800000000000040e+01,9.892841000000000662e+00
3.720400000000000063e+01,1.002691599999999994e+01
3.721000000000000085e+01,9.902418000000000831e+00
3.721500000000000341e+01,9.950302000000000646e+00
3.722099999999999653e+01,9.902418000000000831e+00
3.722699999999999676e+01,9.931148000000000309e+00
3.723199999999999932e+01,1.003649300000000011e+01
3.723799999999999955e+01,9.864110000000000156e+00
3.724399999999999977e+01,9.873687000000000324e+00
3.724900000000000233e+01,1.003649300000000011e+01
3.725500000000000256e+01,9.873687000000000324e+00
3.726100000000000279e+01,9.921571000000000140e+00
3.726599999999999824e+01,9.979032000000000124e+00
3.727199999999999847e+01,9.931148000000000309e+00
3.727799999999999869e+01,9.911993999999999971e+00
3.728300000000000125e+01,9.959877999999999787e+00
3.728900000000000148e+01,9.959877999999999787e+00
3.729399999999999693e+01,9.854533999999999239e+00
3.729999999999999716e+01,1.000776199999999960e+01
3.730599999999999739e+01,9.998186000000000462e+00
3.731199999999999761e+01,9.911993999999999971e+00
3.731700000000000017e+01,1.000776199999999960e+01
3.732300000000000040e+01,9.892841000000000662e+00
3.732900000000000063e+01,9.883264000000000493e+00
3.733500000000000085e+01,9.988609000000000293e+00
3.734000000000000341e+01,9.988609000000000293e+00
3.734599999999999653e+01,9.979032000000000124e+00
3.735099999999999909e+01,1.001733899999999977e+01
3.735699999999999932e+01,9.892841000000000662e+00
3.736299999999999955e+01,9.950302000000000646e+00
3.736800000000000210e+01,9.931148000000000309e+00
3.737400000000000233e+01,9.959877999999999787e+00
3.738000000000000256e+01,9.950302000000000646e+00
3.738499999999999801e+01,9.911993999999999971e+00
3.739099999999999824e+01,9.931148000000000309e+00
3.739699999999999847e+01,9.902418000000000831e+00
3.740200000000000102e+01,9.940725000000000477e+00
3.740800000000000125e+01,9.959877999999999787e+00
3.741400000000000148e+01,9.902418000000000831e+00
3.741899999999999693e+01,9.998186000000000462e+00
3.742499999999999716e+01,9.940725000000000477e+00
3.742999999999999972e+01,9.950302000000000646e+00
3.743599999999999994e+01,9.940725000000000477e+00
3.744100000000000250e+01,9.911993999999999971e+00
3.744700000000000273e+01,9.998186000000000462e+00
3.745300000000000296e+01,9.911993999999999971e+00
3.745900000000000318e+01,9.959877999999999787e+00
3.746399999999999864e+01,9.959877999999999787e+00
3.746999999999999886e+01,9.940725000000000477e+00
3.747599999999999909e+01,9.959877999999999787e+00
3.748100000000000165e+01,9.931148000000000309e+00
3.748700000000000188e+01,9.969454999999999956e+00
3.749199999999999733e+01,9.969454999999999956e+00
3.749799999999999756e+01,9.911993999999999971e+00
3.750399999999999778e+01,9.950302000000000646e+00
3.750999999999999801e+01,9.921571000000000140e+00
3.751500000000000057e+01,9.921571000000000140e+00
3.752100000000000080e+01,9.931148000000000309e+00
3.752600000000000335e+01,9.969454999999999956e+00
3.753199999999999648e+01,9.921571000000000140e+00
3.753799999999999670e+01,9.864110000000000156e+00
3.754399999999999693e+01,9.902418000000000831e+00
3.754899999999999949e+01,9.931148000000000309e+00
3.755499999999999972e+01,1.001733899999999977e+01
3.756099999999999994e+01,9.892841000000000662e+00
3.756700000000000017e+01,9.979032000000000124e+00
3.757200000000000273e+01,9.979032000000000124e+00
3.757800000000000296e+01,9.979032000000000124e+00
3.758299999999999841e+01,9.931148000000000309e+00
3.758899999999999864e+01,9.959877999999999787e+00
3.759499999999999886e+01,9.892841000000000662e+00
3.760000000000000142e+01,9.988609000000000293e+00
3.760600000000000165e+01,9.940725000000000477e+00
3.761200000000000188e+01,9.950302000000000646e+00
3.761699999999999733e+01,9.950302000000000646e+00
3.762299999999999756e+01,9.940725000000000477e+00
3.762899999999999778e+01,9.931148000000000309e+00
3.763400000000000034e+01,1.003649300000000011e+01
3.764000000000000057e+01,9.950302000000000646e+00
3.764600000000000080e+01,9.931148000000000309e+00
3.765200000000000102e+01,9.979032000000000124e+00
3.765699999999999648e+01,9.940725000000000477e+00
3.766299999999999670e+01,9.950302000000000646e+00
3.766799999999999926e+01,9.950302000000000646e+00
3.767399999999999949e+01,9.979032000000000124e+00
3.767999999999999972e+01,9.950302000000000646e+00
3.768500000000000227e+01,9.883264000000000493e+00
3.769100000000000250e+01,9.959877999999999787e+00
3.769700000000000273e+01,9.931148000000000309e+00
3.770199999999999818e+01,9.931148000000000309e+00
3.770799999999999841e+01,9.950302000000000646e+00
3.771399999999999864e+01,9.988609000000000293e+00
3.771900000000000119e+01,9.911993999999999971e+00
3.772500000000000142e+01,1.001733899999999977e+01
3.773100000000000165e+01,9.988609000000000293e+00
3.773599999999999710e+01,9.864110000000000156e+00
3.774199999999999733e+01,9.940725000000000477e+00
3.774799999999999756e+01,9.931148000000000309e+00
3.775300000000000011e+01,9.892841000000000662e+00
3.776500000000000057e+01,1.001733899999999977e+01
3.777000000000000313e+01,1.001733899999999977e+01
3.777600000000000335e+01,9.902418000000000831e+00
3.778199999999999648e+01,9.988609000000000293e+00
3.778699999999999903e+01,9.883264000000000493e+00
3.779299999999999926e+01,9.988609000000000293e+00
3.779899999999999949e+01,1.000776199999999960e+01
3.780400000000000205e+01,9.959877999999999787e+00
3.781000000000000227e+01,9.902418000000000831e+00
3.781499999999999773e+01,9.969454999999999956e+00
3.782099999999999795e+01,9.931148000000000309e+00
3.782699999999999818e+01,9.950302000000000646e+00
3.783200000000000074e+01,9.988609000000000293e+00
3.783800000000000097e+01,9.959877999999999787e+00
3.784300000000000352e+01,9.959877999999999787e+00
3.784899999999999665e+01,9.979032000000000124e+00
3.785499999999999687e+01,9.950302000000000646e+00
3.786099999999999710e+01,9.940725000000000477e+00
3.786599999999999966e+01,9.931148000000000309e+00
3.787199999999999989e+01,9.969454999999999956e+00
3.787800000000000011e+01,9.969454999999999956e+00
3.788400000000000034e+01,9.959877999999999787e+00
3.788900000000000290e+01,1.002691599999999994e+01
3.789500000000000313e+01,9.921571000000000140e+00
3.789999999999999858e+01,9.940725000000000477e+00
3.790599999999999881e+01,9.931148000000000309e+00
3.791199999999999903e+01,9.979032000000000124e+00
3.791700000000000159e+01,9.959877999999999787e+00
3.792300000000000182e+01,9.883264000000000493e+00
3.792900000000000205e+01,9.969454999999999956e+00
3.793399999999999750e+01,9.911993999999999971e+00
3.793999999999999773e+01,1.000776199999999960e+01
3.794599999999999795e+01,9.931148000000000309e+00
3.795100000000000051e+01,9.921571000000000140e+00
3.795700000000000074e+01,9.892841000000000662e+00
3.796800000000000352e+01,9.969454999999999956e+00
3.797399999999999665e+01,9.950302000000000646e+00
3.797999999999999687e+01,9.959877999999999787e+00
3.798499999999999943e+01,9.873687000000000324e+00
3.799099999999999966e+01,1.003649300000000011e+01
3.799699999999999989e+01,9.892841000000000662e+00
3.800300000000000011e+01,9.883264000000000493e+00
3.800800000000000267e+01,9.950302000000000646e+00
3.801400000000000290e+01,9.931148000000000309e+00
3.802000000000000313e+01,9.911993999999999971e+00
3.802499999999999858e+01,9.940725000000000477e+00
3.803099999999999881e+01,9.864110000000000156e+00
3.803600000000000136e+01,9.940725000000000477e+00
3.804200000000000159e+01,9.921571000000000140e+00
3.804800000000000182e+01,9.921571000000000140e+00
3.805299999999999727e+01,9.883264000000000493e+00
3.805899999999999750e+01,9.940725000000000477e+00
3.806499999999999773e+01,9.921571000000000140e+00
3.807000000000000028e+01,9.940725000000000477e+00
3.807600000000000051e+01,9.979032000000000124e+00
3.808200000000000074e+01,9.931148000000000309e+00
3.808800000000000097e+01,9.931148000000000309e+00
3.809300000000000352e+01,9.969454999999999956e+00
3.809899999999999665e+01,9.969454999999999956e+00
3.810399999999999920e+01,9.969454999999999956e+00
3.810999999999999943e+01,9.950302000000000646e+00
3.811599999999999966e+01,9.873687000000000324e+00
3.812100000000000222e+01,9.969454999999999956e+00
3.812700000000000244e+01,9.959877999999999787e+00
3.813199999999999790e+01,9.979032000000000124e+00
3.813799999999999812e+01,1.000776199999999960e+01
3.814399999999999835e+01,9.892841000000000662e+00
3.814999999999999858e+01,9.979032000000000124e+00
3.815500000000000114e+01,9.911993999999999971e+00
3.816100000000000136e+01,9.950302000000000646e+00
3.817199999999999704e+01,9.911993999999999971e+00
3.817799999999999727e+01,1.000776199999999960e+01
3.818299999999999983e+01,9.921571000000000140e+00
3.818900000000000006e+01,1.001733899999999977e+01
3.819500000000000028e+01,9.883264000000000493e+00
3.820000000000000284e+01,9.998186000000000462e+00
3.820600000000000307e+01,9.911993999999999971e+00
3.821099999999999852e+01,9.921571000000000140e+00
3.821699999999999875e+01,9.902418000000000831e+00
3.822299999999999898e+01,9.969454999999999956e+00
3.822800000000000153e+01,9.969454999999999956e+00
3.823400000000000176e+01,9.921571000000000140e+00
3.824000000000000199e+01,9.959877999999999787e+00
3.824499999999999744e+01,9.969454999999999956e+00
3.825099999999999767e+01,9.940725000000000477e+00
3.825699999999999790e+01,9.959877999999999787e+00
3.826200000000000045e+01,9.873687000000000324e+00
3.826800000000000068e+01,9.950302000000000646e+00
3.827300000000000324e+01,1.004607000000000028e+01
3.827900000000000347e+01,9.911993999999999971e+00
3.828499999999999659e+01,9.959877999999999787e+00
3.829099999999999682e+01,9.940725000000000477e+00
3.829599999999999937e+01,9.864110000000000156e+00
3.830199999999999960e+01,9.940725000000000477e+00
3.830700000000000216e+01,9.873687000000000324e+00
3.831300000000000239e+01,9.959877999999999787e+00
3.831900000000000261e+01,9.835380000000000678e+00
3.832500000000000284e+01,9.988609000000000293e+00
3.832999999999999829e+01,9.950302000000000646e+00
3.833599999999999852e+01,9.988609000000000293e+00
3.834100000000000108e+01,9.931148000000000309e+00
3.834700000000000131e+01,9.940725000000000477e+00
3.835300000000000153e+01,9.988609000000000293e+00
3.835799999999999699e+01,9.940725000000000477e+00
3.836399999999999721e+01,9.959877999999999787e+00
3.836999999999999744e+01,9.921571000000000140e+00
3.837500000000000000e+01,9.950302000000000646e+00
3.838700000000000045e+01,9.873687000000000324e+00
3.839200000000000301e+01,9.931148000000000309e+00
3.839800000000000324e+01,9.979032000000000124e+00
3.840400000000000347e+01,9.988609000000000293e+00
3.840999999999999659e+01,9.940725000000000477e+00
3.841499999999999915e+01,9.950302000000000646e+00
3.842099999999999937e+01,9.940725000000000477e+00
3.842600000000000193e+01,9.921571000000000140e+00
3.843200000000000216e+01,9.950302000000000646e+00
3.843800000000000239e+01,9.988609000000000293e+00
3.844299999999999784e+01,9.883264000000000493e+00
3.844899999999999807e+01,9.969454999999999956e+00
3.845400000000000063e+01,9.950302000000000646e+00
3.846000000000000085e+01,9.921571000000000140e+00
3.846600000000000108e+01,9.911993999999999971e+00
3.847200000000000131e+01,9.998186000000000462e+00
3.847699999999999676e+01,9.969454999999999956e+00
3.848299999999999699e+01,1.000776199999999960e+01
3.848899999999999721e+01,9.940725000000000477e+00
3.849499999999999744e+01,9.988609000000000293e+00
3.850000000000000000e+01,9.873687000000000324e+00
3.850600000000000023e+01,9.892841000000000662e+00
3.851100000000000279e+01,1.001733899999999977e+01
3.851700000000000301e+01,9.950302000000000646e+00
3.852300000000000324e+01,9.959877999999999787e+00
3.852799999999999869e+01,9.959877999999999787e+00
3.853399999999999892e+01,9.854533999999999239e+00
3.853900000000000148e+01,1.000776199999999960e+01
3.854500000000000171e+01,9.883264000000000493e+00
3.855100000000000193e+01,9.902418000000000831e+00
3.855700000000000216e+01,9.969454999999999956e+00
3.856199999999999761e+01,9.921571000000000140e+00
3.856799999999999784e+01,9.902418000000000831e+00
3.857300000000000040e+01,9.950302000000000646e+00
3.857900000000000063e+01,9.902418000000000831e+00
3.858500000000000085e+01,9.921571000000000140e+00
3.859100000000000108e+01,9.950302000000000646e+00
3.860199999999999676e+01,9.921571000000000140e+00
3.860799999999999699e+01,9.940725000000000477e+00
3.861299999999999955e+01,9.940725000000000477e+00
3.861899999999999977e+01,9.892841000000000662e+00
3.862500000000000000e+01,9.921571000000000140e+00
3.863000000000000256e+01,9.988609000000000293e+00
3.863600000000000279e+01,9.959877999999999787e+00
3.864200000000000301e+01,9.950302000000000646e+00
3.864699999999999847e+01,9.969454999999999956e+00
3.865299999999999869e+01,9.873687000000000324e+00
3.865800000000000125e+01,9.911993999999999971e+00
3.866400000000000148e+01,1.002691599999999994e+01
3.867000000000000171e+01,9.950302000000000646e+00
3.867600000000000193e+01,9.844957000000000846e+00
3.868099999999999739e+01,9.892841000000000662e+00
3.868699999999999761e+01,9.940725000000000477e+00
3.869299999999999784e+01,9.931148000000000309e+00
3.869800000000000040e+01,9.931148000000000309e+00
3.870400000000000063e+01,9.854533999999999239e+00
3.870900000000000318e+01,9.959877999999999787e+00
3.871500000000000341e+01,9.969454999999999956e+00
3.872099999999999653e+01,9.883264000000000493e+00
3.872699999999999676e+01,9.931148000000000309e+00
3.873199999999999932e+01,9.940725000000000477e+00
3.873799999999999955e+01,9.950302000000000646e+00
3.874300000000000210e+01,9.959877999999999787e+00
3.874900000000000233e+01,9.911993999999999971e+00
3.875399999999999778e+01,9.950302000000000646e+00
3.875999999999999801e+01,9.969454999999999956e+00
3.876599999999999824e+01,9.911993999999999971e+00
3.877100000000000080e+01,9.940725000000000477e+00
3.877700000000000102e+01,1.000776199999999960e+01
3.878300000000000125e+01,9.892841000000000662e+00
3.878900000000000148e+01,9.873687000000000324e+00
3.879399999999999693e+01,1.000776199999999960e+01
3.879999999999999716e+01,9.931148000000000309e+00
3.880599999999999739e+01,9.959877999999999787e+00
3.881099999999999994e+01,9.940725000000000477e+00
3.882300000000000040e+01,9.892841000000000662e+00
3.882800000000000296e+01,1.000776199999999960e+01
3.883400000000000318e+01,9.950302000000000646e+00
3.884000000000000341e+01,9.931148000000000309e+00
3.884599999999999653e+01,9.950302000000000646e+00
3.885099999999999909e+01,9.988609000000000293e+00
3.885699999999999932e+01,9.864110000000000156e+00
3.886200000000000188e+01,9.950302000000000646e+00
3.886800000000000210e+01,9.892841000000000662e+00
3.887400000000000233e+01,9.931148000000000309e+00
3.887899999999999778e+01,9.902418000000000831e+00
3.888499999999999801e+01,9.950302000000000646e+00
3.889000000000000057e+01,9.902418000000000831e+00
3.889600000000000080e+01,9.950302000000000646e+00
3.890200000000000102e+01,9.911993999999999971e+00
3.890699999999999648e+01,9.940725000000000477e+00
3.891299999999999670e+01,9.911993999999999971e+00
3.891899999999999693e+01,9.988609000000000293e+00
3.892399999999999949e+01,9.902418000000000831e+00
3.892999999999999972e+01,9.969454999999999956e+00
3.893599999999999994e+01,9.950302000000000646e+00
3.894100000000000250e+01,9.940725000000000477e+00
3.894700000000000273e+01,9.911993999999999971e+00
3.895199999999999818e+01,9.911993999999999971e+00
3.895799999999999841e+01,9.940725000000000477e+00
3.896399999999999864e+01,9.911993999999999971e+00
3.896999999999999886e+01,9.959877999999999787e+00
3.897500000000000142e+01,9.931148000000000309e+00
3.898100000000000165e+01,9.892841000000000662e+00
3.898599999999999710e+01,9.911993999999999971e+00
3.899199999999999733e+01,9.902418000000000831e+00
3.899799999999999756e+01,9.931148000000000309e+00
3.900300000000000011e+01,9.892841000000000662e+00
3.900900000000000034e+01,9.940725000000000477e+00
3.901500000000000057e+01,9.988609000000000293e+00
3.902000000000000313e+01,9.931148000000000309e+00
3.902600000000000335e+01,9.921571000000000140e+00
3.903099999999999881e+01,9.959877999999999787e+00
3.903699999999999903e+01,9.921571000000000140e+00
3.904299999999999926e+01,9.892841000000000662e+00
3.904800000000000182e+01,9.998186000000000462e+00
3.905400000000000205e+01,9.921571000000000140e+00
3.906000000000000227e+01,9.959877999999999787e+00
3.906499999999999773e+01,9.940725000000000477e+00
3.907099999999999795e+01,9.969454999999999956e+00
3.907699999999999818e+01,1.000776199999999960e+01
3.908200000000000074e+01,9.940725000000000477e+00
3.908800000000000097e+01,9.873687000000000324e+00
3.909400000000000119e+01,9.959877999999999787e+00
3.909899999999999665e+01,9.959877999999999787e+00
3.910499999999999687e+01,9.931148000000000309e+00
3.911099999999999710e+01,9.969454999999999956e+00
3.911599999999999966e+01,9.998186000000000462e+00
3.912199999999999989e+01,9.950302000000000646e+00
3.912700000000000244e+01,9.911993999999999971e+00
3.913300000000000267e+01,9.911993999999999971e+00
3.913900000000000290e+01,9.931148000000000309e+00
3.914399999999999835e+01,9.969454999999999956e+00
3.914999999999999858e+01,9.911993999999999971e+00
3.915500000000000114e+01,9.911993999999999971e+00
3.916100000000000136e+01,9.940725000000000477e+00
3.916700000000000159e+01,9.911993999999999971e+00
3.917300000000000182e+01,9.959877999999999787e+00
3.917799999999999727e+01,9.921571000000000140e+00
3.918399999999999750e+01,9.969454999999999956e+00
3.918999999999999773e+01,9.931148000000000309e+00
3.919500000000000028e+01,9.959877999999999787e+00
3.920100000000000051e+01,9.902418000000000831e+00
3.920600000000000307e+01,9.969454999999999956e+00
3.921200000000000330e+01,9.950302000000000646e+00
3.921800000000000352e+01,9.931148000000000309e+00
3.922899999999999920e+01,9.921571000000000140e+00
3.923400000000000176e+01,9.931148000000000309e+00
3.924000000000000199e+01,9.940725000000000477e+00
3.924600000000000222e+01,9.959877999999999787e+00
3.925099999999999767e+01,9.892841000000000662e+00
3.925699999999999790e+01,9.988609000000000293e+00
3.926299999999999812e+01,9.940725000000000477e+00
3.926800000000000068e+01,9.931148000000000309e+00
3.927400000000000091e+01,9.940725000000000477e+00
3.927900000000000347e+01,1.005564599999999942e+01
3.928499999999999659e+01,9.921571000000000140e+00
3.929099999999999682e+01,9.844957000000000846e+00
3.929599999999999937e+01,1.000776199999999960e+01
3.930199999999999960e+01,9.883264000000000493e+00
3.930799999999999983e+01,9.911993999999999971e+00
3.931400000000000006e+01,9.940725000000000477e+00
3.931900000000000261e+01,1.002691599999999994e+01
3.932500000000000284e+01,1.007479999999999976e+01
3.932999999999999829e+01,9.873687000000000324e+00
3.933599999999999852e+01,9.854533999999999239e+00
3.934199999999999875e+01,9.931148000000000309e+00
3.934799999999999898e+01,1.008437699999999992e+01
3.935300000000000153e+01,9.998186000000000462e+00
3.935900000000000176e+01,1.001733899999999977e+01
3.936500000000000199e+01,9.911993999999999971e+00
3.937100000000000222e+01,9.892841000000000662e+00
3.937599999999999767e+01,1.010353100000000026e+01
3.938199999999999790e+01,9.777919000000000693e+00
3.938700000000000045e+01,1.011310699999999940e+01
3.939300000000000068e+01,9.691727999999999454e+00
3.939900000000000091e+01,1.017056799999999939e+01
3.940500000000000114e+01,9.979032000000000124e+00
3.940999999999999659e+01,9.662997000000000725e+00
3.941599999999999682e+01,1.025675900000000063e+01
3.942199999999999704e+01,9.691727999999999454e+00
3.942799999999999727e+01,9.959877999999999787e+00
3.943299999999999983e+01,1.015141500000000008e+01
3.943900000000000006e+01,9.844957000000000846e+00
3.944400000000000261e+01,9.940725000000000477e+00
3.945000000000000284e+01,9.988609000000000293e+00
3.945600000000000307e+01,1.005564599999999942e+01
3.946099999999999852e+01,9.739611999999999270e+00
3.946699999999999875e+01,9.988609000000000293e+00
3.947299999999999898e+01,1.011310699999999940e+01
3.947899999999999920e+01,9.816226000000000340e+00
3.948400000000000176e+01,9.911993999999999971e+00
3.949000000000000199e+01,9.969454999999999956e+00
3.949499999999999744e+01,9.902418000000000831e+00
3.950099999999999767e+01,9.940725000000000477e+00
3.950699999999999790e+01,9.902418000000000831e+00
3.951299999999999812e+01,9.940725000000000477e+00
3.951800000000000068e+01,9.787496000000000862e+00
3.952400000000000091e+01,9.921571000000000140e+00
3.952900000000000347e+01,9.959877999999999787e+00
3.953499999999999659e+01,9.864110000000000156e+00
3.954099999999999682e+01,9.940725000000000477e+00
3.954699999999999704e+01,9.883264000000000493e+00
3.955199999999999960e+01,1.006522299999999959e+01
3.955799999999999983e+01,9.911993999999999971e+00
3.956400000000000006e+01,9.835380000000000678e+00
3.957000000000000028e+01,9.998186000000000462e+00
3.957500000000000284e+01,9.902418000000000831e+00
3.958100000000000307e+01,9.921571000000000140e+00
3.958599999999999852e+01,9.988609000000000293e+00
3.959199999999999875e+01,9.892841000000000662e+00
3.959799999999999898e+01,9.921571000000000140e+00
3.960300000000000153e+01,9.931148000000000309e+00
3.960900000000000176e+01,9.940725000000000477e+00
3.961399999999999721e+01,9.873687000000000324e+00
3.961999999999999744e+01,9.921571000000000140e+00
3.963100000000000023e+01,9.921571000000000140e+00
3.963700000000000045e+01,9.979032000000000124e+00
3.964300000000000068e+01,9.873687000000000324e+00
3.964800000000000324e+01,9.921571000000000140e+00
3.965400000000000347e+01,9.911993999999999971e+00
3.965999999999999659e+01,1.004607000000000028e+01
3.966499999999999915e+01,9.979032000000000124e+00
3.967099999999999937e+01,9.940725000000000477e+00
3.967600000000000193e+01,9.959877999999999787e+00
3.968200000000000216e+01,9.892841000000000662e+00
3.968800000000000239e+01,9.921571000000000140e+00
3.969299999999999784e+01,9.921571000000000140e+00
3.969899999999999807e+01,9.921571000000000140e+00
3.970499999999999829e+01,9.921571000000000140e+00
3.971000000000000085e+01,9.854533999999999239e+00
3.971600000000000108e+01,9.959877999999999787e+00
3.972200000000000131e+01,9.883264000000000493e+00
3.972699999999999676e+01,9.902418000000000831e+00
3.973299999999999699e+01,9.979032000000000124e+00
3.973899999999999721e+01,9.902418000000000831e+00
3.974399999999999977e+01,9.931148000000000309e+00
3.975000000000000000e+01,9.988609000000000293e+00
3.975600000000000023e+01,9.931148000000000309e+00
3.976100000000000279e+01,9.921571000000000140e+00
3.976700000000000301e+01,9.969454999999999956e+00
3.977300000000000324e+01,1.001733899999999977e+01
3.977900000000000347e+01,9.892841000000000662e+00
3.978399999999999892e+01,9.959877999999999787e+00
3.978999999999999915e+01,9.950302000000000646e+00
3.979599999999999937e+01,9.911993999999999971e+00
3.980100000000000193e+01,9.892841000000000662e+00
3.980700000000000216e+01,9.911993999999999971e+00
3.981199999999999761e+01,1.002691599999999994e+01
3.981799999999999784e+01,9.940725000000000477e+00
3.982399999999999807e+01,9.921571000000000140e+00
3.982999999999999829e+01,9.931148000000000309e+00
3.983500000000000085e+01,9.950302000000000646e+00
3.984100000000000108e+01,9.940725000000000477e+00
3.984599999999999653e+01,9.883264000000000493e+00
3.985199999999999676e+01,9.931148000000000309e+00
3.985799999999999699e+01,9.921571000000000140e+00
3.986399999999999721e+01,9.892841000000000662e+00
3.986899999999999977e+01,9.979032000000000124e+00
3.987500000000000000e+01,9.921571000000000140e+00
3.988000000000000256e+01,9.950302000000000646e+00
3.988600000000000279e+01,9.950302000000000646e+00
3.989200000000000301e+01,9.892841000000000662e+00
3.989699999999999847e+01,9.959877999999999787e+00
3.990299999999999869e+01,9.988609000000000293e+00
3.990800000000000125e+01,9.979032000000000124e+00
3.991400000000000148e+01,9.883264000000000493e+00
3.992000000000000171e+01,9.892841000000000662e+00
3.992499999999999716e+01,9.950302000000000646e+00
3.993099999999999739e+01,9.931148000000000309e+00
3.993699999999999761e+01,9.931148000000000309e+00
3.994200000000000017e+01,9.969454999999999956e+00
3.994800000000000040e+01,9.931148000000000309e+00
3.995400000000000063e+01,9.959877999999999787e+00
3.995900000000000318e+01,1.001733899999999977e+01
3.996500000000000341e+01,9.902418000000000831e+00
3.996999999999999886e+01,9.998186000000000462e+00
3.997599999999999909e+01,9.911993999999999971e+00
3.998199999999999932e+01,9.959877999999999787e+00
3.998799999999999955e+01,9.950302000000000646e+00
3.999300000000000210e+01,9.902418000000000831e+00
3.999900000000000233e+01,9.979032000000000124e+00
4.000500000000000256e+01,9.902418000000000831e+00
4.000999999999999801e+01,9.998186000000000462e+00
4.001599999999999824e+01,9.979032000000000124e+00
4.002100000000000080e+01,9.959877999999999787e+00
4.002700000000000102e+01,9.979032000000000124e+00
4.003300000000000125e+01,9.959877999999999787e+00
4.003900000000000148e+01,9.864110000000000156e+00
4.004399999999999693e+01,9.998186000000000462e+00
4.004999999999999716e+01,9.864110000000000156e+00
4.005499999999999972e+01,9.959877999999999787e+00
4.006099999999999994e+01,9.950302000000000646e+00
4.006700000000000017e+01,9.959877999999999787e+00
4.007200000000000273e+01,9.940725000000000477e+00
4.007800000000000296e+01,9.959877999999999787e+00
4.008299999999999841e+01,9.979032000000000124e+00
4.008899999999999864e+01,9.950302000000000646e+00
4.009499999999999886e+01,9.940725000000000477e+00
4.010099999999999909e+01,1.000776199999999960e+01
4.010600000000000165e+01,9.959877999999999787e+00
4.011200000000000188e+01,9.921571000000000140e+00
4.011800000000000210e+01,9.883264000000000493e+00
4.012400000000000233e+01,1.004607000000000028e+01
4.012899999999999778e+01,9.854533999999999239e+00
4.013499999999999801e+01,9.969454999999999956e+00
4.014000000000000057e+01,9.950302000000000646e+00
4.014600000000000080e+01,9.931148000000000309e+00
4.015200000000000102e+01,9.921571000000000140e+00
4.015699999999999648e+01,9.902418000000000831e+00
4.016299999999999670e+01,9.902418000000000831e+00
4.016899999999999693e+01,9.988609000000000293e+00
4.017399999999999949e+01,9.931148000000000309e+00
4.017999999999999972e+01,9.959877999999999787e+00
4.018599999999999994e+01,9.921571000000000140e+00
4.019100000000000250e+01,9.988609000000000293e+00
4.019700000000000273e+01,9.979032000000000124e+00
4.020199999999999818e+01,9.902418000000000831e+00
4.020799999999999841e+01,9.911993999999999971e+00
4.021399999999999864e+01,9.969454999999999956e+00
4.021999999999999886e+01,9.931148000000000309e+00
4.022500000000000142e+01,9.969454999999999956e+00
4.023100000000000165e+01,9.892841000000000662e+00
4.023700000000000188e+01,9.921571000000000140e+00
4.024300000000000210e+01,9.873687000000000324e+00
4.024799999999999756e+01,9.959877999999999787e+00
4.025399999999999778e+01,9.979032000000000124e+00
4.025999999999999801e+01,9.921571000000000140e+00
4.026500000000000057e+01,9.911993999999999971e+00
4.027100000000000080e+01,9.835380000000000678e+00
4.027700000000000102e+01,9.950302000000000646e+00
4.028199999999999648e+01,9.902418000000000831e+00
4.028799999999999670e+01,9.950302000000000646e+00
4.029399999999999693e+01,9.844957000000000846e+00
4.029899999999999949e+01,9.998186000000000462e+00
4.030499999999999972e+01,9.979032000000000124e+00
4.031000000000000227e+01,9.892841000000000662e+00
4.031600000000000250e+01,9.979032000000000124e+00
4.032200000000000273e+01,9.931148000000000309e+00
4.032800000000000296e+01,9.902418000000000831e+00
4.033299999999999841e+01,9.959877999999999787e+00
4.033899999999999864e+01,9.911993999999999971e+00
4.034400000000000119e+01,9.940725000000000477e+00
4.035000000000000142e+01,9.931148000000000309e+00
4.035600000000000165e+01,1.001733899999999977e+01
4.036099999999999710e+01,9.940725000000000477e+00
4.036699999999999733e+01,9.911993999999999971e+00
4.037199999999999989e+01,9.988609000000000293e+00
4.037800000000000011e+01,9.988609000000000293e+00
4.038400000000000034e+01,9.902418000000000831e+00
4.039000000000000057e+01,9.911993999999999971e+00
4.039500000000000313e+01,1.004607000000000028e+01
4.040100000000000335e+01,9.921571000000000140e+00
4.040699999999999648e+01,9.940725000000000477e+00
4.041299999999999670e+01,9.998186000000000462e+00
4.041799999999999926e+01,9.911993999999999971e+00
4.042399999999999949e+01,1.000776199999999960e+01
4.042900000000000205e+01,9.969454999999999956e+00
4.043500000000000227e+01,9.969454999999999956e+00
4.044100000000000250e+01,9.883264000000000493e+00
4.045199999999999818e+01,9.988609000000000293e+00
4.045799999999999841e+01,9.940725000000000477e+00
4.046399999999999864e+01,9.883264000000000493e+00
4.046900000000000119e+01,9.931148000000000309e+00
4.047500000000000142e+01,9.979032000000000124e+00
4.047999999999999687e+01,9.979032000000000124e+00
4.048599999999999710e+01,1.000776199999999960e+01
4.049199999999999733e+01,9.998186000000000462e+00
4.049699999999999989e+01,9.940725000000000477e+00
4.050300000000000011e+01,9.921571000000000140e+00
4.050900000000000034e+01,9.931148000000000309e+00
4.051400000000000290e+01,9.864110000000000156e+00
4.052000000000000313e+01,9.931148000000000309e+00
4.052600000000000335e+01,9.844957000000000846e+00
4.053099999999999881e+01,9.959877999999999787e+00
4.053699999999999903e+01,9.911993999999999971e+00
4.054200000000000159e+01,9.902418000000000831e+00
4.054800000000000182e+01,9.911993999999999971e+00
4.055400000000000205e+01,9.998186000000000462e+00
4.055899999999999750e+01,9.883264000000000493e+00
4.056499999999999773e+01,9.931148000000000309e+00
4.057000000000000028e+01,9.892841000000000662e+00
4.057600000000000051e+01,9.921571000000000140e+00
4.058200000000000074e+01,9.940725000000000477e+00
4.058700000000000330e+01,9.940725000000000477e+00
4.059300000000000352e+01,9.959877999999999787e+00
4.059899999999999665e+01,1.000776199999999960e+01
4.060399999999999920e+01,9.950302000000000646e+00
4.060999999999999943e+01,9.998186000000000462e+00
4.061599999999999966e+01,9.998186000000000462e+00
4.062199999999999989e+01,9.902418000000000831e+00
4.062700000000000244e+01,1.000776199999999960e+01
4.063300000000000267e+01,9.959877999999999787e+00
4.063900000000000290e+01,9.950302000000000646e+00
4.064500000000000313e+01,9.864110000000000156e+00
4.064999999999999858e+01,9.959877999999999787e+00
4.065599999999999881e+01,9.950302000000000646e+00
4.066100000000000136e+01,9.911993999999999971e+00
4.067300000000000182e+01,9.902418000000000831e+00
4.067799999999999727e+01,9.921571000000000140e+00
4.068399999999999750e+01,1.000776199999999960e+01
4.068999999999999773e+01,9.854533999999999239e+00
4.069500000000000028e+01,9.959877999999999787e+00
4.070100000000000051e+01,9.931148000000000309e+00
4.070600000000000307e+01,9.902418000000000831e+00
4.071200000000000330e+01,9.911993999999999971e+00
4.071699999999999875e+01,1.001733899999999977e+01
4.072299999999999898e+01,9.873687000000000324e+00
4.072899999999999920e+01,1.003649300000000011e+01
4.073499999999999943e+01,9.979032000000000124e+00
4.074000000000000199e+01,9.969454999999999956e+00
4.074600000000000222e+01,9.950302000000000646e+00
4.075200000000000244e+01,1.004607000000000028e+01
4.075699999999999790e+01,9.940725000000000477e+00
4.076299999999999812e+01,9.969454999999999956e+00
4.076899999999999835e+01,1.002691599999999994e+01
4.077400000000000091e+01,9.902418000000000831e+00
4.078000000000000114e+01,9.950302000000000646e+00
4.078600000000000136e+01,9.969454999999999956e+00
4.079200000000000159e+01,1.013226099999999974e+01
4.079699999999999704e+01,9.883264000000000493e+00
4.080299999999999727e+01,9.969454999999999956e+00
4.080799999999999983e+01,9.979032000000000124e+00
4.081400000000000006e+01,9.921571000000000140e+00
4.082000000000000028e+01,9.940725000000000477e+00
4.082500000000000284e+01,9.988609000000000293e+00
4.083100000000000307e+01,9.931148000000000309e+00
4.083599999999999852e+01,9.911993999999999971e+00
4.084199999999999875e+01,9.921571000000000140e+00
4.084799999999999898e+01,9.940725000000000477e+00
4.085300000000000153e+01,9.873687000000000324e+00
4.085900000000000176e+01,9.959877999999999787e+00
4.086500000000000199e+01,9.931148000000000309e+00
4.086999999999999744e+01,9.921571000000000140e+00
4.087599999999999767e+01,9.864110000000000156e+00
4.088199999999999790e+01,9.940725000000000477e+00
4.088700000000000045e+01,9.950302000000000646e+00
4.089300000000000068e+01,9.931148000000000309e+00
4.089800000000000324e+01,9.931148000000000309e+00
4.090400000000000347e+01,9.940725000000000477e+00
4.090999999999999659e+01,9.969454999999999956e+00
4.091599999999999682e+01,9.911993999999999971e+00
4.092099999999999937e+01,9.940725000000000477e+00
4.092699999999999960e+01,9.883264000000000493e+00
4.093299999999999983e+01,9.911993999999999971e+00
4.093900000000000006e+01,9.988609000000000293e+00
4.094400000000000261e+01,9.998186000000000462e+00
4.095000000000000284e+01,9.950302000000000646e+00
4.095499999999999829e+01,9.940725000000000477e+00
4.096099999999999852e+01,9.950302000000000646e+00
4.096699999999999875e+01,9.864110000000000156e+00
4.097200000000000131e+01,9.969454999999999956e+00
4.097800000000000153e+01,9.902418000000000831e+00
4.098400000000000176e+01,9.940725000000000477e+00
4.098899999999999721e+01,9.988609000000000293e+00
4.099499999999999744e+01,9.950302000000000646e+00
4.100099999999999767e+01,9.902418000000000831e+00
4.100600000000000023e+01,9.883264000000000493e+00
4.101200000000000045e+01,9.969454999999999956e+00
4.101800000000000068e+01,9.979032000000000124e+00
4.102300000000000324e+01,9.864110000000000156e+00
4.102900000000000347e+01,9.950302000000000646e+00
4.103399999999999892e+01,9.969454999999999956e+00
4.103999999999999915e+01,9.940725000000000477e+00
4.104599999999999937e+01,9.940725000000000477e+00
4.105100000000000193e+01,9.959877999999999787e+00
4.105700000000000216e+01,9.998186000000000462e+00
4.106300000000000239e+01,9.931148000000000309e+00
4.107399999999999807e+01,9.892841000000000662e+00
4.107999999999999829e+01,9.931148000000000309e+00
4.108500000000000085e+01,9.931148000000000309e+00
4.109100000000000108e+01,9.940725000000000477e+00
4.109599999999999653e+01,9.864110000000000156e+00
4.110199999999999676e+01,9.940725000000000477e+00
4.110799999999999699e+01,9.940725000000000477e+00
4.111399999999999721e+01,9.931148000000000309e+00
4.111899999999999977e+01,1.001733899999999977e+01
4.112500000000000000e+01,1.004607000000000028e+01
4.113100000000000023e+01,1.007479999999999976e+01
4.113600000000000279e+01,9.873687000000000324e+00
4.114200000000000301e+01,9.902418000000000831e+00
4.114800000000000324e+01,9.911993999999999971e+00
4.115299999999999869e+01,9.892841000000000662e+00
4.115899999999999892e+01,9.902418000000000831e+00
4.116499999999999915e+01,9.988609000000000293e+00
4.117000000000000171e+01,9.892841000000000662e+00
4.117600000000000193e+01,9.892841000000000662e+00
4.118099999999999739e+01,9.931148000000000309e+00
4.118699999999999761e+01,9.911993999999999971e+00
4.119299999999999784e+01,9.931148000000000309e+00
4.119899999999999807e+01,1.000776199999999960e+01
4.120400000000000063e+01,9.950302000000000646e+00
4.121000000000000085e+01,9.940725000000000477e+00
4.121500000000000341e+01,9.873687000000000324e+00
4.122099999999999653e+01,9.892841000000000662e+00
4.122699999999999676e+01,9.902418000000000831e+00
4.123299999999999699e+01,9.873687000000000324e+00
4.123799999999999955e+01,9.979032000000000124e+00
4.124399999999999977e+01,9.844957000000000846e+00
4.124900000000000233e+01,9.931148000000000309e+00
4.125500000000000256e+01,1.001733899999999977e+01
4.126100000000000279e+01,9.902418000000000831e+00
4.126599999999999824e+01,9.950302000000000646e+00
4.127199999999999847e+01,9.950302000000000646e+00
4.127799999999999869e+01,9.873687000000000324e+00
4.128300000000000125e+01,9.950302000000000646e+00
4.128900000000000148e+01,9.979032000000000124e+00
4.129500000000000171e+01,9.950302000000000646e+00
4.129999999999999716e+01,9.940725000000000477e+00
4.130599999999999739e+01,9.931148000000000309e+00
4.131199999999999761e+01,9.950302000000000646e+00
4.131700000000000017e+01,9.864110000000000156e+00
4.132300000000000040e+01,9.931148000000000309e+00
4.132800000000000296e+01,1.002691599999999994e+01
4.133400000000000318e+01,9.950302000000000646e+00
4.134000000000000341e+01,9.892841000000000662e+00
4.134599999999999653e+01,9.902418000000000831e+00
4.135099999999999909e+01,9.998186000000000462e+00
4.135699999999999932e+01,9.959877999999999787e+00
4.136200000000000188e+01,9.950302000000000646e+00
4.136800000000000210e+01,9.902418000000000831e+00
4.137400000000000233e+01,9.921571000000000140e+00
4.138000000000000256e+01,9.931148000000000309e+00
4.138499999999999801e+01,9.921571000000000140e+00
4.139099999999999824e+01,9.988609000000000293e+00
4.139699999999999847e+01,9.902418000000000831e+00
4.140299999999999869e+01,9.950302000000000646e+00
4.140800000000000125e+01,9.950302000000000646e+00
4.141400000000000148e+01,9.959877999999999787e+00
4.141899999999999693e+01,9.940725000000000477e+00
4.142499999999999716e+01,9.864110000000000156e+00
4.143099999999999739e+01,9.979032000000000124e+00
4.143699999999999761e+01,9.940725000000000477e+00
4.144200000000000017e+01,9.979032000000000124e+00
4.144800000000000040e+01,9.921571000000000140e+00
4.145400000000000063e+01,9.911993999999999971e+00
4.145900000000000318e+01,9.969454999999999956e+00
4.146500000000000341e+01,9.902418000000000831e+00
4.146999999999999886e+01,9.979032000000000124e+00
4.148199999999999932e+01,9.959877999999999787e+00
4.148799999999999955e+01,9.902418000000000831e+00
4.149300000000000210e+01,9.921571000000000140e+00
4.149900000000000233e+01,1.002691599999999994e+01
4.150399999999999778e+01,9.931148000000000309e+00
4.150999999999999801e+01,9.911993999999999971e+00
4.151599999999999824e+01,1.001733899999999977e+01
4.152199999999999847e+01,9.902418000000000831e+00
4.152700000000000102e+01,9.969454999999999956e+00
4.153300000000000125e+01,9.988609000000000293e+00
4.153900000000000148e+01,9.892841000000000662e+00
4.154500000000000171e+01,9.979032000000000124e+00
4.154999999999999716e+01,9.902418000000000831e+00
4.155599999999999739e+01,9.921571000000000140e+00
4.156099999999999994e+01,9.959877999999999787e+00
4.156700000000000017e+01,1.004607000000000028e+01
4.157300000000000040e+01,9.892841000000000662e+00
4.157800000000000296e+01,9.892841000000000662e+00
4.158400000000000318e+01,1.000776199999999960e+01
4.159000000000000341e+01,9.959877999999999787e+00
4.159599999999999653e+01,9.979032000000000124e+00
4.160099999999999909e+01,9.883264000000000493e+00
4.160699999999999932e+01,9.892841000000000662e+00
4.161200000000000188e+01,9.931148000000000309e+00
4.161800000000000210e+01,9.979032000000000124e+00
4.162400000000000233e+01,9.979032000000000124e+00
4.163000000000000256e+01,9.864110000000000156e+00
4.163499999999999801e+01,9.902418000000000831e+00
4.164099999999999824e+01,9.950302000000000646e+00
4.164600000000000080e+01,9.931148000000000309e+00
4.165200000000000102e+01,9.969454999999999956e+00
4.165800000000000125e+01,1.001733899999999977e+01
4.166400000000000148e+01,9.940725000000000477e+00
4.166899999999999693e+01,9.892841000000000662e+00
4.168099999999999739e+01,9.931148000000000309e+00
4.168599999999999994e+01,9.998186000000000462e+00
4.169200000000000017e+01,9.892841000000000662e+00
4.169700000000000273e+01,9.959877999999999787e+00
4.170300000000000296e+01,9.979032000000000124e+00
4.170900000000000318e+01,9.931148000000000309e+00
4.171399999999999864e+01,9.902418000000000831e+00
4.171999999999999886e+01,9.940725000000000477e+00
4.172599999999999909e+01,9.931148000000000309e+00
4.173100000000000165e+01,9.959877999999999787e+00
4.173700000000000188e+01,9.902418000000000831e+00
4.174300000000000210e+01,9.969454999999999956e+00
4.174900000000000233e+01,9.950302000000000646e+00
4.175399999999999778e+01,9.931148000000000309e+00
4.175999999999999801e+01,9.940725000000000477e+00
4.176599999999999824e+01,9.931148000000000309e+00
4.177100000000000080e+01,9.892841000000000662e+00
4.177700000000000102e+01,9.883264000000000493e+00
4.178199999999999648e+01,9.998186000000000462e+00
4.178799999999999670e+01,9.892841000000000662e+00
4.179399999999999693e+01,9.979032000000000124e+00
4.179899999999999949e+01,9.873687000000000324e+00
4.180499999999999972e+01,9.959877999999999787e+00
4.181099999999999994e+01,9.940725000000000477e+00
4.181600000000000250e+01,9.969454999999999956e+00
4.182200000000000273e+01,9.892841000000000662e+00
4.182800000000000296e+01,9.921571000000000140e+00
4.183400000000000318e+01,9.911993999999999971e+00
4.183899999999999864e+01,9.940725000000000477e+00
4.184499999999999886e+01,9.921571000000000140e+00
4.185000000000000142e+01,9.873687000000000324e+00
4.185600000000000165e+01,9.911993999999999971e+00
4.186200000000000188e+01,9.959877999999999787e+00
4.186699999999999733e+01,9.959877999999999787e+00
4.187299999999999756e+01,1.000776199999999960e+01
4.187800000000000011e+01,9.969454999999999956e+00
4.188400000000000034e+01,9.959877999999999787e+00
4.189000000000000057e+01,9.940725000000000477e+00
4.189600000000000080e+01,9.969454999999999956e+00
4.190100000000000335e+01,9.931148000000000309e+00
4.190699999999999648e+01,9.959877999999999787e+00
4.191199999999999903e+01,9.911993999999999971e+00
4.191799999999999926e+01,9.950302000000000646e+00
4.192399999999999949e+01,9.950302000000000646e+00
4.192900000000000205e+01,9.998186000000000462e+00
4.193500000000000227e+01,9.988609000000000293e+00
4.193999999999999773e+01,9.892841000000000662e+00
4.194599999999999795e+01,9.864110000000000156e+00
4.195199999999999818e+01,9.969454999999999956e+00
4.195799999999999841e+01,9.883264000000000493e+00
4.196300000000000097e+01,1.000776199999999960e+01
4.196900000000000119e+01,9.883264000000000493e+00
4.197500000000000142e+01,9.921571000000000140e+00
4.198100000000000165e+01,9.950302000000000646e+00
4.198599999999999710e+01,9.931148000000000309e+00
4.199199999999999733e+01,9.959877999999999787e+00
4.199699999999999989e+01,9.950302000000000646e+00
4.200300000000000011e+01,1.003649300000000011e+01
4.200900000000000034e+01,1.001733899999999977e+01
4.201500000000000057e+01,1.000776199999999960e+01
4.202000000000000313e+01,9.988609000000000293e+00
4.202600000000000335e+01,9.988609000000000293e+00
4.203199999999999648e+01,9.940725000000000477e+00
4.203799999999999670e+01,9.959877999999999787e+00
4.204299999999999926e+01,9.931148000000000309e+00
4.204899999999999949e+01,9.950302000000000646e+00
4.205499999999999972e+01,9.892841000000000662e+00
4.206000000000000227e+01,9.969454999999999956e+00
4.206600000000000250e+01,9.931148000000000309e+00
4.207099999999999795e+01,9.950302000000000646e+00
4.207699999999999818e+01,9.902418000000000831e+00
4.208800000000000097e+01,9.902418000000000831e+00
4.209400000000000119e+01,9.959877999999999787e+00
4.210000000000000142e+01,9.873687000000000324e+00
4.210499999999999687e+01,9.940725000000000477e+00
4.211099999999999710e+01,9.969454999999999956e+00
4.211699999999999733e+01,9.950302000000000646e+00
4.212299999999999756e+01,9.940725000000000477e+00
4.212800000000000011e+01,9.873687000000000324e+00
4.213400000000000034e+01,9.998186000000000462e+00
4.213900000000000290e+01,1.006522299999999959e+01
4.214500000000000313e+01,9.940725000000000477e+00
4.215100000000000335e+01,1.001733899999999977e+01
4.215699999999999648e+01,9.921571000000000140e+00
4.216199999999999903e+01,9.931148000000000309e+00
4.216799999999999926e+01,9.950302000000000646e+00
4.217399999999999949e+01,9.931148000000000309e+00
4.217999999999999972e+01,9.959877999999999787e+00
4.218500000000000227e+01,1.002691599999999994e+01
4.219100000000000250e+01,9.969454999999999956e+00
4.219700000000000273e+01,1.000776199999999960e+01
4.220199999999999818e+01,9.911993999999999971e+00
4.220799999999999841e+01,9.921571000000000140e+00
4.221399999999999864e+01,9.911993999999999971e+00
4.221900000000000119e+01,9.969454999999999956e+00
4.222500000000000142e+01,9.959877999999999787e+00
4.223100000000000165e+01,9.921571000000000140e+00
4.223599999999999710e+01,9.921571000000000140e+00
4.224199999999999733e+01,9.950302000000000646e+00
4.224699999999999989e+01,9.959877999999999787e+00
4.225300000000000011e+01,9.959877999999999787e+00
4.225900000000000034e+01,9.931148000000000309e+00
4.226500000000000057e+01,9.998186000000000462e+00
4.227000000000000313e+01,9.950302000000000646e+00
4.227600000000000335e+01,9.969454999999999956e+00
4.228099999999999881e+01,9.854533999999999239e+00
4.228699999999999903e+01,9.931148000000000309e+00
4.229299999999999926e+01,9.959877999999999787e+00
4.229800000000000182e+01,9.979032000000000124e+00
4.230400000000000205e+01,9.921571000000000140e+00
4.230899999999999750e+01,9.950302000000000646e+00
4.231499999999999773e+01,9.931148000000000309e+00
4.232099999999999795e+01,9.931148000000000309e+00
4.232699999999999818e+01,9.921571000000000140e+00
4.233200000000000074e+01,9.940725000000000477e+00
4.233800000000000097e+01,9.988609000000000293e+00
4.234400000000000119e+01,1.001733899999999977e+01
4.235000000000000142e+01,9.969454999999999956e+00
4.235499999999999687e+01,1.000776199999999960e+01
4.236099999999999710e+01,9.998186000000000462e+00
4.236599999999999966e+01,9.950302000000000646e+00
4.237199999999999989e+01,9.959877999999999787e+00
4.237800000000000011e+01,9.950302000000000646e+00
4.238300000000000267e+01,9.940725000000000477e+00
4.238900000000000290e+01,9.931148000000000309e+00
4.239500000000000313e+01,9.988609000000000293e+00
4.239999999999999858e+01,9.883264000000000493e+00
4.240599999999999881e+01,9.931148000000000309e+00
4.241199999999999903e+01,9.969454999999999956e+00
4.241700000000000159e+01,9.950302000000000646e+00
4.242300000000000182e+01,1.001733899999999977e+01
4.242900000000000205e+01,9.921571000000000140e+00
4.243500000000000227e+01,9.940725000000000477e+00
4.243999999999999773e+01,9.988609000000000293e+00
4.244599999999999795e+01,1.002691599999999994e+01
4.245100000000000051e+01,9.931148000000000309e+00
4.245700000000000074e+01,9.959877999999999787e+00
4.246300000000000097e+01,9.911993999999999971e+00
4.246900000000000119e+01,9.883264000000000493e+00
4.247399999999999665e+01,9.921571000000000140e+00
4.247999999999999687e+01,9.979032000000000124e+00
4.249099999999999966e+01,9.864110000000000156e+00
4.249699999999999989e+01,9.959877999999999787e+00
4.250200000000000244e+01,1.000776199999999960e+01
4.250800000000000267e+01,9.950302000000000646e+00
4.251400000000000290e+01,9.959877999999999787e+00
4.251899999999999835e+01,9.959877999999999787e+00
4.252499999999999858e+01,9.892841000000000662e+00
4.253099999999999881e+01,9.911993999999999971e+00
4.253600000000000136e+01,9.979032000000000124e+00
4.254200000000000159e+01,9.911993999999999971e+00
4.254800000000000182e+01,9.911993999999999971e+00
4.255299999999999727e+01,9.950302000000000646e+00
4.255899999999999750e+01,9.911993999999999971e+00
4.256400000000000006e+01,9.969454999999999956e+00
4.257000000000000028e+01,9.921571000000000140e+00
4.257600000000000051e+01,9.825803000000000509e+00
4.258200000000000074e+01,9.921571000000000140e+00
4.258700000000000330e+01,9.950302000000000646e+00
4.259300000000000352e+01,9.969454999999999956e+00
4.259799999999999898e+01,9.988609000000000293e+00
4.260399999999999920e+01,9.940725000000000477e+00
4.260999999999999943e+01,9.940725000000000477e+00
4.261500000000000199e+01,9.959877999999999787e+00
4.262100000000000222e+01,9.950302000000000646e+00
4.262599999999999767e+01,9.959877999999999787e+00
4.263199999999999790e+01,9.950302000000000646e+00
4.263799999999999812e+01,9.931148000000000309e+00
4.264399999999999835e+01,9.940725000000000477e+00
4.264900000000000091e+01,9.911993999999999971e+00
4.265500000000000114e+01,9.959877999999999787e+00
4.266100000000000136e+01,9.931148000000000309e+00
4.266599999999999682e+01,9.864110000000000156e+00
4.267199999999999704e+01,9.931148000000000309e+00
4.267699999999999960e+01,9.940725000000000477e+00
4.268299999999999983e+01,9.969454999999999956e+00
4.268900000000000006e+01,9.931148000000000309e+00
4.269400000000000261e+01,9.950302000000000646e+00
4.270000000000000284e+01,9.000000000000000000e+00
4.270499999999999829e+01,9.950302000000000646e+00
4.271099999999999852e+01,9.950302000000000646e+00
4.271699999999999875e+01,9.921571000000000140e+00
4.272200000000000131e+01,9.950302000000000646e+00
4.272800000000000153e+01,9.988609000000000293e+00
4.273400000000000176e+01,9.864110000000000156e+00
4.273899999999999721e+01,9.969454999999999956e+00
4.274499999999999744e+01,9.969454999999999956e+00
4.275099999999999767e+01,9.902418000000000831e+00
4.275699999999999790e+01,9.959877999999999787e+00
4.276200000000000045e+01,9.921571000000000140e+00
4.276800000000000068e+01,9.892841000000000662e+00
4.277300000000000324e+01,9.902418000000000831e+00
4.277900000000000347e+01,9.979032000000000124e+00
4.278499999999999659e+01,9.998186000000000462e+00
4.279099999999999682e+01,9.911993999999999971e+00
4.279599999999999937e+01,9.921571000000000140e+00
4.280199999999999960e+01,1.000776199999999960e+01
4.280799999999999983e+01,9.931148000000000309e+00
4.281400000000000006e+01,9.921571000000000140e+00
4.281900000000000261e+01,9.969454999999999956e+00
4.282500000000000284e+01,9.979032000000000124e+00
4.282999999999999829e+01,9.921571000000000140e+00
4.283599999999999852e+01,9.959877999999999787e+00
4.284199999999999875e+01,9.931148000000000309e+00
4.284700000000000131e+01,9.931148000000000309e+00
4.285300000000000153e+01,9.979032000000000124e+00
4.285799999999999699e+01,9.873687000000000324e+00
4.286399999999999721e+01,9.950302000000000646e+00
4.286999999999999744e+01,9.921571000000000140e+00
4.287500000000000000e+01,9.988609000000000293e+00
4.288100000000000023e+01,9.979032000000000124e+00
4.288600000000000279e+01,9.969454999999999956e+00
4.289200000000000301e+01,9.959877999999999787e+00
4.289800000000000324e+01,9.931148000000000309e+00
4.290899999999999892e+01,9.969454999999999956e+00
4.291499999999999915e+01,9.931148000000000309e+00
4.292000000000000171e+01,1.001733899999999977e+01
4.292600000000000193e+01,9.950302000000000646e+00
4.293200000000000216e+01,9.931148000000000309e+00
4.293800000000000239e+01,9.998186000000000462e+00
4.294299999999999784e+01,9.940725000000000477e+00
4.294899999999999807e+01,9.959877999999999787e+00
4.295499999999999829e+01,9.969454999999999956e+00
4.296099999999999852e+01,9.892841000000000662e+00
4.296600000000000108e+01,9.940725000000000477e+00
4.297200000000000131e+01,9.969454999999999956e+00
4.297699999999999676e+01,9.979032000000000124e+00
4.298299999999999699e+01,9.950302000000000646e+00
4.298899999999999721e+01,9.979032000000000124e+00
4.299399999999999977e+01,9.921571000000000140e+00
4.300000000000000000e+01,9.969454999999999956e+00
4.300500000000000256e+01,9.940725000000000477e+00
4.301100000000000279e+01,9.911993999999999971e+00
4.301700000000000301e+01,9.883264000000000493e+00
4.302199999999999847e+01,9.931148000000000309e+00
4.302799999999999869e+01,9.911993999999999971e+00
4.303300000000000125e+01,9.979032000000000124e+00
4.303900000000000148e+01,9.931148000000000309e+00
4.304500000000000171e+01,9.959877999999999787e+00
4.305100000000000193e+01,9.988609000000000293e+00
4.305599999999999739e+01,9.988609000000000293e+00
4.306199999999999761e+01,9.940725000000000477e+00
4.306700000000000017e+01,9.902418000000000831e+00
4.307300000000000040e+01,9.902418000000000831e+00
4.307900000000000063e+01,9.979032000000000124e+00
4.308500000000000085e+01,9.931148000000000309e+00
4.309000000000000341e+01,9.979032000000000124e+00
4.309599999999999653e+01,9.883264000000000493e+00
4.310199999999999676e+01,9.931148000000000309e+00
4.310799999999999699e+01,9.892841000000000662e+00
4.311299999999999955e+01,9.988609000000000293e+00
4.311899999999999977e+01,1.001733899999999977e+01
4.312500000000000000e+01,9.998186000000000462e+00
4.313100000000000023e+01,9.931148000000000309e+00
4.313600000000000279e+01,9.979032000000000124e+00
4.314200000000000301e+01,9.931148000000000309e+00
4.314699999999999847e+01,9.979032000000000124e+00
4.315299999999999869e+01,9.950302000000000646e+00
4.315800000000000125e+01,9.911993999999999971e+00
4.316400000000000148e+01,9.998186000000000462e+00
4.317000000000000171e+01,9.998186000000000462e+00
4.317499999999999716e+01,9.883264000000000493e+00
4.318099999999999739e+01,9.921571000000000140e+00
4.318699999999999761e+01,9.911993999999999971e+00
4.319299999999999784e+01,9.921571000000000140e+00
4.319800000000000040e+01,9.940725000000000477e+00
4.320400000000000063e+01,9.979032000000000124e+00
4.320900000000000318e+01,9.950302000000000646e+00
4.321500000000000341e+01,9.902418000000000831e+00
4.322099999999999653e+01,9.959877999999999787e+00
4.322699999999999676e+01,9.969454999999999956e+00
4.323199999999999932e+01,9.950302000000000646e+00
4.323799999999999955e+01,9.940725000000000477e+00
4.324399999999999977e+01,9.988609000000000293e+00
4.325000000000000000e+01,9.873687000000000324e+00
4.325500000000000256e+01,9.892841000000000662e+00
4.326100000000000279e+01,9.921571000000000140e+00
4.326599999999999824e+01,9.950302000000000646e+00
4.327199999999999847e+01,9.950302000000000646e+00
4.327799999999999869e+01,9.940725000000000477e+00
4.328300000000000125e+01,9.902418000000000831e+00
4.328900000000000148e+01,9.959877999999999787e+00
4.329399999999999693e+01,9.911993999999999971e+00
4.329999999999999716e+01,9.950302000000000646e+00
4.330599999999999739e+01,9.950302000000000646e+00
4.331099999999999994e+01,9.988609000000000293e+00
4.331700000000000017e+01,9.959877999999999787e+00
4.332200000000000273e+01,9.902418000000000831e+00
4.332800000000000296e+01,9.921571000000000140e+00
4.333400000000000318e+01,9.950302000000000646e+00
4.333899999999999864e+01,9.931148000000000309e+00
4.334499999999999886e+01,9.911993999999999971e+00
4.335099999999999909e+01,9.979032000000000124e+00
4.335600000000000165e+01,9.959877999999999787e+00
4.336200000000000188e+01,9.969454999999999956e+00
4.336800000000000210e+01,9.883264000000000493e+00
4.337299999999999756e+01,9.950302000000000646e+00
4.337899999999999778e+01,9.969454999999999956e+00
4.338400000000000034e+01,9.959877999999999787e+00
4.339000000000000057e+01,9.959877999999999787e+00
4.339600000000000080e+01,9.883264000000000493e+00
4.340200000000000102e+01,1.001733899999999977e+01
4.340699999999999648e+01,9.950302000000000646e+00
4.341299999999999670e+01,9.873687000000000324e+00
4.341899999999999693e+01,9.921571000000000140e+00
4.342399999999999949e+01,9.911993999999999971e+00
4.342999999999999972e+01,9.931148000000000309e+00
4.343500000000000227e+01,9.959877999999999787e+00
4.344100000000000250e+01,9.988609000000000293e+00
4.344700000000000273e+01,9.921571000000000140e+00
4.345199999999999818e+01,9.892841000000000662e+00
4.345799999999999841e+01,9.940725000000000477e+00
4.346399999999999864e+01,9.921571000000000140e+00
4.346900000000000119e+01,9.931148000000000309e+00
4.347500000000000142e+01,9.892841000000000662e+00
4.347999999999999687e+01,9.921571000000000140e+00
4.348599999999999710e+01,9.921571000000000140e+00
4.349199999999999733e+01,9.931148000000000309e+00
4.349699999999999989e+01,9.969454999999999956e+00
4.350300000000000011e+01,9.921571000000000140e+00
4.350900000000000034e+01,9.000000000000000000e+00
4.351500000000000057e+01,9.902418000000000831e+00
4.352000000000000313e+01,9.883264000000000493e+00
4.352600000000000335e+01,9.911993999999999971e+00
4.353099999999999881e+01,9.969454999999999956e+00
4.353699999999999903e+01,9.892841000000000662e+00
4.354299999999999926e+01,9.940725000000000477e+00
4.354800000000000182e+01,9.940725000000000477e+00
4.355400000000000205e+01,9.931148000000000309e+00
4.356000000000000227e+01,9.959877999999999787e+00
4.356499999999999773e+01,9.854533999999999239e+00
4.357099999999999795e+01,9.959877999999999787e+00
4.357699999999999818e+01,1.012268399999999957e+01
4.358200000000000074e+01,9.959877999999999787e+00
4.358800000000000097e+01,9.873687000000000324e+00
4.359400000000000119e+01,9.998186000000000462e+00
4.360000000000000142e+01,9.844957000000000846e+00
4.360499999999999687e+01,9.892841000000000662e+00
4.361099999999999710e+01,9.883264000000000493e+00
4.361599999999999966e+01,9.940725000000000477e+00
4.362199999999999989e+01,1.003649300000000011e+01
4.362800000000000011e+01,9.892841000000000662e+00
4.363300000000000267e+01,9.911993999999999971e+00
4.363900000000000290e+01,9.931148000000000309e+00
4.364500000000000313e+01,9.864110000000000156e+00
4.364999999999999858e+01,9.959877999999999787e+00
4.365599999999999881e+01,9.959877999999999787e+00
4.366199999999999903e+01,1.001733899999999977e+01
4.366700000000000159e+01,9.864110000000000156e+00
4.367300000000000182e+01,1.000776199999999960e+01
4.367900000000000205e+01,9.988609000000000293e+00
4.368399999999999750e+01,9.911993999999999971e+00
4.368999999999999773e+01,1.006522299999999959e+01
4.369599999999999795e+01,9.988609000000000293e+00
4.370100000000000051e+01,9.835380000000000678e+00
4.370700000000000074e+01,9.950302000000000646e+00
4.371300000000000097e+01,1.000776199999999960e+01
4.371900000000000119e+01,9.988609000000000293e+00
4.372399999999999665e+01,1.002691599999999994e+01
4.372999999999999687e+01,9.921571000000000140e+00
4.373599999999999710e+01,9.979032000000000124e+00
4.374199999999999733e+01,9.902418000000000831e+00
4.374699999999999989e+01,9.979032000000000124e+00
4.375300000000000011e+01,9.902418000000000831e+00
4.375800000000000267e+01,9.911993999999999971e+00
4.376400000000000290e+01,1.002691599999999994e+01
4.377000000000000313e+01,9.940725000000000477e+00
4.377600000000000335e+01,9.998186000000000462e+00
4.378099999999999881e+01,9.911993999999999971e+00
4.378699999999999903e+01,9.998186000000000462e+00
4.379299999999999926e+01,9.873687000000000324e+00
4.379800000000000182e+01,9.931148000000000309e+00
4.380400000000000205e+01,9.979032000000000124e+00
4.380899999999999750e+01,9.950302000000000646e+00
4.381499999999999773e+01,9.873687000000000324e+00
4.382099999999999795e+01,9.988609000000000293e+00
4.382600000000000051e+01,9.911993999999999971e+00
4.383200000000000074e+01,9.959877999999999787e+00
4.383800000000000097e+01,9.892841000000000662e+00
4.384300000000000352e+01,9.911993999999999971e+00
4.384899999999999665e+01,1.000776199999999960e+01
4.385499999999999687e+01,9.931148000000000309e+00
4.385999999999999943e+01,9.979032000000000124e+00
4.386599999999999966e+01,9.988609000000000293e+00
4.387199999999999989e+01,9.864110000000000156e+00
4.387700000000000244e+01,9.998186000000000462e+00
4.388300000000000267e+01,9.969454999999999956e+00
4.388900000000000290e+01,9.950302000000000646e+00
4.389399999999999835e+01,9.940725000000000477e+00
4.389999999999999858e+01,1.003649300000000011e+01
4.390500000000000114e+01,9.911993999999999971e+00
4.391100000000000136e+01,9.902418000000000831e+00
4.391700000000000159e+01,9.979032000000000124e+00
4.392300000000000182e+01,9.864110000000000156e+00
4.392799999999999727e+01,9.979032000000000124e+00
4.393399999999999750e+01,9.969454999999999956e+00
4.393999999999999773e+01,9.931148000000000309e+00
4.394599999999999795e+01,9.940725000000000477e+00
4.395100000000000051e+01,9.940725000000000477e+00
4.395700000000000074e+01,9.969454999999999956e+00
4.396200000000000330e+01,9.931148000000000309e+00
4.396800000000000352e+01,9.988609000000000293e+00
4.397399999999999665e+01,9.921571000000000140e+00
4.397899999999999920e+01,9.969454999999999956e+00
4.398499999999999943e+01,9.950302000000000646e+00
4.399099999999999966e+01,9.911993999999999971e+00
4.399600000000000222e+01,9.969454999999999956e+00
4.400200000000000244e+01,9.931148000000000309e+00
4.400800000000000267e+01,9.883264000000000493e+00
4.401299999999999812e+01,9.950302000000000646e+00
4.401899999999999835e+01,9.950302000000000646e+00
4.402499999999999858e+01,9.921571000000000140e+00
4.403099999999999881e+01,9.988609000000000293e+00
4.403600000000000136e+01,9.931148000000000309e+00
4.404200000000000159e+01,9.902418000000000831e+00
4.404699999999999704e+01,9.902418000000000831e+00
4.405299999999999727e+01,9.979032000000000124e+00
4.405899999999999750e+01,9.883264000000000493e+00
4.406400000000000006e+01,9.969454999999999956e+00
4.407000000000000028e+01,9.940725000000000477e+00
4.407500000000000284e+01,1.004607000000000028e+01
4.408100000000000307e+01,9.988609000000000293e+00
4.408700000000000330e+01,9.892841000000000662e+00
4.409300000000000352e+01,9.911993999999999971e+00
4.409799999999999898e+01,9.931148000000000309e+00
4.410399999999999920e+01,9.959877999999999787e+00
4.410900000000000176e+01,9.950302000000000646e+00
4.411500000000000199e+01,1.001733899999999977e+01
4.412100000000000222e+01,9.950302000000000646e+00
4.412700000000000244e+01,9.892841000000000662e+00
4.413199999999999790e+01,9.931148000000000309e+00
4.413799999999999812e+01,9.902418000000000831e+00
4.414399999999999835e+01,9.902418000000000831e+00
4.414900000000000091e+01,9.998186000000000462e+00
4.415500000000000114e+01,9.959877999999999787e+00
4.415999999999999659e+01,9.892841000000000662e+00
4.416599999999999682e+01,9.940725000000000477e+00
4.417199999999999704e+01,9.921571000000000140e+00
4.417699999999999960e+01,9.988609000000000293e+00
4.418299999999999983e+01,9.959877999999999787e+00
4.418800000000000239e+01,9.969454999999999956e+00
4.419400000000000261e+01,9.940725000000000477e+00
4.420000000000000284e+01,9.921571000000000140e+00
4.420499999999999829e+01,9.940725000000000477e+00
4.421099999999999852e+01,9.921571000000000140e+00
4.421699999999999875e+01,9.969454999999999956e+00
4.422200000000000131e+01,9.911993999999999971e+00
4.422800000000000153e+01,1.001733899999999977e+01
4.423400000000000176e+01,9.950302000000000646e+00
4.424000000000000199e+01,9.911993999999999971e+00
4.424499999999999744e+01,9.959877999999999787e+00
4.425099999999999767e+01,9.988609000000000293e+00
4.425600000000000023e+01,9.950302000000000646e+00
4.426200000000000045e+01,9.892841000000000662e+00
4.426800000000000068e+01,9.892841000000000662e+00
4.427300000000000324e+01,9.950302000000000646e+00
4.427900000000000347e+01,9.911993999999999971e+00
4.428399999999999892e+01,9.979032000000000124e+00
4.428999999999999915e+01,9.969454999999999956e+00
4.429599999999999937e+01,9.921571000000000140e+00
4.430100000000000193e+01,9.950302000000000646e+00
4.430700000000000216e+01,9.931148000000000309e+00
4.431300000000000239e+01,9.892841000000000662e+00
4.431799999999999784e+01,9.892841000000000662e+00
4.432399999999999807e+01,9.979032000000000124e+00
4.432999999999999829e+01,9.959877999999999787e+00
4.433500000000000085e+01,9.950302000000000646e+00
4.434100000000000108e+01,9.940725000000000477e+00
4.434700000000000131e+01,9.883264000000000493e+00
4.435199999999999676e+01,9.940725000000000477e+00
4.435799999999999699e+01,9.921571000000000140e+00
4.436399999999999721e+01,9.940725000000000477e+00
4.436899999999999977e+01,9.931148000000000309e+00
4.437500000000000000e+01,9.959877999999999787e+00
4.438000000000000256e+01,9.950302000000000646e+00
4.438600000000000279e+01,9.988609000000000293e+00
4.439200000000000301e+01,9.902418000000000831e+00
4.439699999999999847e+01,9.931148000000000309e+00
4.440299999999999869e+01,9.979032000000000124e+00
4.440899999999999892e+01,9.931148000000000309e+00
4.441499999999999915e+01,9.864110000000000156e+00
4.442000000000000171e+01,9.931148000000000309e+00
4.442600000000000193e+01,9.902418000000000831e+00
4.443099999999999739e+01,9.883264000000000493e+00
4.443699999999999761e+01,9.988609000000000293e+00
4.444299999999999784e+01,9.969454999999999956e+00
4.444800000000000040e+01,9.902418000000000831e+00
4.445400000000000063e+01,9.988609000000000293e+00
4.446000000000000085e+01,9.921571000000000140e+00
4.446500000000000341e+01,9.950302000000000646e+00
4.447099999999999653e+01,9.911993999999999971e+00
4.447699999999999676e+01,9.921571000000000140e+00
4.448199999999999932e+01,9.864110000000000156e+00
4.448799999999999955e+01,9.892841000000000662e+00
4.449300000000000210e+01,9.959877999999999787e+00
4.449900000000000233e+01,9.911993999999999971e+00
4.450500000000000256e+01,9.892841000000000662e+00
4.450999999999999801e+01,9.931148000000000309e+00
4.451599999999999824e+01,1.006522299999999959e+01
4.452199999999999847e+01,9.883264000000000493e+00
4.452700000000000102e+01,9.911993999999999971e+00
4.453300000000000125e+01,9.931148000000000309e+00
4.453799999999999670e+01,9.940725000000000477e+00
4.454399999999999693e+01,9.911993999999999971e+00
4.454999999999999716e+01,9.931148000000000309e+00
4.455499999999999972e+01,9.950302000000000646e+00
4.456099999999999994e+01,9.969454999999999956e+00
4.456700000000000017e+01,9.998186000000000462e+00
4.457200000000000273e+01,9.979032000000000124e+00
4.457800000000000296e+01,9.969454999999999956e+00
4.458299999999999841e+01,9.940725000000000477e+00
4.458899999999999864e+01,9.959877999999999787e+00
4.459499999999999886e+01,9.911993999999999971e+00
4.460000000000000142e+01,9.902418000000000831e+00
4.460600000000000165e+01,9.959877999999999787e+00
4.461099999999999710e+01,9.959877999999999787e+00
4.461699999999999733e+01,9.959877999999999787e+00
4.462299999999999756e+01,9.921571000000000140e+00
4.462899999999999778e+01,9.950302000000000646e+00
4.463400000000000034e+01,9.950302000000000646e+00
4.464000000000000057e+01,9.883264000000000493e+00
4.464600000000000080e+01,9.931148000000000309e+00
4.465100000000000335e+01,9.844957000000000846e+00
4.465699999999999648e+01,9.921571000000000140e+00
4.466199999999999903e+01,9.892841000000000662e+00
4.466799999999999926e+01,9.921571000000000140e+00
4.467399999999999949e+01,1.002691599999999994e+01
4.467999999999999972e+01,9.873687000000000324e+00
4.468500000000000227e+01,9.902418000000000831e+00
4.469100000000000250e+01,9.921571000000000140e+00
4.469599999999999795e+01,9.931148000000000309e+00
4.470199999999999818e+01,9.873687000000000324e+00
4.470799999999999841e+01,9.931148000000000309e+00
4.471399999999999864e+01,9.864110000000000156e+00
4.471900000000000119e+01,9.902418000000000831e+00
4.472500000000000142e+01,9.988609000000000293e+00
4.473100000000000165e+01,9.969454999999999956e+00
4.473599999999999710e+01,9.940725000000000477e+00
4.474199999999999733e+01,9.921571000000000140e+00
4.474699999999999989e+01,9.892841000000000662e+00
4.475300000000000011e+01,9.969454999999999956e+00
4.475800000000000267e+01,9.883264000000000493e+00
4.476400000000000290e+01,9.998186000000000462e+00
4.477000000000000313e+01,9.902418000000000831e+00
4.477600000000000335e+01,9.931148000000000309e+00
4.478099999999999881e+01,9.959877999999999787e+00
4.478699999999999903e+01,9.988609000000000293e+00
4.479299999999999926e+01,9.959877999999999787e+00
4.479899999999999949e+01,9.902418000000000831e+00
4.480400000000000205e+01,9.969454999999999956e+00
4.481000000000000227e+01,9.902418000000000831e+00
4.481600000000000250e+01,9.883264000000000493e+00
4.482200000000000273e+01,9.902418000000000831e+00
4.482699999999999818e+01,9.902418000000000831e+00
4.483299999999999841e+01,9.959877999999999787e+00
4.483800000000000097e+01,9.988609000000000293e+00
4.484400000000000119e+01,9.940725000000000477e+00
4.484899999999999665e+01,9.921571000000000140e+00
4.485499999999999687e+01,9.988609000000000293e+00
4.486099999999999710e+01,9.883264000000000493e+00
4.486599999999999966e+01,9.969454999999999956e+00
4.487199999999999989e+01,9.988609000000000293e+00
4.487800000000000011e+01,9.902418000000000831e+00
4.488300000000000267e+01,9.940725000000000477e+00
4.488900000000000290e+01,9.873687000000000324e+00
4.489399999999999835e+01,9.979032000000000124e+00
4.489999999999999858e+01,9.959877999999999787e+00
4.490599999999999881e+01,9.864110000000000156e+00
4.491199999999999903e+01,9.998186000000000462e+00
4.491700000000000159e+01,9.959877999999999787e+00
4.492300000000000182e+01,1.003649300000000011e+01
4.492799999999999727e+01,9.931148000000000309e+00
4.493399999999999750e+01,9.940725000000000477e+00
4.494500000000000028e+01,9.921571000000000140e+00
4.495100000000000051e+01,9.892841000000000662e+00
4.495700000000000074e+01,9.979032000000000124e+00
4.496200000000000330e+01,9.864110000000000156e+00
4.496800000000000352e+01,9.931148000000000309e+00
4.497399999999999665e+01,9.921571000000000140e+00
4.497899999999999920e+01,9.950302000000000646e+00
4.498499999999999943e+01,9.979032000000000124e+00
4.499000000000000199e+01,9.959877999999999787e+00
4.499600000000000222e+01,9.959877999999999787e+00
4.500200000000000244e+01,9.902418000000000831e+00
4.500699999999999790e+01,9.940725000000000477e+00
4.501299999999999812e+01,9.854533999999999239e+00
4.501800000000000068e+01,9.950302000000000646e+00
4.502400000000000091e+01,9.902418000000000831e+00
4.503000000000000114e+01,9.969454999999999956e+00
4.503600000000000136e+01,9.921571000000000140e+00
4.504099999999999682e+01,1.001733899999999977e+01
4.504699999999999704e+01,9.854533999999999239e+00
4.505299999999999727e+01,9.892841000000000662e+00
4.505899999999999750e+01,9.911993999999999971e+00
4.506400000000000006e+01,9.950302000000000646e+00
4.507000000000000028e+01,9.892841000000000662e+00
4.507500000000000284e+01,9.979032000000000124e+00
4.508100000000000307e+01,9.969454999999999956e+00
4.508700000000000330e+01,9.940725000000000477e+00
4.509300000000000352e+01,9.892841000000000662e+00
4.509799999999999898e+01,9.940725000000000477e+00
4.510399999999999920e+01,9.911993999999999971e+00
4.510999999999999943e+01,9.940725000000000477e+00
4.511500000000000199e+01,9.864110000000000156e+00
4.512100000000000222e+01,9.931148000000000309e+00
4.512599999999999767e+01,9.883264000000000493e+00
4.513199999999999790e+01,9.940725000000000477e+00
4.513799999999999812e+01,9.969454999999999956e+00
4.514300000000000068e+01,9.940725000000000477e+00
4.514900000000000091e+01,9.969454999999999956e+00
4.515400000000000347e+01,1.002691599999999994e+01
4.515999999999999659e+01,9.931148000000000309e+00
4.516599999999999682e+01,9.921571000000000140e+00
4.517099999999999937e+01,9.940725000000000477e+00
4.517699999999999960e+01,9.969454999999999956e+00
4.518299999999999983e+01,9.950302000000000646e+00
4.518800000000000239e+01,9.931148000000000309e+00
4.519400000000000261e+01,9.969454999999999956e+00
4.520000000000000284e+01,9.969454999999999956e+00
4.520600000000000307e+01,9.940725000000000477e+00
4.521099999999999852e+01,9.959877999999999787e+00
4.521699999999999875e+01,9.864110000000000156e+00
4.522200000000000131e+01,9.950302000000000646e+00
4.522800000000000153e+01,9.998186000000000462e+00
4.523400000000000176e+01,9.883264000000000493e+00
4.524000000000000199e+01,9.979032000000000124e+00
4.524499999999999744e+01,9.921571000000000140e+00
4.525099999999999767e+01,9.950302000000000646e+00
4.525699999999999790e+01,9.959877999999999787e+00
4.526299999999999812e+01,1.001733899999999977e+01
4.526800000000000068e+01,9.892841000000000662e+00
4.527400000000000091e+01,9.950302000000000646e+00
4.527900000000000347e+01,9.931148000000000309e+00
4.528499999999999659e+01,9.902418000000000831e+00
4.529099999999999682e+01,9.988609000000000293e+00
4.529599999999999937e+01,9.940725000000000477e+00
4.530199999999999960e+01,9.969454999999999956e+00
4.530799999999999983e+01,9.988609000000000293e+00
4.531300000000000239e+01,9.854533999999999239e+00
4.531900000000000261e+01,9.931148000000000309e+00
4.532399999999999807e+01,1.001733899999999977e+01
4.532999999999999829e+01,9.911993999999999971e+00
4.533599999999999852e+01,9.931148000000000309e+00
4.534199999999999875e+01,9.930999999999999162e+00
4.534700000000000131e+01,9.950302000000000646e+00
4.535300000000000153e+01,9.950302000000000646e+00
4.535799999999999699e+01,9.911993999999999971e+00
4.536399999999999721e+01,9.969454999999999956e+00
4.536999999999999744e+01,9.911993999999999971e+00
4.537500000000000000e+01,9.959877999999999787e+00
4.538100000000000023e+01,9.921571000000000140e+00
4.538700000000000045e+01,9.940725000000000477e+00
4.539200000000000301e+01,9.940725000000000477e+00
4.539800000000000324e+01,9.931148000000000309e+00
4.540400000000000347e+01,9.959877999999999787e+00
4.540899999999999892e+01,9.979032000000000124e+00
4.541499999999999915e+01,9.979032000000000124e+00
4.542000000000000171e+01,9.902418000000000831e+00
4.542600000000000193e+01,9.921571000000000140e+00
4.543200000000000216e+01,9.959877999999999787e+00
4.543699999999999761e+01,9.988609000000000293e+00
4.544299999999999784e+01,9.988609000000000293e+00
4.544800000000000040e+01,9.921571000000000140e+00
4.545400000000000063e+01,9.892841000000000662e+00
4.546000000000000085e+01,9.950302000000000646e+00
4.546500000000000341e+01,9.921571000000000140e+00
4.547099999999999653e+01,9.931148000000000309e+00
4.547699999999999676e+01,9.969454999999999956e+00
4.548199999999999932e+01,9.911993999999999971e+00
4.548799999999999955e+01,1.000776199999999960e+01
4.549399999999999977e+01,9.921571000000000140e+00
4.550000000000000000e+01,9.959877999999999787e+00
4.550500000000000256e+01,9.892841000000000662e+00
4.551100000000000279e+01,1.001733899999999977e+01
4.551700000000000301e+01,9.921571000000000140e+00
4.552300000000000324e+01,9.892841000000000662e+00
4.552799999999999869e+01,9.969454999999999956e+00
4.553399999999999892e+01,9.940725000000000477e+00
4.553900000000000148e+01,1.000776199999999960e+01
4.554500000000000171e+01,1.001733899999999977e+01
4.555100000000000193e+01,1.006522299999999959e+01
4.555700000000000216e+01,9.911993999999999971e+00
4.556799999999999784e+01,9.969454999999999956e+00
4.557399999999999807e+01,9.902418000000000831e+00
4.557999999999999829e+01,9.921571000000000140e+00
4.558500000000000085e+01,9.950302000000000646e+00
4.559100000000000108e+01,9.902418000000000831e+00
4.559599999999999653e+01,9.931148000000000309e+00
4.560199999999999676e+01,9.959877999999999787e+00
4.560799999999999699e+01,9.902418000000000831e+00
4.561299999999999955e+01,9.988609000000000293e+00
4.561899999999999977e+01,9.959877999999999787e+00
4.562400000000000233e+01,9.998186000000000462e+00
4.563000000000000256e+01,9.931148000000000309e+00
4.563600000000000279e+01,9.969454999999999956e+00
4.564200000000000301e+01,9.911993999999999971e+00
4.564699999999999847e+01,9.950302000000000646e+00
4.565299999999999869e+01,9.931148000000000309e+00
4.565899999999999892e+01,9.864110000000000156e+00
4.566499999999999915e+01,9.921571000000000140e+00
4.567000000000000171e+01,9.940725000000000477e+00
4.567600000000000193e+01,9.959877999999999787e+00
4.568099999999999739e+01,9.931148000000000309e+00
4.568699999999999761e+01,9.969454999999999956e+00
4.569299999999999784e+01,9.969454999999999956e+00
4.569899999999999807e+01,9.940725000000000477e+00
4.570400000000000063e+01,9.950302000000000646e+00
4.571000000000000085e+01,9.940725000000000477e+00
4.571600000000000108e+01,9.921571000000000140e+00
4.572099999999999653e+01,9.959877999999999787e+00
4.572699999999999676e+01,9.950302000000000646e+00
4.573199999999999932e+01,9.911993999999999971e+00
4.573799999999999955e+01,9.931148000000000309e+00
4.574399999999999977e+01,1.001733899999999977e+01
4.574900000000000233e+01,9.959877999999999787e+00
4.575500000000000256e+01,9.892841000000000662e+00
4.576100000000000279e+01,9.931148000000000309e+00
4.576599999999999824e+01,9.969454999999999956e+00
4.577199999999999847e+01,9.959877999999999787e+00
4.577700000000000102e+01,9.931148000000000309e+00
4.578300000000000125e+01,9.998186000000000462e+00
4.578900000000000148e+01,9.892841000000000662e+00
4.579399999999999693e+01,9.921571000000000140e+00
4.579999999999999716e+01,9.959877999999999787e+00
4.580499999999999972e+01,9.902418000000000831e+00
4.581099999999999994e+01,9.911993999999999971e+00
4.581600000000000250e+01,9.940725000000000477e+00
4.582200000000000273e+01,9.902418000000000831e+00
4.582699999999999818e+01,9.950302000000000646e+00
4.583299999999999841e+01,9.902418000000000831e+00
4.583899999999999864e+01,9.940725000000000477e+00
4.584400000000000119e+01,9.931148000000000309e+00
4.585000000000000142e+01,9.950302000000000646e+00
4.585499999999999687e+01,9.911993999999999971e+00
4.586099999999999710e+01,9.969454999999999956e+00
4.586599999999999966e+01,9.883264000000000493e+00
4.587199999999999989e+01,9.959877999999999787e+00
4.587800000000000011e+01,9.892841000000000662e+00
4.588300000000000267e+01,9.940725000000000477e+00
4.588900000000000290e+01,9.892841000000000662e+00
4.589399999999999835e+01,9.921571000000000140e+00
4.589999999999999858e+01,9.988609000000000293e+00
4.590599999999999881e+01,9.931148000000000309e+00
4.591199999999999903e+01,9.979032000000000124e+00
4.591700000000000159e+01,9.931148000000000309e+00
4.592300000000000182e+01,9.892841000000000662e+00
4.592799999999999727e+01,9.940725000000000477e+00
4.593399999999999750e+01,9.902418000000000831e+00
4.593999999999999773e+01,9.902418000000000831e+00
4.594500000000000028e+01,9.931148000000000309e+00
4.595100000000000051e+01,9.950302000000000646e+00
4.595600000000000307e+01,9.959877999999999787e+00
4.596200000000000330e+01,9.950302000000000646e+00
4.596800000000000352e+01,9.950302000000000646e+00
4.597299999999999898e+01,9.959877999999999787e+00
4.597899999999999920e+01,9.959877999999999787e+00
4.598400000000000176e+01,9.969454999999999956e+00
4.599000000000000199e+01,9.931148000000000309e+00
4.599499999999999744e+01,9.959877999999999787e+00
4.600099999999999767e+01,9.959877999999999787e+00
4.600600000000000023e+01,9.931148000000000309e+00
4.601200000000000045e+01,9.921571000000000140e+00
4.601800000000000068e+01,9.931148000000000309e+00
4.602300000000000324e+01,9.931148000000000309e+00
4.602900000000000347e+01,9.921571000000000140e+00
4.603399999999999892e+01,9.931148000000000309e+00
4.603999999999999915e+01,9.940725000000000477e+00
4.604500000000000171e+01,9.998186000000000462e+00
4.605100000000000193e+01,9.902418000000000831e+00
4.605700000000000216e+01,9.940725000000000477e+00
4.606300000000000239e+01,9.911993999999999971e+00
4.606799999999999784e+01,9.883264000000000493e+00
4.607399999999999807e+01,9.959877999999999787e+00
4.607900000000000063e+01,9.902418000000000831e+00
4.608500000000000085e+01,9.969454999999999956e+00
4.609000000000000341e+01,9.911993999999999971e+00
4.609599999999999653e+01,9.959877999999999787e+00
4.610199999999999676e+01,9.892841000000000662e+00
4.610699999999999932e+01,9.911993999999999971e+00
4.611299999999999955e+01,9.883264000000000493e+00
4.611800000000000210e+01,9.902418000000000831e+00
4.612400000000000233e+01,9.950302000000000646e+00
4.612899999999999778e+01,9.959877999999999787e+00
4.613499999999999801e+01,9.979032000000000124e+00
4.614099999999999824e+01,9.911993999999999971e+00
4.614600000000000080e+01,9.959877999999999787e+00
4.615200000000000102e+01,9.969454999999999956e+00
4.615699999999999648e+01,9.940725000000000477e+00
4.616299999999999670e+01,9.902418000000000831e+00
4.616799999999999926e+01,9.950302000000000646e+00
4.617399999999999949e+01,9.911993999999999971e+00
4.617999999999999972e+01,9.950302000000000646e+00
4.618500000000000227e+01,9.892841000000000662e+00
4.619100000000000250e+01,9.921571000000000140e+00
4.619599999999999795e+01,9.931148000000000309e+00
4.620199999999999818e+01,9.902418000000000831e+00
4.620799999999999841e+01,9.959877999999999787e+00
4.621300000000000097e+01,9.931148000000000309e+00
4.621900000000000119e+01,9.883264000000000493e+00
4.622399999999999665e+01,9.864110000000000156e+00
4.622999999999999687e+01,1.000776199999999960e+01
4.623499999999999943e+01,9.969454999999999956e+00
4.624099999999999966e+01,9.921571000000000140e+00
4.624699999999999989e+01,9.940725000000000477e+00
4.625200000000000244e+01,9.959877999999999787e+00
4.625800000000000267e+01,9.921571000000000140e+00
4.626299999999999812e+01,9.959877999999999787e+00
4.626899999999999835e+01,9.979032000000000124e+00
4.627499999999999858e+01,9.931148000000000309e+00
4.628000000000000114e+01,9.979032000000000124e+00
4.628600000000000136e+01,9.902418000000000831e+00
4.629099999999999682e+01,9.969454999999999956e+00
4.629699999999999704e+01,9.931148000000000309e+00
4.630299999999999727e+01,9.931148000000000309e+00
4.630799999999999983e+01,9.931148000000000309e+00
4.631400000000000006e+01,9.979032000000000124e+00
4.632000000000000028e+01,1.001733899999999977e+01
4.632500000000000284e+01,9.902418000000000831e+00
4.633100000000000307e+01,9.959877999999999787e+00
4.633599999999999852e+01,1.002691599999999994e+01
4.634199999999999875e+01,9.959877999999999787e+00
4.634799999999999898e+01,9.998186000000000462e+00
4.635300000000000153e+01,9.911993999999999971e+00
4.635900000000000176e+01,9.950302000000000646e+00
4.636399999999999721e+01,9.988609000000000293e+00
4.637599999999999767e+01,9.959877999999999787e+00
4.638100000000000023e+01,9.931148000000000309e+00
4.638700000000000045e+01,9.873687000000000324e+00
4.639200000000000301e+01,1.000776199999999960e+01
4.639800000000000324e+01,9.902418000000000831e+00
4.640400000000000347e+01,9.969454999999999956e+00
4.640899999999999892e+01,9.911993999999999971e+00
4.641499999999999915e+01,9.969454999999999956e+00
4.642099999999999937e+01,9.940725000000000477e+00
4.642600000000000193e+01,9.950302000000000646e+00
4.643200000000000216e+01,1.001733899999999977e+01
4.643699999999999761e+01,9.940725000000000477e+00
4.644299999999999784e+01,9.892841000000000662e+00
4.644899999999999807e+01,9.940725000000000477e+00
4.645400000000000063e+01,9.950302000000000646e+00
4.646000000000000085e+01,9.950302000000000646e+00
4.646500000000000341e+01,9.911993999999999971e+00
4.647099999999999653e+01,9.921571000000000140e+00
4.647699999999999676e+01,1.000776199999999960e+01
4.648199999999999932e+01,9.911993999999999971e+00
4.648799999999999955e+01,1.000776199999999960e+01
4.649399999999999977e+01,9.940725000000000477e+00
4.649900000000000233e+01,9.950302000000000646e+00
4.650500000000000256e+01,9.902418000000000831e+00
4.650999999999999801e+01,9.902418000000000831e+00
4.651599999999999824e+01,9.931148000000000309e+00
4.652199999999999847e+01,9.921571000000000140e+00
4.652799999999999869e+01,9.883264000000000493e+00
4.653300000000000125e+01,9.902418000000000831e+00
4.653900000000000148e+01,9.892841000000000662e+00
4.654399999999999693e+01,1.002691599999999994e+01
4.654999999999999716e+01,9.892841000000000662e+00
4.655599999999999739e+01,9.921571000000000140e+00
4.656099999999999994e+01,9.940725000000000477e+00
4.656700000000000017e+01,9.931148000000000309e+00
4.657800000000000296e+01,9.911993999999999971e+00
4.658400000000000318e+01,9.988609000000000293e+00
4.658899999999999864e+01,9.911993999999999971e+00
4.659499999999999886e+01,9.950302000000000646e+00
4.660099999999999909e+01,9.911993999999999971e+00
4.660600000000000165e+01,9.950302000000000646e+00
4.661200000000000188e+01,9.911993999999999971e+00
4.661699999999999733e+01,9.921571000000000140e+00
4.662299999999999756e+01,9.892841000000000662e+00
4.662899999999999778e+01,9.959877999999999787e+00
4.663400000000000034e+01,9.864110000000000156e+00
4.664000000000000057e+01,9.969454999999999956e+00
4.664500000000000313e+01,9.911993999999999971e+00
4.665100000000000335e+01,9.940725000000000477e+00
4.665599999999999881e+01,9.940725000000000477e+00
4.666199999999999903e+01,9.921571000000000140e+00
4.666799999999999926e+01,9.911993999999999971e+00
4.667300000000000182e+01,9.911993999999999971e+00
4.667900000000000205e+01,9.969454999999999956e+00
4.668399999999999750e+01,9.931148000000000309e+00
4.668999999999999773e+01,1.002691599999999994e+01
4.669599999999999795e+01,9.940725000000000477e+00
4.670100000000000051e+01,9.921571000000000140e+00
4.670700000000000074e+01,9.921571000000000140e+00
4.671200000000000330e+01,9.979032000000000124e+00
4.671800000000000352e+01,9.931148000000000309e+00
4.672399999999999665e+01,9.873687000000000324e+00
4.672899999999999920e+01,9.931148000000000309e+00
4.673499999999999943e+01,9.921571000000000140e+00
4.674000000000000199e+01,9.998186000000000462e+00
4.674600000000000222e+01,9.950302000000000646e+00
4.675200000000000244e+01,9.931148000000000309e+00
4.675699999999999790e+01,9.931148000000000309e+00
4.676299999999999812e+01,9.931148000000000309e+00
4.676800000000000068e+01,9.998186000000000462e+00
4.678000000000000114e+01,9.959877999999999787e+00
4.678499999999999659e+01,9.940725000000000477e+00
4.679099999999999682e+01,9.873687000000000324e+00
4.679599999999999937e+01,9.892841000000000662e+00
4.680199999999999960e+01,9.988609000000000293e+00
4.680799999999999983e+01,9.969454999999999956e+00
4.681300000000000239e+01,9.959877999999999787e+00
4.681900000000000261e+01,9.864110000000000156e+00
4.682399999999999807e+01,9.921571000000000140e+00
4.682999999999999829e+01,9.883264000000000493e+00
4.683599999999999852e+01,9.959877999999999787e+00
4.684100000000000108e+01,1.002691599999999994e+01
4.684700000000000131e+01,1.002691599999999994e+01
4.685199999999999676e+01,9.931148000000000309e+00
4.685799999999999699e+01,9.979032000000000124e+00
4.686399999999999721e+01,9.940725000000000477e+00
4.686899999999999977e+01,9.931148000000000309e+00
4.687500000000000000e+01,9.969454999999999956e+00
4.688000000000000256e+01,9.902418000000000831e+00
4.688600000000000279e+01,9.883264000000000493e+00
4.689099999999999824e+01,9.950302000000000646e+00
4.689699999999999847e+01,9.940725000000000477e+00
4.690299999999999869e+01,9.959877999999999787e+00
4.690800000000000125e+01,9.902418000000000831e+00
4.691400000000000148e+01,9.988609000000000293e+00
4.691899999999999693e+01,9.959877999999999787e+00
4.692499999999999716e+01,9.931148000000000309e+00
4.693099999999999739e+01,9.911993999999999971e+00
4.693599999999999994e+01,9.931148000000000309e+00
4.694200000000000017e+01,9.883264000000000493e+00
4.694800000000000040e+01,9.883264000000000493e+00
4.695300000000000296e+01,9.883264000000000493e+00
4.695799999999999841e+01,9.931148000000000309e+00
4.696399999999999864e+01,9.950302000000000646e+00
4.696999999999999886e+01,9.911993999999999971e+00
4.698100000000000165e+01,9.959877999999999787e+00
4.698700000000000188e+01,9.988609000000000293e+00
4.699199999999999733e+01,9.979032000000000124e+00
4.699799999999999756e+01,9.873687000000000324e+00
4.700300000000000011e+01,9.873687000000000324e+00
4.700900000000000034e+01,9.950302000000000646e+00
4.701500000000000057e+01,9.911993999999999971e+00
4.702000000000000313e+01,9.892841000000000662e+00
4.702600000000000335e+01,9.931148000000000309e+00
4.703099999999999881e+01,9.959877999999999787e+00
4.703699999999999903e+01,9.988609000000000293e+00
4.704200000000000159e+01,9.921571000000000140e+00
4.704800000000000182e+01,9.911993999999999971e+00
4.705400000000000205e+01,9.940725000000000477e+00
4.705899999999999750e+01,9.950302000000000646e+00
4.706499999999999773e+01,9.883264000000000493e+00
4.707000000000000028e+01,9.969454999999999956e+00
4.707600000000000051e+01,9.911993999999999971e+00
4.708200000000000074e+01,9.931148000000000309e+00
4.708700000000000330e+01,9.902418000000000831e+00
4.709300000000000352e+01,9.988609000000000293e+00
4.709799999999999898e+01,9.959877999999999787e+00
4.710399999999999920e+01,9.950302000000000646e+00
4.710999999999999943e+01,9.911993999999999971e+00
4.711500000000000199e+01,9.911993999999999971e+00
4.712100000000000222e+01,9.854533999999999239e+00
4.712700000000000244e+01,1.002691599999999994e+01
4.713199999999999790e+01,9.950302000000000646e+00
4.713799999999999812e+01,9.969454999999999956e+00
4.714300000000000068e+01,9.940725000000000477e+00
4.714900000000000091e+01,9.911993999999999971e+00
4.715500000000000114e+01,9.931148000000000309e+00
4.715999999999999659e+01,9.969454999999999956e+00
4.716599999999999682e+01,9.940725000000000477e+00
4.717099999999999937e+01,9.940725000000000477e+00
4.717699999999999960e+01,9.921571000000000140e+00
4.718200000000000216e+01,9.959877999999999787e+00
4.718800000000000239e+01,9.988609000000000293e+00
4.719899999999999807e+01,9.988609000000000293e+00
4.720499999999999829e+01,9.950302000000000646e+00
4.721000000000000085e+01,9.911993999999999971e+00
4.721600000000000108e+01,9.931148000000000309e+00
4.722099999999999653e+01,9.979032000000000124e+00
4.722699999999999676e+01,9.959877999999999787e+00
4.723299999999999699e+01,9.911993999999999971e+00
4.723799999999999955e+01,9.921571000000000140e+00
4.724399999999999977e+01,9.892841000000000662e+00
4.724900000000000233e+01,9.998186000000000462e+00
4.725500000000000256e+01,9.940725000000000477e+00
4.726100000000000279e+01,9.911993999999999971e+00
4.726599999999999824e+01,1.001733899999999977e+01
4.727199999999999847e+01,9.959877999999999787e+00
4.727700000000000102e+01,9.959877999999999787e+00
4.728300000000000125e+01,9.931148000000000309e+00
4.728900000000000148e+01,9.911993999999999971e+00
4.729399999999999693e+01,9.931148000000000309e+00
4.729999999999999716e+01,9.940725000000000477e+00
4.730599999999999739e+01,9.950302000000000646e+00
4.731099999999999994e+01,9.998186000000000462e+00
4.731700000000000017e+01,9.959877999999999787e+00
4.732200000000000273e+01,9.979032000000000124e+00
4.732800000000000296e+01,9.883264000000000493e+00
4.733299999999999841e+01,9.921571000000000140e+00
4.733899999999999864e+01,9.921571000000000140e+00
4.734499999999999886e+01,9.931148000000000309e+00
4.735000000000000142e+01,9.998186000000000462e+00
4.735600000000000165e+01,9.988609000000000293e+00
4.736099999999999710e+01,9.950302000000000646e+00
4.736699999999999733e+01,9.931148000000000309e+00
4.737299999999999756e+01,9.969454999999999956e+00
4.737800000000000011e+01,9.950302000000000646e+00
4.738400000000000034e+01,9.921571000000000140e+00
4.738900000000000290e+01,9.940725000000000477e+00
4.739500000000000313e+01,9.979032000000000124e+00
4.739999999999999858e+01,1.000776199999999960e+01
4.740599999999999881e+01,9.988609000000000293e+00
4.741199999999999903e+01,9.911993999999999971e+00
4.741700000000000159e+01,9.959877999999999787e+00
4.742300000000000182e+01,9.969454999999999956e+00
4.742799999999999727e+01,9.950302000000000646e+00
4.743399999999999750e+01,9.969454999999999956e+00
4.743999999999999773e+01,9.902418000000000831e+00
4.744500000000000028e+01,9.969454999999999956e+00
4.745100000000000051e+01,9.950302000000000646e+00
4.745600000000000307e+01,9.940725000000000477e+00
4.746200000000000330e+01,9.921571000000000140e+00
4.746800000000000352e+01,9.940725000000000477e+00
4.747299999999999898e+01,1.001733899999999977e+01
4.747899999999999920e+01,9.940725000000000477e+00
4.748499999999999943e+01,9.921571000000000140e+00
4.749000000000000199e+01,9.979032000000000124e+00
4.749600000000000222e+01,9.873687000000000324e+00
4.750099999999999767e+01,1.003649300000000011e+01
4.750699999999999790e+01,9.921571000000000140e+00
4.751299999999999812e+01,9.979032000000000124e+00
4.751800000000000068e+01,9.969454999999999956e+00
4.752400000000000091e+01,1.000776199999999960e+01
4.752900000000000347e+01,9.979032000000000124e+00
4.753499999999999659e+01,9.902418000000000831e+00
4.754099999999999682e+01,9.873687000000000324e+00
4.754599999999999937e+01,9.931148000000000309e+00
4.755199999999999960e+01,9.931148000000000309e+00
4.755700000000000216e+01,9.921571000000000140e+00
4.756300000000000239e+01,9.940725000000000477e+00
4.756900000000000261e+01,9.940725000000000477e+00
4.757399999999999807e+01,9.883264000000000493e+00
4.757999999999999829e+01,9.969454999999999956e+00
4.758599999999999852e+01,9.902418000000000831e+00
4.759100000000000108e+01,1.000776199999999960e+01
4.759700000000000131e+01,9.931148000000000309e+00
4.760199999999999676e+01,9.998186000000000462e+00
4.760799999999999699e+01,9.988609000000000293e+00
4.761399999999999721e+01,9.950302000000000646e+00
4.761899999999999977e+01,9.940725000000000477e+00
4.762500000000000000e+01,9.873687000000000324e+00
4.763000000000000256e+01,9.950302000000000646e+00
4.763600000000000279e+01,9.902418000000000831e+00
4.764099999999999824e+01,9.950302000000000646e+00
4.764699999999999847e+01,9.864110000000000156e+00
4.765299999999999869e+01,9.921571000000000140e+00
4.765800000000000125e+01,9.921571000000000140e+00
4.766400000000000148e+01,9.940725000000000477e+00
4.766899999999999693e+01,9.921571000000000140e+00
4.767499999999999716e+01,9.911993999999999971e+00
4.767999999999999972e+01,9.902418000000000831e+00
4.768599999999999994e+01,1.003649300000000011e+01
4.769200000000000017e+01,9.979032000000000124e+00
4.769700000000000273e+01,9.921571000000000140e+00
4.770300000000000296e+01,9.911993999999999971e+00
4.770900000000000318e+01,9.950302000000000646e+00
4.771399999999999864e+01,9.883264000000000493e+00
4.771999999999999886e+01,9.959877999999999787e+00
4.772599999999999909e+01,9.892841000000000662e+00
4.773100000000000165e+01,9.931148000000000309e+00
4.773599999999999710e+01,9.873687000000000324e+00
4.774199999999999733e+01,9.959877999999999787e+00
4.774799999999999756e+01,9.940725000000000477e+00
4.775300000000000011e+01,9.959877999999999787e+00
4.775900000000000034e+01,9.902418000000000831e+00
4.776500000000000057e+01,9.959877999999999787e+00
4.777000000000000313e+01,9.959877999999999787e+00
4.777600000000000335e+01,9.998186000000000462e+00
4.778099999999999881e+01,9.959877999999999787e+00
4.778699999999999903e+01,9.959877999999999787e+00
4.779200000000000159e+01,9.873687000000000324e+00
4.780400000000000205e+01,9.950302000000000646e+00
4.780899999999999750e+01,9.969454999999999956e+00
4.781499999999999773e+01,9.921571000000000140e+00
4.782000000000000028e+01,9.940725000000000477e+00
4.782600000000000051e+01,9.959877999999999787e+00
4.783200000000000074e+01,9.931148000000000309e+00
4.783700000000000330e+01,9.940725000000000477e+00
4.784300000000000352e+01,9.950302000000000646e+00
4.784799999999999898e+01,9.921571000000000140e+00
4.785399999999999920e+01,9.892841000000000662e+00
4.785900000000000176e+01,9.921571000000000140e+00
4.786500000000000199e+01,9.911993999999999971e+00
4.787100000000000222e+01,9.902418000000000831e+00
4.787599999999999767e+01,9.959877999999999787e+00
4.788199999999999790e+01,9.902418000000000831e+00
4.788700000000000045e+01,9.950302000000000646e+00
4.789300000000000068e+01,9.931148000000000309e+00
4.789900000000000091e+01,9.921571000000000140e+00
4.790400000000000347e+01,9.950302000000000646e+00
4.790999999999999659e+01,9.931148000000000309e+00
4.791499999999999915e+01,1.005564599999999942e+01
4.792099999999999937e+01,9.883264000000000493e+00
4.792600000000000193e+01,9.931148000000000309e+00
4.793200000000000216e+01,9.921571000000000140e+00
4.793800000000000239e+01,9.988609000000000293e+00
4.794299999999999784e+01,9.931148000000000309e+00
4.794899999999999807e+01,9.883264000000000493e+00
4.795400000000000063e+01,9.969454999999999956e+00
4.796000000000000085e+01,9.959877999999999787e+00
4.796600000000000108e+01,9.998186000000000462e+00
4.797099999999999653e+01,9.950302000000000646e+00
4.797699999999999676e+01,1.001733899999999977e+01
4.798299999999999699e+01,9.940725000000000477e+00
4.798799999999999955e+01,9.979032000000000124e+00
4.799399999999999977e+01,9.979032000000000124e+00
4.799900000000000233e+01,9.940725000000000477e+00
4.800500000000000256e+01,9.959877999999999787e+00
4.801100000000000279e+01,1.003649300000000011e+01
4.801599999999999824e+01,9.969454999999999956e+00
4.802199999999999847e+01,9.979032000000000124e+00
4.802700000000000102e+01,9.940725000000000477e+00
4.803300000000000125e+01,9.950302000000000646e+00
4.803900000000000148e+01,9.921571000000000140e+00
4.804399999999999693e+01,9.940725000000000477e+00
4.804999999999999716e+01,9.959877999999999787e+00
4.805499999999999972e+01,9.940725000000000477e+00
4.806099999999999994e+01,9.950302000000000646e+00
4.806700000000000017e+01,9.959877999999999787e+00
4.807200000000000273e+01,1.002691599999999994e+01
4.807800000000000296e+01,9.979032000000000124e+00
4.808400000000000318e+01,9.883264000000000493e+00
4.808899999999999864e+01,9.873687000000000324e+00
4.809499999999999886e+01,1.000776199999999960e+01
4.810000000000000142e+01,9.940725000000000477e+00
4.810600000000000165e+01,9.911993999999999971e+00
4.811200000000000188e+01,9.921571000000000140e+00
4.811699999999999733e+01,9.911993999999999971e+00
4.812299999999999756e+01,9.950302000000000646e+00
4.812800000000000011e+01,9.921571000000000140e+00
4.813400000000000034e+01,9.902418000000000831e+00
4.813900000000000290e+01,1.000776199999999960e+01
4.814500000000000313e+01,9.902418000000000831e+00
4.815100000000000335e+01,9.892841000000000662e+00
4.815599999999999881e+01,9.969454999999999956e+00
4.816199999999999903e+01,9.902418000000000831e+00
4.816799999999999926e+01,9.921571000000000140e+00
4.817300000000000182e+01,9.873687000000000324e+00
4.817900000000000205e+01,1.001733899999999977e+01
4.818500000000000227e+01,9.921571000000000140e+00
4.818999999999999773e+01,9.911993999999999971e+00
4.819599999999999795e+01,9.969454999999999956e+00
4.820100000000000051e+01,9.959877999999999787e+00
4.820700000000000074e+01,9.959877999999999787e+00
4.821300000000000097e+01,9.998186000000000462e+00
4.821800000000000352e+01,1.000776199999999960e+01
4.822399999999999665e+01,9.950302000000000646e+00
4.822899999999999920e+01,1.001733899999999977e+01
4.823499999999999943e+01,9.950302000000000646e+00
4.824099999999999966e+01,9.911993999999999971e+00
4.824600000000000222e+01,9.950302000000000646e+00
4.825200000000000244e+01,9.959877999999999787e+00
4.825800000000000267e+01,9.969454999999999956e+00
4.826299999999999812e+01,9.959877999999999787e+00
4.826899999999999835e+01,9.959877999999999787e+00
4.827400000000000091e+01,9.940725000000000477e+00
4.828000000000000114e+01,9.988609000000000293e+00
4.828499999999999659e+01,9.864110000000000156e+00
4.829099999999999682e+01,9.883264000000000493e+00
4.829699999999999704e+01,9.931148000000000309e+00
4.830199999999999960e+01,9.979032000000000124e+00
4.830799999999999983e+01,9.940725000000000477e+00
4.831300000000000239e+01,9.988609000000000293e+00
4.831900000000000261e+01,9.931148000000000309e+00
4.832500000000000284e+01,9.969454999999999956e+00
4.832999999999999829e+01,9.883264000000000493e+00
4.833599999999999852e+01,9.940725000000000477e+00
4.834100000000000108e+01,9.892841000000000662e+00
4.834700000000000131e+01,9.931148000000000309e+00
4.835300000000000153e+01,9.931148000000000309e+00
4.835799999999999699e+01,9.921571000000000140e+00
4.836399999999999721e+01,9.931148000000000309e+00
4.836899999999999977e+01,9.911993999999999971e+00
4.837500000000000000e+01,9.988609000000000293e+00
4.838000000000000256e+01,9.931148000000000309e+00
4.838600000000000279e+01,9.921571000000000140e+00
4.839200000000000301e+01,9.940725000000000477e+00
4.839699999999999847e+01,9.921571000000000140e+00
4.840299999999999869e+01,9.931148000000000309e+00
4.840800000000000125e+01,9.931148000000000309e+00
4.841400000000000148e+01,9.892841000000000662e+00
4.842000000000000171e+01,9.931148000000000309e+00
4.842499999999999716e+01,9.921571000000000140e+00
4.843099999999999739e+01,9.921571000000000140e+00
4.843599999999999994e+01,9.998186000000000462e+00
4.844200000000000017e+01,9.959877999999999787e+00
4.844800000000000040e+01,9.931148000000000309e+00
4.845300000000000296e+01,1.002691599999999994e+01
4.845900000000000318e+01,1.001733899999999977e+01
4.846500000000000341e+01,9.940725000000000477e+00
4.846999999999999886e+01,9.950302000000000646e+00
4.847599999999999909e+01,9.959877999999999787e+00
4.848100000000000165e+01,1.003649300000000011e+01
4.848700000000000188e+01,9.950302000000000646e+00
4.849300000000000210e+01,9.979032000000000124e+00
4.849799999999999756e+01,9.959877999999999787e+00
4.850399999999999778e+01,9.969454999999999956e+00
4.850900000000000034e+01,9.959877999999999787e+00
4.851500000000000057e+01,9.940725000000000477e+00
4.852000000000000313e+01,9.921571000000000140e+00
4.852600000000000335e+01,9.902418000000000831e+00
4.853199999999999648e+01,9.940725000000000477e+00
4.853699999999999903e+01,9.892841000000000662e+00
4.854299999999999926e+01,1.001733899999999977e+01
4.854800000000000182e+01,9.921571000000000140e+00
4.855400000000000205e+01,9.921571000000000140e+00
4.856000000000000227e+01,9.988609000000000293e+00
4.856499999999999773e+01,9.940725000000000477e+00
4.857099999999999795e+01,9.911993999999999971e+00
4.857699999999999818e+01,9.988609000000000293e+00
4.858200000000000074e+01,9.979032000000000124e+00
4.858800000000000097e+01,9.911993999999999971e+00
4.859300000000000352e+01,9.969454999999999956e+00
4.859899999999999665e+01,9.931148000000000309e+00
4.860499999999999687e+01,9.940720000000000667e+00
4.860999999999999943e+01,9.998186000000000462e+00
4.861599999999999966e+01,9.979032000000000124e+00
4.862100000000000222e+01,9.940725000000000477e+00
4.862700000000000244e+01,9.883264000000000493e+00
4.863300000000000267e+01,9.959877999999999787e+00
4.863799999999999812e+01,9.892841000000000662e+00
4.864399999999999835e+01,1.000776199999999960e+01
4.864900000000000091e+01,9.959877999999999787e+00
4.865500000000000114e+01,9.931148000000000309e+00
4.866100000000000136e+01,9.931148000000000309e+00
4.866599999999999682e+01,9.950302000000000646e+00
4.867199999999999704e+01,9.959877999999999787e+00
4.867799999999999727e+01,9.950302000000000646e+00
4.868299999999999983e+01,9.940725000000000477e+00
4.868900000000000006e+01,9.931148000000000309e+00
4.869400000000000261e+01,9.979032000000000124e+00
4.870000000000000284e+01,9.931148000000000309e+00
4.870499999999999829e+01,9.940725000000000477e+00
4.871099999999999852e+01,9.959877999999999787e+00
4.871699999999999875e+01,9.892841000000000662e+00
4.872200000000000131e+01,9.883264000000000493e+00
4.872800000000000153e+01,9.988609000000000293e+00
4.873299999999999699e+01,1.001733899999999977e+01
4.873899999999999721e+01,9.940725000000000477e+00
4.874499999999999744e+01,9.940725000000000477e+00
4.875000000000000000e+01,9.950302000000000646e+00
4.875600000000000023e+01,9.921571000000000140e+00
4.876100000000000279e+01,9.998186000000000462e+00
4.876700000000000301e+01,9.969454999999999956e+00
4.877199999999999847e+01,9.940725000000000477e+00
4.877799999999999869e+01,9.921571000000000140e+00
4.878399999999999892e+01,9.921571000000000140e+00
4.878900000000000148e+01,9.892841000000000662e+00
4.879500000000000171e+01,9.988609000000000293e+00
4.879999999999999716e+01,9.921571000000000140e+00
4.880599999999999739e+01,9.873687000000000324e+00
4.881199999999999761e+01,9.921571000000000140e+00
4.881700000000000017e+01,9.883264000000000493e+00
4.882300000000000040e+01,9.883264000000000493e+00
4.882800000000000296e+01,9.902418000000000831e+00
4.883400000000000318e+01,9.883264000000000493e+00
4.884000000000000341e+01,9.911993999999999971e+00
4.884499999999999886e+01,9.979032000000000124e+00
4.885099999999999909e+01,9.959877999999999787e+00
4.885600000000000165e+01,9.950302000000000646e+00
4.886200000000000188e+01,9.911993999999999971e+00
4.886699999999999733e+01,9.931148000000000309e+00
4.887299999999999756e+01,9.940725000000000477e+00
4.887899999999999778e+01,9.959877999999999787e+00
4.888400000000000034e+01,9.931148000000000309e+00
4.889000000000000057e+01,9.921571000000000140e+00
4.889500000000000313e+01,9.883264000000000493e+00
4.890100000000000335e+01,9.998186000000000462e+00
4.890699999999999648e+01,9.883264000000000493e+00
4.891199999999999903e+01,9.911993999999999971e+00
4.891799999999999926e+01,9.921571000000000140e+00
4.892300000000000182e+01,9.959877999999999787e+00
4.892900000000000205e+01,9.931148000000000309e+00
4.893399999999999750e+01,9.959877999999999787e+00
4.893999999999999773e+01,9.931148000000000309e+00
4.894599999999999795e+01,9.931148000000000309e+00
4.895100000000000051e+01,9.921571000000000140e+00
4.895700000000000074e+01,9.911993999999999971e+00
4.896300000000000097e+01,9.911993999999999971e+00
4.896800000000000352e+01,9.902418000000000831e+00
4.897399999999999665e+01,9.959877999999999787e+00
4.897899999999999920e+01,9.959877999999999787e+00
4.898499999999999943e+01,9.902418000000000831e+00
4.899000000000000199e+01,9.931148000000000309e+00
4.899600000000000222e+01,9.988609000000000293e+00
4.900200000000000244e+01,9.940725000000000477e+00
4.900699999999999790e+01,9.969454999999999956e+00
4.901800000000000068e+01,9.931148000000000309e+00
4.902400000000000091e+01,9.873687000000000324e+00
4.902900000000000347e+01,9.959877999999999787e+00
4.903499999999999659e+01,9.940725000000000477e+00
4.904099999999999682e+01,9.864110000000000156e+00
4.904599999999999937e+01,9.902418000000000831e+00
4.905199999999999960e+01,9.931148000000000309e+00
4.905700000000000216e+01,9.969454999999999956e+00
4.906300000000000239e+01,9.921571000000000140e+00
4.906900000000000261e+01,9.988609000000000293e+00
4.907399999999999807e+01,9.969454999999999956e+00
4.907999999999999829e+01,9.902418000000000831e+00
4.908500000000000085e+01,9.902418000000000831e+00
4.909100000000000108e+01,9.940725000000000477e+00
4.909599999999999653e+01,9.931148000000000309e+00
4.910199999999999676e+01,9.959877999999999787e+00
4.910799999999999699e+01,9.959877999999999787e+00
4.911299999999999955e+01,9.959877999999999787e+00
4.911899999999999977e+01,9.892841000000000662e+00
4.912400000000000233e+01,9.931148000000000309e+00
4.913000000000000256e+01,9.873687000000000324e+00
4.913600000000000279e+01,9.931148000000000309e+00
4.914099999999999824e+01,9.940725000000000477e+00
4.914699999999999847e+01,9.940725000000000477e+00
4.915200000000000102e+01,9.988609000000000293e+00
4.915800000000000125e+01,9.959877999999999787e+00
4.916400000000000148e+01,9.988609000000000293e+00
4.916899999999999693e+01,9.940725000000000477e+00
4.917499999999999716e+01,9.883264000000000493e+00
4.917999999999999972e+01,9.931148000000000309e+00
4.918599999999999994e+01,9.950302000000000646e+00
4.919100000000000250e+01,9.864110000000000156e+00
4.919700000000000273e+01,9.950302000000000646e+00
4.920300000000000296e+01,9.902418000000000831e+00
4.920799999999999841e+01,9.921571000000000140e+00
4.921900000000000119e+01,9.931148000000000309e+00
4.922500000000000142e+01,9.988609000000000293e+00
4.923100000000000165e+01,9.911993999999999971e+00
4.923599999999999710e+01,9.931148000000000309e+00
4.924199999999999733e+01,9.902418000000000831e+00
4.924799999999999756e+01,9.969454999999999956e+00
4.925300000000000011e+01,9.931148000000000309e+00
4.925900000000000034e+01,9.959877999999999787e+00
4.926400000000000290e+01,9.959877999999999787e+00
4.927000000000000313e+01,9.940725000000000477e+00
4.927499999999999858e+01,9.979032000000000124e+00
4.928099999999999881e+01,9.950302000000000646e+00
4.928699999999999903e+01,9.902418000000000831e+00
4.929200000000000159e+01,9.931148000000000309e+00
4.929800000000000182e+01,9.911993999999999971e+00
4.930299999999999727e+01,9.921571000000000140e+00
4.930899999999999750e+01,9.950302000000000646e+00
4.931400000000000006e+01,9.921571000000000140e+00
4.932000000000000028e+01,9.902418000000000831e+00
4.932600000000000051e+01,9.940725000000000477e+00
4.933100000000000307e+01,9.911993999999999971e+00
4.933700000000000330e+01,9.969454999999999956e+00
4.934199999999999875e+01,9.902418000000000831e+00
4.934799999999999898e+01,9.902418000000000831e+00
4.935399999999999920e+01,9.902418000000000831e+00
4.935900000000000176e+01,9.940725000000000477e+00
4.936500000000000199e+01,9.940725000000000477e+00
4.936999999999999744e+01,9.921571000000000140e+00
4.937599999999999767e+01,9.931148000000000309e+00
4.938100000000000023e+01,9.911993999999999971e+00
4.938700000000000045e+01,9.911993999999999971e+00
4.939300000000000068e+01,9.950302000000000646e+00
4.939800000000000324e+01,9.931148000000000309e+00
4.940400000000000347e+01,9.959877999999999787e+00
4.940899999999999892e+01,9.969454999999999956e+00
4.942099999999999937e+01,9.979032000000000124e+00
4.942600000000000193e+01,9.911993999999999971e+00
4.943200000000000216e+01,9.959877999999999787e+00
4.943699999999999761e+01,9.931148000000000309e+00
4.944299999999999784e+01,9.969454999999999956e+00
4.944800000000000040e+01,9.902418000000000831e+00
4.945400000000000063e+01,9.950302000000000646e+00
4.946000000000000085e+01,9.931148000000000309e+00
4.946500000000000341e+01,9.892841000000000662e+00
4.947099999999999653e+01,9.931148000000000309e+00
4.947599999999999909e+01,9.921571000000000140e+00
4.948199999999999932e+01,9.988609000000000293e+00
4.948700000000000188e+01,9.911993999999999971e+00
4.949300000000000210e+01,9.892841000000000662e+00
4.949900000000000233e+01,9.892841000000000662e+00
4.950399999999999778e+01,1.005564599999999942e+01
4.950999999999999801e+01,9.902418000000000831e+00
4.951599999999999824e+01,9.931148000000000309e+00
4.952100000000000080e+01,9.911993999999999971e+00
4.952700000000000102e+01,9.902418000000000831e+00
4.953300000000000125e+01,9.883264000000000493e+00
4.953799999999999670e+01,9.988609000000000293e+00
4.954299999999999926e+01,9.940725000000000477e+00
4.954899999999999949e+01,9.940725000000000477e+00
4.955499999999999972e+01,9.940725000000000477e+00
4.956000000000000227e+01,9.883264000000000493e+00
4.956600000000000250e+01,1.000776199999999960e+01
4.957200000000000273e+01,9.911993999999999971e+00
4.957699999999999818e+01,9.950302000000000646e+00
4.958299999999999841e+01,9.931148000000000309e+00
4.958800000000000097e+01,9.969454999999999956e+00
4.959400000000000119e+01,9.979032000000000124e+00
4.960000000000000142e+01,9.959877999999999787e+00
4.960499999999999687e+01,9.931148000000000309e+00
4.961099999999999710e+01,9.902418000000000831e+00
4.962199999999999989e+01,9.959877999999999787e+00
4.962700000000000244e+01,9.911993999999999971e+00
4.963300000000000267e+01,9.854533999999999239e+00
4.963900000000000290e+01,9.873687000000000324e+00
4.964399999999999835e+01,9.940725000000000477e+00
4.964999999999999858e+01,9.921571000000000140e+00
4.965500000000000114e+01,9.854533999999999239e+00
4.966100000000000136e+01,9.892841000000000662e+00
4.966700000000000159e+01,9.969454999999999956e+00
4.967199999999999704e+01,9.969454999999999956e+00
4.967799999999999727e+01,9.921571000000000140e+00
4.968299999999999983e+01,9.892841000000000662e+00
4.968900000000000006e+01,1.001733899999999977e+01
4.969500000000000028e+01,9.969454999999999956e+00
4.970000000000000284e+01,9.959877999999999787e+00
4.970600000000000307e+01,9.921571000000000140e+00
4.971200000000000330e+01,9.950302000000000646e+00
4.971699999999999875e+01,9.969454999999999956e+00
4.972299999999999898e+01,9.969454999999999956e+00
4.972800000000000153e+01,9.969454999999999956e+00
4.973400000000000176e+01,9.921571000000000140e+00
4.973899999999999721e+01,9.950302000000000646e+00
4.974499999999999744e+01,1.000776199999999960e+01
4.975099999999999767e+01,9.950302000000000646e+00
4.975600000000000023e+01,9.979032000000000124e+00
4.976200000000000045e+01,9.940725000000000477e+00
4.976700000000000301e+01,9.911993999999999971e+00
4.977300000000000324e+01,9.921571000000000140e+00
4.977900000000000347e+01,9.959877999999999787e+00
4.978399999999999892e+01,9.950302000000000646e+00
4.978999999999999915e+01,9.998186000000000462e+00
4.979599999999999937e+01,9.921571000000000140e+00
4.980100000000000193e+01,9.979032000000000124e+00
4.980700000000000216e+01,9.931148000000000309e+00
4.981199999999999761e+01,9.969454999999999956e+00
4.982300000000000040e+01,9.950302000000000646e+00
4.982900000000000063e+01,9.892841000000000662e+00
4.983500000000000085e+01,9.950302000000000646e+00
4.984000000000000341e+01,9.931148000000000309e+00
4.984599999999999653e+01,9.911993999999999971e+00
4.985199999999999676e+01,9.921571000000000140e+00
4.985699999999999932e+01,9.931148000000000309e+00
4.986299999999999955e+01,1.000776199999999960e+01
4.986800000000000210e+01,9.931148000000000309e+00
4.987400000000000233e+01,9.979032000000000124e+00
4.988000000000000256e+01,9.931148000000000309e+00
4.988499999999999801e+01,9.931148000000000309e+00
4.989099999999999824e+01,9.921571000000000140e+00
4.989600000000000080e+01,9.921571000000000140e+00
4.990200000000000102e+01,9.921571000000000140e+00
4.990800000000000125e+01,9.959877999999999787e+00
4.991299999999999670e+01,9.950302000000000646e+00
4.991899999999999693e+01,9.921571000000000140e+00
4.992399999999999949e+01,9.959877999999999787e+00
4.992999999999999972e+01,9.873687000000000324e+00
4.993500000000000227e+01,9.902418000000000831e+00
4.994100000000000250e+01,9.940725000000000477e+00
4.994700000000000273e+01,9.950302000000000646e+00
4.995199999999999818e+01,9.969454999999999956e+00
4.995799999999999841e+01,9.950302000000000646e+00
4.996399999999999864e+01,9.892841000000000662e+00
4.996900000000000119e+01,9.940725000000000477e+00
4.997500000000000142e+01,9.959877999999999787e+00
4.997999999999999687e+01,9.911993999999999971e+00
4.998599999999999710e+01,9.835380000000000678e+00
4.999199999999999733e+01,9.959877999999999787e+00
4.999699999999999989e+01,9.911993999999999971e+00
5.000300000000000011e+01,9.998186000000000462e+00
5.000800000000000267e+01,9.940725000000000477e+00
5.001400000000000290e+01,9.921571000000000140e+00
5.002000000000000313e+01,9.000000000000000000e+00
5.002499999999999858e+01,9.911993999999999971e+00
5.003099999999999881e+01,9.931148000000000309e+00
5.003600000000000136e+01,9.950302000000000646e+00
5.004200000000000159e+01,9.969454999999999956e+00
5.004699999999999704e+01,9.883264000000000493e+00
5.005299999999999727e+01,9.931148000000000309e+00
5.005899999999999750e+01,9.940725000000000477e+00
5.006400000000000006e+01,9.892841000000000662e+00
5.007000000000000028e+01,9.969454999999999956e+00
5.007500000000000284e+01,9.940725000000000477e+00
5.008100000000000307e+01,9.911993999999999971e+00
5.008599999999999852e+01,9.988609000000000293e+00
5.009199999999999875e+01,9.931148000000000309e+00
5.009799999999999898e+01,9.921571000000000140e+00
5.010300000000000153e+01,9.835380000000000678e+00
5.010900000000000176e+01,9.883264000000000493e+00
5.011399999999999721e+01,9.950302000000000646e+00
5.011999999999999744e+01,9.921571000000000140e+00
5.012599999999999767e+01,9.959877999999999787e+00
5.013100000000000023e+01,9.969454999999999956e+00
5.013700000000000045e+01,9.864110000000000156e+00
5.014200000000000301e+01,9.931148000000000309e+00
5.014800000000000324e+01,9.921571000000000140e+00
5.015299999999999869e+01,9.902418000000000831e+00
5.015899999999999892e+01,1.001733899999999977e+01
5.016499999999999915e+01,9.969454999999999956e+00
5.017099999999999937e+01,9.931148000000000309e+00
5.017600000000000193e+01,9.979032000000000124e+00
5.018200000000000216e+01,9.902418000000000831e+00
5.018699999999999761e+01,9.969454999999999956e+00
5.019299999999999784e+01,9.959877999999999787e+00
5.019899999999999807e+01,9.959877999999999787e+00
5.020400000000000063e+01,9.911993999999999971e+00
5.021000000000000085e+01,9.998186000000000462e+00
5.021500000000000341e+01,9.864110000000000156e+00
5.022099999999999653e+01,9.950302000000000646e+00
5.022599999999999909e+01,9.911993999999999971e+00
5.023199999999999932e+01,9.959877999999999787e+00
5.023799999999999955e+01,9.931148000000000309e+00
5.024300000000000210e+01,9.950302000000000646e+00
5.024900000000000233e+01,9.979032000000000124e+00
5.025399999999999778e+01,9.940725000000000477e+00
5.025999999999999801e+01,9.940725000000000477e+00
5.026500000000000057e+01,9.806649999999999423e+00
5.027100000000000080e+01,1.003649300000000011e+01
5.027700000000000102e+01,9.797072999999999254e+00
5.028199999999999648e+01,9.940725000000000477e+00
5.028799999999999670e+01,1.090798200000000051e+01
5.029399999999999693e+01,9.059658999999999907e+00
5.029899999999999949e+01,9.988609000000000293e+00
5.030499999999999972e+01,1.053448700000000038e+01
5.031099999999999994e+01,9.720458000000000709e+00
5.031600000000000250e+01,9.739611999999999270e+00
5.032200000000000273e+01,9.844957000000000846e+00
5.032699999999999818e+01,1.054406400000000055e+01
5.033299999999999841e+01,9.423576999999999870e+00
5.033899999999999864e+01,9.509767999999999333e+00
5.034499999999999886e+01,1.085052100000000053e+01
5.035000000000000142e+01,9.691727999999999454e+00
5.035600000000000165e+01,9.643843999999999639e+00
5.036099999999999710e+01,1.047702600000000039e+01
5.036699999999999733e+01,9.825803000000000509e+00
5.037299999999999756e+01,9.653420999999999808e+00
5.037800000000000011e+01,9.998186000000000462e+00
5.038400000000000034e+01,1.013226099999999974e+01
5.039000000000000057e+01,9.710881000000000540e+00
5.039500000000000313e+01,9.969454999999999956e+00
5.040100000000000335e+01,1.015141500000000008e+01
5.040699999999999648e+01,9.739611999999999270e+00
5.041199999999999903e+01,9.931148000000000309e+00
5.041799999999999926e+01,1.005564599999999942e+01
5.042300000000000182e+01,9.950302000000000646e+00
5.042900000000000205e+01,9.969454999999999956e+00
5.043500000000000227e+01,9.864110000000000156e+00
5.043999999999999773e+01,1.010353100000000026e+01
5.044599999999999795e+01,9.969454999999999956e+00
5.045199999999999818e+01,9.864110000000000156e+00
5.045700000000000074e+01,1.010353100000000026e+01
5.046300000000000097e+01,9.950302000000000646e+00
5.046900000000000119e+01,9.864110000000000156e+00
5.047399999999999665e+01,1.001733899999999977e+01
5.047999999999999687e+01,9.883264000000000493e+00
5.048499999999999943e+01,9.835380000000000678e+00
5.049099999999999966e+01,9.931148000000000309e+00
5.049699999999999989e+01,9.998186000000000462e+00
5.050200000000000244e+01,9.883264000000000493e+00
5.050800000000000267e+01,9.739611999999999270e+00
5.051400000000000290e+01,1.005564599999999942e+01
5.051899999999999835e+01,9.959877999999999787e+00
5.052499999999999858e+01,9.806649999999999423e+00
5.053000000000000114e+01,1.008437699999999992e+01
5.053600000000000136e+01,9.931148000000000309e+00
5.054200000000000159e+01,9.864110000000000156e+00
5.054699999999999704e+01,1.001733899999999977e+01
5.055299999999999727e+01,1.000776199999999960e+01
5.055899999999999750e+01,9.883264000000000493e+00
5.056400000000000006e+01,9.883264000000000493e+00
5.057000000000000028e+01,1.003649300000000011e+01
5.057600000000000051e+01,9.969454999999999956e+00
5.058100000000000307e+01,9.854533999999999239e+00
5.058700000000000330e+01,1.002691599999999994e+01
5.059300000000000352e+01,9.911993999999999971e+00
5.059799999999999898e+01,9.873687000000000324e+00
5.060399999999999920e+01,1.001733899999999977e+01
5.060999999999999943e+01,9.931148000000000309e+00
5.061500000000000199e+01,9.902418000000000831e+00
5.062100000000000222e+01,9.902418000000000831e+00
5.062599999999999767e+01,9.998186000000000462e+00
5.063199999999999790e+01,9.940725000000000477e+00
5.063700000000000045e+01,9.921571000000000140e+00
5.064300000000000068e+01,9.979032000000000124e+00
5.064900000000000091e+01,9.969454999999999956e+00
5.065400000000000347e+01,9.911993999999999971e+00
5.065999999999999659e+01,9.959877999999999787e+00
5.066499999999999915e+01,9.979032000000000124e+00
5.067099999999999937e+01,9.959877999999999787e+00
5.067699999999999960e+01,9.950302000000000646e+00
5.068200000000000216e+01,9.940725000000000477e+00
5.068800000000000239e+01,9.950302000000000646e+00
5.069299999999999784e+01,9.835380000000000678e+00
5.069899999999999807e+01,1.003649300000000011e+01
5.070400000000000063e+01,9.940725000000000477e+00
5.071000000000000085e+01,1.000776199999999960e+01
5.071600000000000108e+01,9.969454999999999956e+00
5.072200000000000131e+01,9.959877999999999787e+00
5.072699999999999676e+01,1.000776199999999960e+01
5.073299999999999699e+01,1.000776199999999960e+01
5.073899999999999721e+01,9.959877999999999787e+00
5.074399999999999977e+01,9.998186000000000462e+00
5.075000000000000000e+01,9.883264000000000493e+00
5.075500000000000256e+01,9.911993999999999971e+00
5.076100000000000279e+01,9.873687000000000324e+00
5.076700000000000301e+01,9.911993999999999971e+00
5.077199999999999847e+01,9.988609000000000293e+00
5.077799999999999869e+01,9.873687000000000324e+00
5.078300000000000125e+01,9.921571000000000140e+00
5.078900000000000148e+01,9.940725000000000477e+00
5.079399999999999693e+01,9.988609000000000293e+00
5.079999999999999716e+01,9.931148000000000309e+00
5.080599999999999739e+01,9.931148000000000309e+00
5.081099999999999994e+01,9.959877999999999787e+00
5.081700000000000017e+01,9.940725000000000477e+00
5.082300000000000040e+01,9.883264000000000493e+00
5.082800000000000296e+01,9.911993999999999971e+00
5.083400000000000318e+01,9.931148000000000309e+00
5.083899999999999864e+01,1.000776199999999960e+01
5.084499999999999886e+01,9.979032000000000124e+00
5.085099999999999909e+01,9.969454999999999956e+00
5.085600000000000165e+01,9.921571000000000140e+00
5.086200000000000188e+01,9.950302000000000646e+00
5.086699999999999733e+01,9.998186000000000462e+00
5.087299999999999756e+01,9.959877999999999787e+00
5.087800000000000011e+01,9.883264000000000493e+00
5.088400000000000034e+01,9.950302000000000646e+00
5.089000000000000057e+01,9.950302000000000646e+00
5.089500000000000313e+01,9.911993999999999971e+00
5.090100000000000335e+01,9.959877999999999787e+00
5.090599999999999881e+01,9.950302000000000646e+00
5.091199999999999903e+01,9.931148000000000309e+00
5.091700000000000159e+01,9.979032000000000124e+00
5.092300000000000182e+01,9.873687000000000324e+00
5.092900000000000205e+01,9.892841000000000662e+00
5.093399999999999750e+01,9.959877999999999787e+00
5.093999999999999773e+01,9.969454999999999956e+00
5.094500000000000028e+01,9.940725000000000477e+00
5.095100000000000051e+01,9.921571000000000140e+00
5.095700000000000074e+01,9.883264000000000493e+00
5.096200000000000330e+01,9.921571000000000140e+00
5.096800000000000352e+01,9.931148000000000309e+00
5.097299999999999898e+01,9.959877999999999787e+00
5.097899999999999920e+01,9.940725000000000477e+00
5.098400000000000176e+01,9.921571000000000140e+00
5.099000000000000199e+01,1.000776199999999960e+01
5.099600000000000222e+01,9.931148000000000309e+00
5.100200000000000244e+01,1.004607000000000028e+01
5.100699999999999790e+01,9.931148000000000309e+00
5.101299999999999812e+01,9.988609000000000293e+00
5.101800000000000068e+01,9.892841000000000662e+00
5.102400000000000091e+01,9.950302000000000646e+00
5.103000000000000114e+01,1.002691599999999994e+01
5.103499999999999659e+01,9.931148000000000309e+00
5.104099999999999682e+01,9.998186000000000462e+00
5.104599999999999937e+01,9.902418000000000831e+00
5.105199999999999960e+01,9.873687000000000324e+00
5.105799999999999983e+01,9.950302000000000646e+00
5.106300000000000239e+01,9.988609000000000293e+00
5.106900000000000261e+01,1.004607000000000028e+01
5.107500000000000284e+01,1.000776199999999960e+01
5.107999999999999829e+01,1.001733899999999977e+01
5.108599999999999852e+01,9.959877999999999787e+00
5.109199999999999875e+01,9.940725000000000477e+00
5.109700000000000131e+01,9.959877999999999787e+00
5.110300000000000153e+01,9.959877999999999787e+00
5.110799999999999699e+01,9.959877999999999787e+00
5.111399999999999721e+01,9.969454999999999956e+00
5.111999999999999744e+01,9.911993999999999971e+00
5.112500000000000000e+01,9.931148000000000309e+00
5.113100000000000023e+01,9.950302000000000646e+00
5.113700000000000045e+01,9.911993999999999971e+00
5.114200000000000301e+01,9.921571000000000140e+00
5.114699999999999847e+01,9.902418000000000831e+00
5.115299999999999869e+01,9.911993999999999971e+00
5.115899999999999892e+01,9.998186000000000462e+00
5.116400000000000148e+01,9.892841000000000662e+00
5.117000000000000171e+01,9.940725000000000477e+00
5.117600000000000193e+01,9.950302000000000646e+00
5.118099999999999739e+01,9.854533999999999239e+00
5.118699999999999761e+01,9.892841000000000662e+00
5.119200000000000017e+01,9.988609000000000293e+00
5.119800000000000040e+01,9.959877999999999787e+00
5.120300000000000296e+01,9.883264000000000493e+00
5.120900000000000318e+01,9.959877999999999787e+00
5.121500000000000341e+01,9.892841000000000662e+00
5.121999999999999886e+01,9.940725000000000477e+00
5.122599999999999909e+01,9.950302000000000646e+00
5.123100000000000165e+01,9.959877999999999787e+00
5.123700000000000188e+01,9.902418000000000831e+00
5.124300000000000210e+01,9.979032000000000124e+00
5.124799999999999756e+01,9.892841000000000662e+00
5.125399999999999778e+01,9.940725000000000477e+00
5.125900000000000034e+01,9.931148000000000309e+00
5.126500000000000057e+01,9.902418000000000831e+00
5.127000000000000313e+01,9.950302000000000646e+00
5.127600000000000335e+01,9.940725000000000477e+00
5.128199999999999648e+01,9.940725000000000477e+00
5.128699999999999903e+01,9.873687000000000324e+00
5.129299999999999926e+01,9.959877999999999787e+00
5.129800000000000182e+01,9.959877999999999787e+00
5.130400000000000205e+01,9.835380000000000678e+00
5.131000000000000227e+01,9.950302000000000646e+00
5.131499999999999773e+01,9.921571000000000140e+00
5.132099999999999795e+01,9.959877999999999787e+00
5.132600000000000051e+01,9.959877999999999787e+00
5.133200000000000074e+01,9.969454999999999956e+00
5.133700000000000330e+01,9.873687000000000324e+00
5.134300000000000352e+01,9.988609000000000293e+00
5.134899999999999665e+01,1.000776199999999960e+01
5.135399999999999920e+01,9.911993999999999971e+00
5.135999999999999943e+01,9.892841000000000662e+00
5.136500000000000199e+01,9.911993999999999971e+00
5.137100000000000222e+01,9.959877999999999787e+00
5.137700000000000244e+01,9.959877999999999787e+00
5.138199999999999790e+01,9.950302000000000646e+00
5.138799999999999812e+01,9.892841000000000662e+00
5.139300000000000068e+01,9.950302000000000646e+00
5.139900000000000091e+01,9.979032000000000124e+00
5.140500000000000114e+01,9.892841000000000662e+00
5.140999999999999659e+01,9.959877999999999787e+00
5.141599999999999682e+01,9.950302000000000646e+00
5.142199999999999704e+01,9.950302000000000646e+00
5.142699999999999960e+01,9.979032000000000124e+00
5.143200000000000216e+01,9.902418000000000831e+00
5.143800000000000239e+01,9.979032000000000124e+00
5.144400000000000261e+01,9.940725000000000477e+00
5.144899999999999807e+01,9.950302000000000646e+00
5.145499999999999829e+01,9.921571000000000140e+00
5.146099999999999852e+01,9.921571000000000140e+00
5.146600000000000108e+01,9.921571000000000140e+00
5.147200000000000131e+01,9.950302000000000646e+00
5.147699999999999676e+01,9.950302000000000646e+00
5.148299999999999699e+01,9.921571000000000140e+00
5.148799999999999955e+01,9.940725000000000477e+00
5.149399999999999977e+01,9.931148000000000309e+00
5.150000000000000000e+01,9.921571000000000140e+00
5.150500000000000256e+01,9.931148000000000309e+00
5.151100000000000279e+01,9.969454999999999956e+00
5.151599999999999824e+01,9.921571000000000140e+00
5.152199999999999847e+01,9.998186000000000462e+00
5.152799999999999869e+01,9.911993999999999971e+00
5.153300000000000125e+01,9.979032000000000124e+00
5.153900000000000148e+01,9.950302000000000646e+00
5.154399999999999693e+01,9.940725000000000477e+00
5.154999999999999716e+01,9.902418000000000831e+00
5.155499999999999972e+01,9.902418000000000831e+00
5.156099999999999994e+01,9.940725000000000477e+00
5.156700000000000017e+01,9.921571000000000140e+00
5.157200000000000273e+01,9.911993999999999971e+00
5.157800000000000296e+01,9.892841000000000662e+00
5.158299999999999841e+01,9.902418000000000831e+00
5.158899999999999864e+01,9.921571000000000140e+00
5.159499999999999886e+01,9.931148000000000309e+00
5.160000000000000142e+01,9.931148000000000309e+00
5.160600000000000165e+01,9.931148000000000309e+00
5.161099999999999710e+01,9.931148000000000309e+00
5.161699999999999733e+01,9.931148000000000309e+00
5.162199999999999989e+01,9.998186000000000462e+00
5.162800000000000011e+01,9.950302000000000646e+00
5.163400000000000034e+01,9.902418000000000831e+00
5.163900000000000290e+01,9.873687000000000324e+00
5.164500000000000313e+01,9.911993999999999971e+00
5.164999999999999858e+01,9.950302000000000646e+00
5.165599999999999881e+01,9.931148000000000309e+00
5.166100000000000136e+01,9.959877999999999787e+00
5.166700000000000159e+01,9.911993999999999971e+00
5.167300000000000182e+01,9.940725000000000477e+00
5.167799999999999727e+01,9.959877999999999787e+00
5.168399999999999750e+01,9.892841000000000662e+00
5.168900000000000006e+01,1.000776199999999960e+01
5.169500000000000028e+01,1.000776199999999960e+01
5.170100000000000051e+01,9.931148000000000309e+00
5.170600000000000307e+01,9.902418000000000831e+00
5.171200000000000330e+01,9.892841000000000662e+00
5.171699999999999875e+01,9.950302000000000646e+00
5.172299999999999898e+01,9.931148000000000309e+00
5.172899999999999920e+01,1.000776199999999960e+01
5.173400000000000176e+01,9.940725000000000477e+00
5.174000000000000199e+01,9.959877999999999787e+00
5.174600000000000222e+01,9.844957000000000846e+00
5.175099999999999767e+01,9.931148000000000309e+00
5.175699999999999790e+01,9.892841000000000662e+00
5.176200000000000045e+01,9.950302000000000646e+00
5.176800000000000068e+01,9.998186000000000462e+00
5.177400000000000091e+01,9.940725000000000477e+00
5.177900000000000347e+01,9.931148000000000309e+00
5.178499999999999659e+01,9.950302000000000646e+00
5.178999999999999915e+01,1.001733899999999977e+01
5.179599999999999937e+01,9.940725000000000477e+00
5.180100000000000193e+01,9.969454999999999956e+00
5.180700000000000216e+01,9.950302000000000646e+00
5.181300000000000239e+01,9.950302000000000646e+00
5.181799999999999784e+01,9.931148000000000309e+00
5.182399999999999807e+01,9.911993999999999971e+00
5.182900000000000063e+01,9.959877999999999787e+00
5.183500000000000085e+01,9.940725000000000477e+00
5.184100000000000108e+01,9.959877999999999787e+00
5.184599999999999653e+01,9.988609000000000293e+00
5.185199999999999676e+01,9.911993999999999971e+00
5.185699999999999932e+01,9.892841000000000662e+00
5.186299999999999955e+01,9.959877999999999787e+00
5.186899999999999977e+01,9.950302000000000646e+00
5.187400000000000233e+01,9.931148000000000309e+00
5.188000000000000256e+01,9.902418000000000831e+00
5.188600000000000279e+01,9.959877999999999787e+00
5.189099999999999824e+01,9.931148000000000309e+00
5.189699999999999847e+01,9.902418000000000831e+00
5.190200000000000102e+01,9.969454999999999956e+00
5.190800000000000125e+01,9.940725000000000477e+00
5.191299999999999670e+01,9.921571000000000140e+00
5.191899999999999693e+01,9.902418000000000831e+00
5.192499999999999716e+01,9.950302000000000646e+00
5.192999999999999972e+01,9.873687000000000324e+00
5.193599999999999994e+01,9.864110000000000156e+00
5.194100000000000250e+01,9.959877999999999787e+00
5.194700000000000273e+01,9.959877999999999787e+00
5.195199999999999818e+01,9.931148000000000309e+00
5.195799999999999841e+01,9.979032000000000124e+00
5.196399999999999864e+01,9.988609000000000293e+00
5.196900000000000119e+01,9.902418000000000831e+00
5.197500000000000142e+01,9.969454999999999956e+00
5.197999999999999687e+01,9.940725000000000477e+00
5.198599999999999710e+01,9.892841000000000662e+00
5.199199999999999733e+01,9.911993999999999971e+00
5.199699999999999989e+01,9.902418000000000831e+00
5.200300000000000011e+01,9.940725000000000477e+00
5.200800000000000267e+01,9.902418000000000831e+00
5.201400000000000290e+01,9.988609000000000293e+00
5.202000000000000313e+01,9.950302000000000646e+00
5.202499999999999858e+01,9.931148000000000309e+00
5.203099999999999881e+01,9.998186000000000462e+00
5.203600000000000136e+01,9.911993999999999971e+00
5.204200000000000159e+01,9.979032000000000124e+00
5.204699999999999704e+01,1.001733899999999977e+01
5.205299999999999727e+01,9.950302000000000646e+00
5.205899999999999750e+01,9.940725000000000477e+00
5.206400000000000006e+01,9.988609000000000293e+00
5.207000000000000028e+01,9.988609000000000293e+00
5.207600000000000051e+01,9.921571000000000140e+00
5.208100000000000307e+01,9.940725000000000477e+00
5.208700000000000330e+01,9.979032000000000124e+00
5.209300000000000352e+01,9.864110000000000156e+00
5.209799999999999898e+01,9.988609000000000293e+00
5.210300000000000153e+01,9.959877999999999787e+00
5.210900000000000176e+01,9.911993999999999971e+00
5.211500000000000199e+01,9.969454999999999956e+00
5.211999999999999744e+01,9.864110000000000156e+00
5.212599999999999767e+01,9.950302000000000646e+00
5.213199999999999790e+01,1.002691599999999994e+01
5.213700000000000045e+01,9.969454999999999956e+00
5.214300000000000068e+01,9.873687000000000324e+00
5.214800000000000324e+01,9.969454999999999956e+00
5.215400000000000347e+01,9.959877999999999787e+00
5.215999999999999659e+01,9.911993999999999971e+00
5.216499999999999915e+01,9.959877999999999787e+00
5.217099999999999937e+01,9.892841000000000662e+00
5.217600000000000193e+01,9.969454999999999956e+00
5.218200000000000216e+01,9.864110000000000156e+00
5.218800000000000239e+01,9.873687000000000324e+00
5.219299999999999784e+01,9.950302000000000646e+00
5.219899999999999807e+01,9.940725000000000477e+00
5.220400000000000063e+01,9.892841000000000662e+00
5.221000000000000085e+01,9.892841000000000662e+00
5.221500000000000341e+01,9.931148000000000309e+00
5.222099999999999653e+01,9.940725000000000477e+00
5.222699999999999676e+01,9.959877999999999787e+00
5.223199999999999932e+01,9.883264000000000493e+00
5.223799999999999955e+01,9.911993999999999971e+00
5.224300000000000210e+01,9.902418000000000831e+00
5.224900000000000233e+01,9.931148000000000309e+00
5.225500000000000256e+01,9.873687000000000324e+00
5.225999999999999801e+01,9.959877999999999787e+00
5.226599999999999824e+01,9.921571000000000140e+00
5.227100000000000080e+01,9.854533999999999239e+00
5.227700000000000102e+01,9.959877999999999787e+00
5.228300000000000125e+01,9.902418000000000831e+00
5.228799999999999670e+01,9.969454999999999956e+00
5.229399999999999693e+01,9.931148000000000309e+00
5.229999999999999716e+01,9.911993999999999971e+00
5.230499999999999972e+01,9.931148000000000309e+00
5.231099999999999994e+01,9.988609000000000293e+00
5.231600000000000250e+01,9.959877999999999787e+00
5.232200000000000273e+01,9.950302000000000646e+00
5.232800000000000296e+01,9.969454999999999956e+00
5.233299999999999841e+01,9.940725000000000477e+00
5.233899999999999864e+01,9.931148000000000309e+00
5.234400000000000119e+01,9.921571000000000140e+00
5.235000000000000142e+01,9.998186000000000462e+00
5.235600000000000165e+01,9.931148000000000309e+00
5.236200000000000188e+01,9.998186000000000462e+00
5.236699999999999733e+01,9.950302000000000646e+00
5.237299999999999756e+01,9.959877999999999787e+00
5.237800000000000011e+01,9.921571000000000140e+00
5.238400000000000034e+01,9.969454999999999956e+00
5.239000000000000057e+01,9.940725000000000477e+00
5.239600000000000080e+01,9.883264000000000493e+00
5.240100000000000335e+01,9.969454999999999956e+00
5.240699999999999648e+01,9.950302000000000646e+00
5.241299999999999670e+01,9.892841000000000662e+00
5.241899999999999693e+01,9.911993999999999971e+00
5.242399999999999949e+01,9.959877999999999787e+00
5.242999999999999972e+01,9.988609000000000293e+00
5.243599999999999994e+01,9.911993999999999971e+00
5.244100000000000250e+01,9.940725000000000477e+00
5.244700000000000273e+01,9.940725000000000477e+00
5.245300000000000296e+01,9.940725000000000477e+00
5.245799999999999841e+01,1.002691599999999994e+01
5.246399999999999864e+01,9.998186000000000462e+00
5.246999999999999886e+01,9.950302000000000646e+00
5.247500000000000142e+01,9.892841000000000662e+00
5.248100000000000165e+01,9.988609000000000293e+00
5.248599999999999710e+01,9.902418000000000831e+00
5.249199999999999733e+01,9.931148000000000309e+00
5.249799999999999756e+01,9.931148000000000309e+00
5.250399999999999778e+01,9.988609000000000293e+00
5.250900000000000034e+01,9.969454999999999956e+00
5.251500000000000057e+01,9.864110000000000156e+00
5.252000000000000313e+01,9.931148000000000309e+00
5.252600000000000335e+01,9.988609000000000293e+00
5.253199999999999648e+01,9.988609000000000293e+00
5.253699999999999903e+01,9.959877999999999787e+00
5.254299999999999926e+01,9.950302000000000646e+00
5.254800000000000182e+01,9.959877999999999787e+00
5.255400000000000205e+01,9.931148000000000309e+00
5.256000000000000227e+01,9.988609000000000293e+00
5.256600000000000250e+01,9.959877999999999787e+00
5.257099999999999795e+01,9.959877999999999787e+00
5.257699999999999818e+01,9.969454999999999956e+00
5.258299999999999841e+01,9.873687000000000324e+00
5.258899999999999864e+01,9.998186000000000462e+00
5.259400000000000119e+01,9.921571000000000140e+00
5.260000000000000142e+01,9.844957000000000846e+00
5.260499999999999687e+01,9.940725000000000477e+00
5.261099999999999710e+01,9.921571000000000140e+00
5.261699999999999733e+01,9.979032000000000124e+00
5.262299999999999756e+01,9.902418000000000831e+00
5.262800000000000011e+01,9.883264000000000493e+00
5.263400000000000034e+01,9.921571000000000140e+00
5.264000000000000057e+01,9.921571000000000140e+00
5.264500000000000313e+01,9.959877999999999787e+00
5.265100000000000335e+01,9.959877999999999787e+00
5.265599999999999881e+01,9.959877999999999787e+00
5.266199999999999903e+01,9.940725000000000477e+00
5.266700000000000159e+01,9.931148000000000309e+00
5.267300000000000182e+01,9.892841000000000662e+00
5.267900000000000205e+01,9.883264000000000493e+00
5.268399999999999750e+01,9.959877999999999787e+00
5.268999999999999773e+01,1.000776199999999960e+01
5.269599999999999795e+01,9.940725000000000477e+00
5.270100000000000051e+01,9.931148000000000309e+00
5.270700000000000074e+01,9.892841000000000662e+00
5.271300000000000097e+01,9.864110000000000156e+00
5.271800000000000352e+01,9.931148000000000309e+00
5.272399999999999665e+01,9.940725000000000477e+00
5.272999999999999687e+01,9.931148000000000309e+00
5.273499999999999943e+01,9.902418000000000831e+00
5.274099999999999966e+01,9.911993999999999971e+00
5.274600000000000222e+01,9.988609000000000293e+00
5.275200000000000244e+01,9.931148000000000309e+00
5.275800000000000267e+01,9.940725000000000477e+00
5.276299999999999812e+01,9.921571000000000140e+00
5.276899999999999835e+01,9.979032000000000124e+00
5.277499999999999858e+01,9.921571000000000140e+00
5.278000000000000114e+01,9.988609000000000293e+00
5.278600000000000136e+01,9.988609000000000293e+00
5.279200000000000159e+01,9.940725000000000477e+00
5.279699999999999704e+01,9.940725000000000477e+00
5.280299999999999727e+01,9.873687000000000324e+00
5.280799999999999983e+01,9.969454999999999956e+00
5.281400000000000006e+01,9.950302000000000646e+00
5.282000000000000028e+01,9.950302000000000646e+00
5.282600000000000051e+01,9.931148000000000309e+00
5.283100000000000307e+01,9.921571000000000140e+00
5.283700000000000330e+01,9.979032000000000124e+00
5.284199999999999875e+01,9.950302000000000646e+00
5.284799999999999898e+01,9.911993999999999971e+00
5.285399999999999920e+01,9.969454999999999956e+00
5.285999999999999943e+01,9.931148000000000309e+00
5.286500000000000199e+01,9.979032000000000124e+00
5.287100000000000222e+01,9.998186000000000462e+00
5.287700000000000244e+01,9.931148000000000309e+00
5.288300000000000267e+01,9.864110000000000156e+00
5.288799999999999812e+01,9.931148000000000309e+00
5.289399999999999835e+01,9.892841000000000662e+00
5.289900000000000091e+01,9.931148000000000309e+00
5.290500000000000114e+01,9.988609000000000293e+00
5.291100000000000136e+01,9.902418000000000831e+00
5.291599999999999682e+01,9.911993999999999971e+00
5.292199999999999704e+01,9.940725000000000477e+00
5.292699999999999960e+01,9.979032000000000124e+00
5.293299999999999983e+01,9.902418000000000831e+00
5.293900000000000006e+01,9.959877999999999787e+00
5.294500000000000028e+01,9.892841000000000662e+00
5.295000000000000284e+01,9.998186000000000462e+00
5.295600000000000307e+01,9.931148000000000309e+00
5.296200000000000330e+01,9.979032000000000124e+00
5.296800000000000352e+01,9.998186000000000462e+00
5.297299999999999898e+01,9.921571000000000140e+00
5.297899999999999920e+01,9.892841000000000662e+00
5.298400000000000176e+01,9.979032000000000124e+00
5.299000000000000199e+01,9.902418000000000831e+00
5.299600000000000222e+01,9.892841000000000662e+00
5.300200000000000244e+01,9.883264000000000493e+00
5.300699999999999790e+01,9.902418000000000831e+00
5.301299999999999812e+01,9.921571000000000140e+00
5.301899999999999835e+01,9.959877999999999787e+00
5.302499999999999858e+01,9.940725000000000477e+00
5.303000000000000114e+01,9.921571000000000140e+00
5.303600000000000136e+01,1.004607000000000028e+01
5.304200000000000159e+01,9.950302000000000646e+00
5.304699999999999704e+01,9.959877999999999787e+00
5.305299999999999727e+01,9.911993999999999971e+00
5.305899999999999750e+01,9.902418000000000831e+00
5.306400000000000006e+01,9.892841000000000662e+00
5.307000000000000028e+01,9.950302000000000646e+00
5.307600000000000051e+01,9.998186000000000462e+00
5.308100000000000307e+01,9.892841000000000662e+00
5.308700000000000330e+01,9.931148000000000309e+00
5.309199999999999875e+01,9.902418000000000831e+00
5.309799999999999898e+01,9.959877999999999787e+00
5.310399999999999920e+01,9.873687000000000324e+00
5.310999999999999943e+01,1.000776199999999960e+01
5.311500000000000199e+01,9.902418000000000831e+00
5.312100000000000222e+01,9.931148000000000309e+00
5.312599999999999767e+01,9.969454999999999956e+00
5.313199999999999790e+01,9.979032000000000124e+00
5.313799999999999812e+01,9.940725000000000477e+00
5.314399999999999835e+01,9.950302000000000646e+00
5.314900000000000091e+01,9.950302000000000646e+00
5.315500000000000114e+01,9.854533999999999239e+00
5.316100000000000136e+01,9.931148000000000309e+00
5.316599999999999682e+01,9.950302000000000646e+00
5.317199999999999704e+01,9.969454999999999956e+00
5.317699999999999960e+01,9.892841000000000662e+00
5.318299999999999983e+01,9.950302000000000646e+00
5.318800000000000239e+01,9.921571000000000140e+00
5.319400000000000261e+01,9.931148000000000309e+00
5.320000000000000284e+01,9.950302000000000646e+00
5.320600000000000307e+01,9.969454999999999956e+00
5.321099999999999852e+01,9.969454999999999956e+00
5.321699999999999875e+01,9.959877999999999787e+00
5.322200000000000131e+01,9.988609000000000293e+00
5.322800000000000153e+01,9.921571000000000140e+00
5.323400000000000176e+01,9.979032000000000124e+00
5.323899999999999721e+01,9.959877999999999787e+00
5.324499999999999744e+01,9.921571000000000140e+00
5.325099999999999767e+01,9.931148000000000309e+00
5.325699999999999790e+01,9.959877999999999787e+00
5.326200000000000045e+01,9.892841000000000662e+00
5.326800000000000068e+01,9.921571000000000140e+00
5.327300000000000324e+01,1.000776199999999960e+01
5.327900000000000347e+01,9.931148000000000309e+00
5.328499999999999659e+01,9.969454999999999956e+00
5.329099999999999682e+01,9.873687000000000324e+00
5.329599999999999937e+01,9.969454999999999956e+00
5.330199999999999960e+01,1.001733899999999977e+01
5.330799999999999983e+01,9.892841000000000662e+00
5.331400000000000006e+01,9.931148000000000309e+00
5.331900000000000261e+01,9.931148000000000309e+00
5.332500000000000284e+01,9.950302000000000646e+00
5.332999999999999829e+01,9.911993999999999971e+00
5.333599999999999852e+01,1.001733899999999977e+01
5.334199999999999875e+01,9.902418000000000831e+00
5.334799999999999898e+01,9.911993999999999971e+00
5.335300000000000153e+01,9.911993999999999971e+00
5.335900000000000176e+01,9.959877999999999787e+00
5.336500000000000199e+01,9.873687000000000324e+00
5.336999999999999744e+01,9.911993999999999971e+00
5.337599999999999767e+01,1.004607000000000028e+01
5.338199999999999790e+01,9.931148000000000309e+00
5.338700000000000045e+01,9.969454999999999956e+00
5.339300000000000068e+01,9.959877999999999787e+00
5.339900000000000091e+01,9.959877999999999787e+00
5.340400000000000347e+01,9.854533999999999239e+00
5.340999999999999659e+01,9.892841000000000662e+00
5.341499999999999915e+01,9.911993999999999971e+00
5.342099999999999937e+01,9.950302000000000646e+00
5.342699999999999960e+01,9.979032000000000124e+00
5.343200000000000216e+01,9.921571000000000140e+00
5.343800000000000239e+01,9.931148000000000309e+00
5.344299999999999784e+01,9.902418000000000831e+00
5.344899999999999807e+01,9.806649999999999423e+00
5.345499999999999829e+01,9.950302000000000646e+00
5.346099999999999852e+01,9.988609000000000293e+00
5.346600000000000108e+01,9.931148000000000309e+00
5.347200000000000131e+01,9.959877999999999787e+00
5.347800000000000153e+01,9.950302000000000646e+00
5.348299999999999699e+01,9.979032000000000124e+00
5.348899999999999721e+01,9.931148000000000309e+00
5.349399999999999977e+01,1.003649300000000011e+01
5.350000000000000000e+01,9.911993999999999971e+00
5.350600000000000023e+01,9.959877999999999787e+00
5.351100000000000279e+01,9.921571000000000140e+00
5.351700000000000301e+01,9.950302000000000646e+00
5.352300000000000324e+01,9.835380000000000678e+00
5.352799999999999869e+01,9.979032000000000124e+00
5.353399999999999892e+01,9.998186000000000462e+00
5.353999999999999915e+01,9.950302000000000646e+00
5.354500000000000171e+01,9.921571000000000140e+00
5.355100000000000193e+01,1.000776199999999960e+01
5.355599999999999739e+01,9.931148000000000309e+00
5.356199999999999761e+01,9.931148000000000309e+00
5.356799999999999784e+01,9.911993999999999971e+00
5.357300000000000040e+01,9.959877999999999787e+00
5.357900000000000063e+01,9.892841000000000662e+00
5.358500000000000085e+01,9.940725000000000477e+00
5.359000000000000341e+01,9.950302000000000646e+00
5.359599999999999653e+01,1.000776199999999960e+01
5.360199999999999676e+01,9.940725000000000477e+00
5.360799999999999699e+01,9.883264000000000493e+00
5.361299999999999955e+01,9.940725000000000477e+00
5.361899999999999977e+01,9.940725000000000477e+00
5.362500000000000000e+01,9.892841000000000662e+00
5.363000000000000256e+01,1.000776199999999960e+01
5.363600000000000279e+01,1.002691599999999994e+01
5.364200000000000301e+01,9.959877999999999787e+00
5.364699999999999847e+01,9.931148000000000309e+00
5.365299999999999869e+01,1.001733899999999977e+01
5.365899999999999892e+01,9.950302000000000646e+00
5.366499999999999915e+01,9.950302000000000646e+00
5.367000000000000171e+01,9.931148000000000309e+00
5.367600000000000193e+01,9.902418000000000831e+00
5.368200000000000216e+01,9.998186000000000462e+00
5.368800000000000239e+01,9.931148000000000309e+00
5.369299999999999784e+01,9.998186000000000462e+00
5.369899999999999807e+01,9.969454999999999956e+00
5.370400000000000063e+01,9.940725000000000477e+00
5.371000000000000085e+01,9.950302000000000646e+00
5.371600000000000108e+01,9.940725000000000477e+00
5.372200000000000131e+01,9.969454999999999956e+00
5.372699999999999676e+01,9.921571000000000140e+00
5.373299999999999699e+01,9.931148000000000309e+00
5.373899999999999721e+01,9.931148000000000309e+00
5.374499999999999744e+01,1.001733899999999977e+01
5.375000000000000000e+01,1.004607000000000028e+01
5.375600000000000023e+01,9.931148000000000309e+00
5.376200000000000045e+01,9.950302000000000646e+00
5.376700000000000301e+01,9.931148000000000309e+00
5.377300000000000324e+01,9.825803000000000509e+00
5.377900000000000347e+01,9.979032000000000124e+00
5.378399999999999892e+01,9.883264000000000493e+00
5.378999999999999915e+01,9.988609000000000293e+00
5.379599999999999937e+01,9.940725000000000477e+00
5.380199999999999960e+01,9.931148000000000309e+00
5.380700000000000216e+01,9.902418000000000831e+00
5.381300000000000239e+01,9.979032000000000124e+00
5.381799999999999784e+01,9.931148000000000309e+00
5.382399999999999807e+01,9.940725000000000477e+00
5.382999999999999829e+01,9.969454999999999956e+00
5.383500000000000085e+01,9.931148000000000309e+00
5.384100000000000108e+01,9.921571000000000140e+00
5.384599999999999653e+01,9.931148000000000309e+00
5.385199999999999676e+01,9.969454999999999956e+00
5.385799999999999699e+01,9.902418000000000831e+00
5.386299999999999955e+01,9.921571000000000140e+00
5.386899999999999977e+01,9.950302000000000646e+00
5.387400000000000233e+01,9.959877999999999787e+00
5.388000000000000256e+01,9.959877999999999787e+00
5.388600000000000279e+01,9.940725000000000477e+00
5.389200000000000301e+01,9.959877999999999787e+00
5.389699999999999847e+01,9.988609000000000293e+00
5.390299999999999869e+01,9.911993999999999971e+00
5.390800000000000125e+01,9.998186000000000462e+00
5.391400000000000148e+01,9.911993999999999971e+00
5.392000000000000171e+01,9.988609000000000293e+00
5.392499999999999716e+01,9.979032000000000124e+00
5.393099999999999739e+01,9.892841000000000662e+00
5.393599999999999994e+01,9.988609000000000293e+00
5.394200000000000017e+01,9.969454999999999956e+00
5.394800000000000040e+01,9.931148000000000309e+00
5.395400000000000063e+01,9.979032000000000124e+00
5.395900000000000318e+01,9.998186000000000462e+00
5.396500000000000341e+01,9.959877999999999787e+00
5.397099999999999653e+01,1.004607000000000028e+01
5.397699999999999676e+01,9.883264000000000493e+00
5.398199999999999932e+01,1.002691599999999994e+01
5.398799999999999955e+01,9.988609000000000293e+00
5.399300000000000210e+01,9.998186000000000462e+00
5.399900000000000233e+01,9.979032000000000124e+00
5.400500000000000256e+01,9.883264000000000493e+00
5.400999999999999801e+01,1.001733899999999977e+01
5.401599999999999824e+01,9.864110000000000156e+00
5.402199999999999847e+01,9.940725000000000477e+00
5.402700000000000102e+01,9.979032000000000124e+00
5.403300000000000125e+01,9.940725000000000477e+00
5.403900000000000148e+01,9.864110000000000156e+00
5.404399999999999693e+01,9.892841000000000662e+00
5.404999999999999716e+01,9.892841000000000662e+00
5.405599999999999739e+01,9.979032000000000124e+00
5.406199999999999761e+01,9.959877999999999787e+00
5.406700000000000017e+01,9.969454999999999956e+00
5.407300000000000040e+01,9.921571000000000140e+00
5.407800000000000296e+01,9.969454999999999956e+00
5.408400000000000318e+01,9.921571000000000140e+00
5.409000000000000341e+01,9.883264000000000493e+00
5.409499999999999886e+01,9.931148000000000309e+00
5.410099999999999909e+01,9.931148000000000309e+00
5.410600000000000165e+01,1.000776199999999960e+01
5.411200000000000188e+01,9.998186000000000462e+00
5.411800000000000210e+01,1.000776199999999960e+01
5.412400000000000233e+01,9.902418000000000831e+00
5.412899999999999778e+01,9.864110000000000156e+00
5.413499999999999801e+01,9.921571000000000140e+00
5.414000000000000057e+01,9.969454999999999956e+00
5.414600000000000080e+01,9.902418000000000831e+00
5.415200000000000102e+01,9.892841000000000662e+00
5.415699999999999648e+01,9.950302000000000646e+00
5.416299999999999670e+01,9.873687000000000324e+00
5.416899999999999693e+01,9.979032000000000124e+00
5.417399999999999949e+01,9.959877999999999787e+00
5.417999999999999972e+01,9.931148000000000309e+00
5.418599999999999994e+01,9.988609000000000293e+00
5.419100000000000250e+01,9.883264000000000493e+00
5.419700000000000273e+01,9.902418000000000831e+00
5.420300000000000296e+01,9.921571000000000140e+00
5.420799999999999841e+01,9.950302000000000646e+00
5.421399999999999864e+01,9.931148000000000309e+00
5.421900000000000119e+01,9.883264000000000493e+00
5.422500000000000142e+01,9.988609000000000293e+00
5.422999999999999687e+01,9.950302000000000646e+00
5.423599999999999710e+01,9.864110000000000156e+00
5.424199999999999733e+01,9.864110000000000156e+00
5.424699999999999989e+01,9.921571000000000140e+00
5.425300000000000011e+01,9.940725000000000477e+00
5.425900000000000034e+01,9.950302000000000646e+00
5.426400000000000290e+01,9.911993999999999971e+00
5.427000000000000313e+01,9.959877999999999787e+00
5.427600000000000335e+01,9.969454999999999956e+00
5.428099999999999881e+01,9.950302000000000646e+00
5.428699999999999903e+01,9.931148000000000309e+00
5.429299999999999926e+01,9.902418000000000831e+00
5.429800000000000182e+01,9.931148000000000309e+00
5.430400000000000205e+01,9.940725000000000477e+00
5.430899999999999750e+01,9.950302000000000646e+00
5.431499999999999773e+01,9.940725000000000477e+00
5.432099999999999795e+01,9.902418000000000831e+00
5.432600000000000051e+01,9.902418000000000831e+00
5.433200000000000074e+01,9.883264000000000493e+00
5.433800000000000097e+01,9.902418000000000831e+00
5.434300000000000352e+01,9.883264000000000493e+00
5.434899999999999665e+01,9.921571000000000140e+00
5.435399999999999920e+01,7.364563999999999666e+00
5.435999999999999943e+01,1.141555299999999917e+01
5.436599999999999966e+01,9.854533999999999239e+00
5.437100000000000222e+01,6.943183999999999578e+00
5.437700000000000244e+01,1.121443999999999974e+01
5.438300000000000267e+01,1.044829599999999914e+01
5.438900000000000290e+01,1.033337399999999917e+01
5.439399999999999835e+01,8.044517000000000806e+00
5.439999999999999858e+01,1.160708900000000021e+01
5.440599999999999881e+01,1.144428300000000043e+01
5.441199999999999903e+01,7.230489000000000388e+00
5.441700000000000159e+01,1.127190099999999973e+01
5.442300000000000182e+01,1.042914200000000058e+01
5.442900000000000205e+01,8.820237999999999801e+00
5.443500000000000227e+01,1.027591299999999919e+01
5.443999999999999773e+01,1.012268399999999957e+01
5.444599999999999795e+01,1.017056799999999939e+01
5.445199999999999818e+01,9.232041000000000608e+00
5.445799999999999841e+01,1.044829599999999914e+01
5.446399999999999864e+01,1.045787200000000006e+01
5.446900000000000119e+01,8.753201000000000676e+00
5.447500000000000142e+01,1.050575599999999987e+01
5.448100000000000165e+01,9.959877999999999787e+00
5.448700000000000188e+01,9.548076000000000008e+00
5.449199999999999733e+01,1.018972199999999972e+01
5.449799999999999756e+01,9.988609000000000293e+00
5.450300000000000011e+01,1.012268399999999957e+01
5.450900000000000034e+01,9.481037999999999855e+00
5.451500000000000057e+01,1.012268399999999957e+01
5.452100000000000080e+01,1.012268399999999957e+01
5.452600000000000335e+01,9.270348000000000255e+00
5.453199999999999648e+01,1.037168100000000059e+01
5.453799999999999670e+01,1.009395400000000009e+01
5.454399999999999693e+01,9.653420999999999808e+00
5.454899999999999949e+01,1.016099099999999922e+01
5.455499999999999972e+01,9.883264000000000493e+00
5.456000000000000227e+01,1.005564599999999942e+01
5.456600000000000250e+01,9.768342000000000525e+00
5.457200000000000273e+01,1.008437699999999992e+01
5.457800000000000296e+01,9.825803000000000509e+00
5.458299999999999841e+01,9.739611999999999270e+00
5.458899999999999864e+01,1.015141500000000008e+01
5.459499999999999886e+01,9.883264000000000493e+00
5.460000000000000142e+01,9.873687000000000324e+00
5.460600000000000165e+01,9.998186000000000462e+00
5.461200000000000188e+01,9.911993999999999971e+00
5.461699999999999733e+01,9.844957000000000846e+00
5.462299999999999756e+01,9.864110000000000156e+00
5.462899999999999778e+01,9.979032000000000124e+00
5.463400000000000034e+01,9.979032000000000124e+00
5.464000000000000057e+01,9.931148000000000309e+00
5.464500000000000313e+01,9.902418000000000831e+00
5.465100000000000335e+01,9.998186000000000462e+00
5.465599999999999881e+01,9.864110000000000156e+00
5.466199999999999903e+01,9.921571000000000140e+00
5.466799999999999926e+01,1.006522299999999959e+01
5.467300000000000182e+01,9.854533999999999239e+00
5.467900000000000205e+01,9.940725000000000477e+00
5.468500000000000227e+01,9.969454999999999956e+00
5.468999999999999773e+01,9.892841000000000662e+00
5.469599999999999795e+01,9.902418000000000831e+00
5.470199999999999818e+01,1.001733899999999977e+01
5.470700000000000074e+01,9.998186000000000462e+00
5.471300000000000097e+01,9.873687000000000324e+00
5.471900000000000119e+01,9.979032000000000124e+00
5.472500000000000142e+01,9.959877999999999787e+00
5.472999999999999687e+01,9.931148000000000309e+00
5.473599999999999710e+01,1.003649300000000011e+01
5.474199999999999733e+01,9.892841000000000662e+00
5.474699999999999989e+01,9.883264000000000493e+00
5.475300000000000011e+01,9.988609000000000293e+00
5.475800000000000267e+01,9.950302000000000646e+00
5.476400000000000290e+01,9.892841000000000662e+00
5.477000000000000313e+01,9.902418000000000831e+00
5.477499999999999858e+01,9.959877999999999787e+00
5.478099999999999881e+01,9.988609000000000293e+00
5.478699999999999903e+01,9.959877999999999787e+00
5.479200000000000159e+01,9.950302000000000646e+00
5.479800000000000182e+01,9.959877999999999787e+00
5.480299999999999727e+01,9.969454999999999956e+00
5.480899999999999750e+01,9.883264000000000493e+00
5.481499999999999773e+01,9.940725000000000477e+00
5.482000000000000028e+01,9.998186000000000462e+00
5.482600000000000051e+01,9.979032000000000124e+00
5.483100000000000307e+01,9.940725000000000477e+00
5.483700000000000330e+01,9.940725000000000477e+00
5.484300000000000352e+01,9.959877999999999787e+00
5.484899999999999665e+01,1.001733899999999977e+01
5.485399999999999920e+01,9.940725000000000477e+00
5.485999999999999943e+01,9.979032000000000124e+00
5.486599999999999966e+01,9.902418000000000831e+00
5.487199999999999989e+01,9.911993999999999971e+00
5.487700000000000244e+01,9.940725000000000477e+00
5.488300000000000267e+01,9.950302000000000646e+00
5.488799999999999812e+01,9.979032000000000124e+00
5.489399999999999835e+01,9.988609000000000293e+00
5.489999999999999858e+01,1.002691599999999994e+01
5.490500000000000114e+01,9.979032000000000124e+00
5.491100000000000136e+01,9.911993999999999971e+00
5.491599999999999682e+01,9.988609000000000293e+00
5.492199999999999704e+01,9.959877999999999787e+00
5.492799999999999727e+01,9.931148000000000309e+00
5.493900000000000006e+01,9.950302000000000646e+00
5.494500000000000028e+01,9.950302000000000646e+00
5.495000000000000284e+01,9.883264000000000493e+00
5.495600000000000307e+01,9.988609000000000293e+00
5.496200000000000330e+01,9.892841000000000662e+00
5.496699999999999875e+01,9.883264000000000493e+00
5.497299999999999898e+01,9.959877999999999787e+00
5.497800000000000153e+01,9.883264000000000493e+00
5.498400000000000176e+01,9.959877999999999787e+00
5.499000000000000199e+01,1.005564599999999942e+01
5.499600000000000222e+01,9.998186000000000462e+00
5.500099999999999767e+01,9.979032000000000124e+00
5.500699999999999790e+01,9.950302000000000646e+00
5.501299999999999812e+01,1.002691599999999994e+01
5.501899999999999835e+01,9.883264000000000493e+00
5.502400000000000091e+01,9.931148000000000309e+00
5.503000000000000114e+01,1.000776199999999960e+01
5.503600000000000136e+01,9.902418000000000831e+00
5.504200000000000159e+01,9.931148000000000309e+00
5.504699999999999704e+01,9.902418000000000831e+00
5.505299999999999727e+01,9.940725000000000477e+00
5.505799999999999983e+01,9.959877999999999787e+00
5.506400000000000006e+01,9.864110000000000156e+00
5.507000000000000028e+01,9.931148000000000309e+00
5.507500000000000284e+01,9.969454999999999956e+00
5.508100000000000307e+01,9.979032000000000124e+00
5.508599999999999852e+01,1.000776199999999960e+01
5.509199999999999875e+01,9.959877999999999787e+00
5.509799999999999898e+01,9.873687000000000324e+00
5.510399999999999920e+01,9.988609000000000293e+00
5.510900000000000176e+01,9.959877999999999787e+00
5.511500000000000199e+01,9.969454999999999956e+00
5.511999999999999744e+01,9.911993999999999971e+00
5.512599999999999767e+01,9.892841000000000662e+00
5.513199999999999790e+01,9.931148000000000309e+00
5.513700000000000045e+01,9.940725000000000477e+00
5.514300000000000068e+01,9.950302000000000646e+00
5.514900000000000091e+01,9.969454999999999956e+00
5.515400000000000347e+01,9.959877999999999787e+00
5.515999999999999659e+01,9.969454999999999956e+00
5.516599999999999682e+01,9.921571000000000140e+00
5.517099999999999937e+01,9.959877999999999787e+00
5.517699999999999960e+01,1.003649300000000011e+01
5.518299999999999983e+01,9.959877999999999787e+00
5.518800000000000239e+01,9.950302000000000646e+00
5.519400000000000261e+01,9.921571000000000140e+00
5.519899999999999807e+01,9.892841000000000662e+00
5.520499999999999829e+01,9.940725000000000477e+00
5.521099999999999852e+01,9.959877999999999787e+00
5.521600000000000108e+01,9.959877999999999787e+00
5.522200000000000131e+01,9.931148000000000309e+00
5.522800000000000153e+01,9.950302000000000646e+00
5.523299999999999699e+01,9.988609000000000293e+00
5.523899999999999721e+01,9.940725000000000477e+00
5.524499999999999744e+01,9.921571000000000140e+00
5.525000000000000000e+01,9.902418000000000831e+00
5.525600000000000023e+01,9.873687000000000324e+00
5.526200000000000045e+01,9.931148000000000309e+00
5.526700000000000301e+01,9.969454999999999956e+00
5.527300000000000324e+01,9.959877999999999787e+00
5.527900000000000347e+01,9.892841000000000662e+00
5.528399999999999892e+01,9.969454999999999956e+00
5.528999999999999915e+01,9.959877999999999787e+00
5.529500000000000171e+01,9.892841000000000662e+00
5.530100000000000193e+01,9.921571000000000140e+00
5.530700000000000216e+01,9.864110000000000156e+00
5.531199999999999761e+01,9.911993999999999971e+00
5.531799999999999784e+01,1.000776199999999960e+01
5.532399999999999807e+01,9.969454999999999956e+00
5.532900000000000063e+01,9.844957000000000846e+00
5.533500000000000085e+01,9.921571000000000140e+00
5.534100000000000108e+01,9.931148000000000309e+00
5.534599999999999653e+01,1.001733899999999977e+01
5.535199999999999676e+01,1.001733899999999977e+01
5.535799999999999699e+01,9.959877999999999787e+00
5.536299999999999955e+01,9.931148000000000309e+00
5.536899999999999977e+01,9.931148000000000309e+00
5.537500000000000000e+01,9.940725000000000477e+00
5.538000000000000256e+01,1.003649300000000011e+01
5.538600000000000279e+01,9.911993999999999971e+00
5.539200000000000301e+01,9.979032000000000124e+00
5.539699999999999847e+01,9.998186000000000462e+00
5.540299999999999869e+01,9.979032000000000124e+00
5.540800000000000125e+01,9.969454999999999956e+00
5.541400000000000148e+01,9.940725000000000477e+00
5.542000000000000171e+01,9.931148000000000309e+00
5.542600000000000193e+01,9.959877999999999787e+00
5.543099999999999739e+01,9.988609000000000293e+00
5.543699999999999761e+01,9.969454999999999956e+00
5.544200000000000017e+01,9.979032000000000124e+00
5.544800000000000040e+01,1.001733899999999977e+01
5.545400000000000063e+01,9.959877999999999787e+00
5.546000000000000085e+01,9.950302000000000646e+00
5.546500000000000341e+01,9.911993999999999971e+00
5.547099999999999653e+01,9.969454999999999956e+00
5.547699999999999676e+01,9.950302000000000646e+00
5.548199999999999932e+01,9.950302000000000646e+00
5.548799999999999955e+01,9.921571000000000140e+00
5.549300000000000210e+01,9.921571000000000140e+00
5.549900000000000233e+01,9.959877999999999787e+00
5.550500000000000256e+01,9.959877999999999787e+00
5.551100000000000279e+01,9.864110000000000156e+00
5.551599999999999824e+01,9.950302000000000646e+00
5.552199999999999847e+01,9.940725000000000477e+00
5.552700000000000102e+01,9.950302000000000646e+00
5.553300000000000125e+01,9.959877999999999787e+00
5.553900000000000148e+01,9.931148000000000309e+00
5.554500000000000171e+01,9.969454999999999956e+00
5.554999999999999716e+01,9.921571000000000140e+00
5.555599999999999739e+01,9.979032000000000124e+00
5.556199999999999761e+01,9.950302000000000646e+00
5.556700000000000017e+01,9.921571000000000140e+00
5.557300000000000040e+01,9.816226000000000340e+00
5.557800000000000296e+01,9.902418000000000831e+00
5.558400000000000318e+01,9.931148000000000309e+00
5.558899999999999864e+01,1.006522299999999959e+01
5.559499999999999886e+01,9.873687000000000324e+00
5.560099999999999909e+01,9.873687000000000324e+00
5.560699999999999932e+01,9.902418000000000831e+00
5.561200000000000188e+01,9.902418000000000831e+00
5.561800000000000210e+01,1.000776199999999960e+01
5.562400000000000233e+01,1.004607000000000028e+01
5.563000000000000256e+01,9.959877999999999787e+00
5.563499999999999801e+01,9.979032000000000124e+00
5.564099999999999824e+01,9.979032000000000124e+00
5.564699999999999847e+01,9.921571000000000140e+00
5.565299999999999869e+01,9.959877999999999787e+00
5.565800000000000125e+01,9.883264000000000493e+00
5.566400000000000148e+01,9.902418000000000831e+00
5.566899999999999693e+01,9.940725000000000477e+00
5.567499999999999716e+01,9.921571000000000140e+00
5.568099999999999739e+01,9.998186000000000462e+00
5.568699999999999761e+01,9.969454999999999956e+00
5.569200000000000017e+01,9.873687000000000324e+00
5.569800000000000040e+01,9.911993999999999971e+00
5.570400000000000063e+01,9.892841000000000662e+00
5.571000000000000085e+01,1.001733899999999977e+01
5.571500000000000341e+01,9.902418000000000831e+00
5.572099999999999653e+01,9.902418000000000831e+00
5.572599999999999909e+01,9.998186000000000462e+00
5.573199999999999932e+01,9.950302000000000646e+00
5.573799999999999955e+01,9.911993999999999971e+00
5.574399999999999977e+01,9.969454999999999956e+00
5.574900000000000233e+01,9.959877999999999787e+00
5.575500000000000256e+01,9.931148000000000309e+00
5.576100000000000279e+01,9.959877999999999787e+00
5.576700000000000301e+01,9.883264000000000493e+00
5.577199999999999847e+01,9.950302000000000646e+00
5.577799999999999869e+01,9.969454999999999956e+00
5.578300000000000125e+01,9.931148000000000309e+00
5.578900000000000148e+01,9.979032000000000124e+00
5.579500000000000171e+01,9.969454999999999956e+00
5.580100000000000193e+01,9.931148000000000309e+00
5.580599999999999739e+01,9.988609000000000293e+00
5.581199999999999761e+01,9.979032000000000124e+00
5.581799999999999784e+01,9.902418000000000831e+00
5.582399999999999807e+01,9.969454999999999956e+00
5.582900000000000063e+01,9.911993999999999971e+00
5.583500000000000085e+01,9.959877999999999787e+00
5.584000000000000341e+01,9.969454999999999956e+00
5.584599999999999653e+01,9.950302000000000646e+00
5.585199999999999676e+01,1.000776199999999960e+01
5.585699999999999932e+01,9.911993999999999971e+00
5.586299999999999955e+01,9.911993999999999971e+00
5.586899999999999977e+01,9.931148000000000309e+00
5.587400000000000233e+01,9.950302000000000646e+00
5.588000000000000256e+01,9.940725000000000477e+00
5.588600000000000279e+01,9.911993999999999971e+00
5.589099999999999824e+01,9.940725000000000477e+00
5.589699999999999847e+01,9.940725000000000477e+00
5.590200000000000102e+01,9.931148000000000309e+00
5.590800000000000125e+01,9.940725000000000477e+00
5.591400000000000148e+01,9.931148000000000309e+00
5.591899999999999693e+01,9.911993999999999971e+00
5.592499999999999716e+01,9.911993999999999971e+00
5.592999999999999972e+01,9.931148000000000309e+00
5.593599999999999994e+01,9.902418000000000831e+00
5.594200000000000017e+01,9.969454999999999956e+00
5.594800000000000040e+01,9.911993999999999971e+00
5.595300000000000296e+01,9.959877999999999787e+00
5.595900000000000318e+01,9.950302000000000646e+00
5.596500000000000341e+01,9.969454999999999956e+00
5.596999999999999886e+01,9.902418000000000831e+00
5.597599999999999909e+01,9.921571000000000140e+00
5.598100000000000165e+01,9.959877999999999787e+00
5.598700000000000188e+01,9.940725000000000477e+00
5.599300000000000210e+01,9.950302000000000646e+00
5.599900000000000233e+01,9.931148000000000309e+00
5.600399999999999778e+01,9.969454999999999956e+00
5.600999999999999801e+01,9.921571000000000140e+00
5.601500000000000057e+01,9.950302000000000646e+00
5.602100000000000080e+01,9.979032000000000124e+00
5.602700000000000102e+01,9.950302000000000646e+00
5.603199999999999648e+01,9.911993999999999971e+00
5.603799999999999670e+01,9.998186000000000462e+00
5.604299999999999926e+01,9.902418000000000831e+00
5.604899999999999949e+01,9.892841000000000662e+00
5.605499999999999972e+01,9.950302000000000646e+00
5.606099999999999994e+01,9.959877999999999787e+00
5.606600000000000250e+01,9.959877999999999787e+00
5.607200000000000273e+01,9.931148000000000309e+00
5.607699999999999818e+01,9.950302000000000646e+00
5.608299999999999841e+01,9.931148000000000309e+00
5.608899999999999864e+01,9.911993999999999971e+00
5.609400000000000119e+01,9.959877999999999787e+00
5.610000000000000142e+01,9.892841000000000662e+00
5.610499999999999687e+01,9.892841000000000662e+00
5.611099999999999710e+01,9.998186000000000462e+00
5.611699999999999733e+01,9.921571000000000140e+00
5.612199999999999989e+01,9.911993999999999971e+00
5.612800000000000011e+01,9.931148000000000309e+00
5.613400000000000034e+01,9.969454999999999956e+00
5.613900000000000290e+01,9.902418000000000831e+00
5.614500000000000313e+01,9.883264000000000493e+00
5.615100000000000335e+01,9.940725000000000477e+00
5.615599999999999881e+01,9.950302000000000646e+00
5.616199999999999903e+01,9.921571000000000140e+00
5.616799999999999926e+01,9.902418000000000831e+00
5.617399999999999949e+01,9.988609000000000293e+00
5.617900000000000205e+01,9.969454999999999956e+00
5.618500000000000227e+01,9.979032000000000124e+00
5.618999999999999773e+01,9.969454999999999956e+00
5.619599999999999795e+01,1.002691599999999994e+01
5.620199999999999818e+01,9.959877999999999787e+00
5.620799999999999841e+01,9.883264000000000493e+00
5.621300000000000097e+01,9.998186000000000462e+00
5.621900000000000119e+01,9.969454999999999956e+00
5.622500000000000142e+01,9.950302000000000646e+00
5.622999999999999687e+01,9.950302000000000646e+00
5.623599999999999710e+01,1.000776199999999960e+01
5.624099999999999966e+01,9.902418000000000831e+00
5.624699999999999989e+01,9.940725000000000477e+00
5.625300000000000011e+01,9.931148000000000309e+00
5.625900000000000034e+01,9.969454999999999956e+00
5.626400000000000290e+01,9.969454999999999956e+00
5.627000000000000313e+01,9.969454999999999956e+00
5.627499999999999858e+01,1.000776199999999960e+01
5.628099999999999881e+01,9.892841000000000662e+00
5.628699999999999903e+01,9.988609000000000293e+00
5.629299999999999926e+01,9.911993999999999971e+00
5.629800000000000182e+01,9.844957000000000846e+00
5.630400000000000205e+01,9.921571000000000140e+00
5.630899999999999750e+01,1.000776199999999960e+01
5.631499999999999773e+01,9.969454999999999956e+00
5.632099999999999795e+01,9.911993999999999971e+00
5.632699999999999818e+01,9.931148000000000309e+00
5.633200000000000074e+01,9.911993999999999971e+00
5.633800000000000097e+01,9.959877999999999787e+00
5.634400000000000119e+01,9.902418000000000831e+00
5.635000000000000142e+01,9.921571000000000140e+00
5.635499999999999687e+01,9.969454999999999956e+00
5.636099999999999710e+01,9.968999999999999417e+00
5.636699999999999733e+01,9.902418000000000831e+00
5.637299999999999756e+01,9.988609000000000293e+00
5.638400000000000034e+01,9.959877999999999787e+00
5.638900000000000290e+01,9.902418000000000831e+00
5.639500000000000313e+01,9.931148000000000309e+00
5.640100000000000335e+01,9.998186000000000462e+00
5.640599999999999881e+01,1.000776199999999960e+01
5.641199999999999903e+01,9.940725000000000477e+00
5.641799999999999926e+01,9.892841000000000662e+00
5.642399999999999949e+01,9.950302000000000646e+00
5.642999999999999972e+01,9.883264000000000493e+00
5.643500000000000227e+01,9.940725000000000477e+00
5.644100000000000250e+01,1.003649300000000011e+01
5.644599999999999795e+01,9.979032000000000124e+00
5.645199999999999818e+01,9.950302000000000646e+00
5.645799999999999841e+01,9.902418000000000831e+00
5.646399999999999864e+01,9.921571000000000140e+00
5.646900000000000119e+01,9.940725000000000477e+00
5.647500000000000142e+01,9.931148000000000309e+00
5.648100000000000165e+01,9.940725000000000477e+00
5.648700000000000188e+01,9.940725000000000477e+00
5.649199999999999733e+01,9.931148000000000309e+00
5.649799999999999756e+01,9.969454999999999956e+00
5.650300000000000011e+01,9.940725000000000477e+00
5.650900000000000034e+01,9.950302000000000646e+00
5.651500000000000057e+01,9.969454999999999956e+00
5.652000000000000313e+01,9.969454999999999956e+00
5.652600000000000335e+01,9.940725000000000477e+00
5.653099999999999881e+01,9.931148000000000309e+00
5.653699999999999903e+01,9.892841000000000662e+00
5.654299999999999926e+01,9.864110000000000156e+00
5.654899999999999949e+01,1.003649300000000011e+01
5.655400000000000205e+01,9.883264000000000493e+00
5.656000000000000227e+01,9.959877999999999787e+00
5.656600000000000250e+01,1.002691599999999994e+01
5.657200000000000273e+01,9.931148000000000309e+00
5.657699999999999818e+01,9.969454999999999956e+00
5.658299999999999841e+01,9.931148000000000309e+00
5.658800000000000097e+01,9.940725000000000477e+00
5.659400000000000119e+01,1.002691599999999994e+01
5.660000000000000142e+01,9.940725000000000477e+00
5.660600000000000165e+01,9.959877999999999787e+00
5.661099999999999710e+01,9.911993999999999971e+00
5.661699999999999733e+01,9.959877999999999787e+00
5.662299999999999756e+01,9.892841000000000662e+00
5.662899999999999778e+01,9.911993999999999971e+00
5.663400000000000034e+01,9.911993999999999971e+00
5.664000000000000057e+01,9.979032000000000124e+00
5.664500000000000313e+01,9.940725000000000477e+00
5.665100000000000335e+01,9.873687000000000324e+00
5.665699999999999648e+01,1.000776199999999960e+01
5.666199999999999903e+01,9.950302000000000646e+00
5.666799999999999926e+01,1.001733899999999977e+01
5.667300000000000182e+01,9.911993999999999971e+00
5.667900000000000205e+01,9.959877999999999787e+00
5.668500000000000227e+01,9.969454999999999956e+00
5.669100000000000250e+01,1.001733899999999977e+01
5.669599999999999795e+01,9.950302000000000646e+00
5.670199999999999818e+01,9.902418000000000831e+00
5.670799999999999841e+01,9.950302000000000646e+00
5.671399999999999864e+01,9.931148000000000309e+00
5.671900000000000119e+01,9.931148000000000309e+00
5.672500000000000142e+01,9.969454999999999956e+00
5.672999999999999687e+01,9.969454999999999956e+00
5.673599999999999710e+01,9.950302000000000646e+00
5.674199999999999733e+01,9.969454999999999956e+00
5.674699999999999989e+01,9.969454999999999956e+00
5.675300000000000011e+01,9.979032000000000124e+00
5.675800000000000267e+01,9.950302000000000646e+00
5.676400000000000290e+01,9.931148000000000309e+00
5.677000000000000313e+01,9.921571000000000140e+00
5.677499999999999858e+01,9.940725000000000477e+00
5.678099999999999881e+01,9.900000000000000355e+00
5.678600000000000136e+01,9.931148000000000309e+00
5.679200000000000159e+01,9.988609000000000293e+00
5.679800000000000182e+01,9.959877999999999787e+00
5.680299999999999727e+01,9.940725000000000477e+00
5.680899999999999750e+01,9.950302000000000646e+00
5.681400000000000006e+01,9.950302000000000646e+00
5.682000000000000028e+01,9.902418000000000831e+00
5.682600000000000051e+01,9.950302000000000646e+00
5.683100000000000307e+01,9.959877999999999787e+00
5.683700000000000330e+01,9.979032000000000124e+00
5.684199999999999875e+01,9.911993999999999971e+00
5.684799999999999898e+01,9.979032000000000124e+00
5.685399999999999920e+01,9.902418000000000831e+00
5.685900000000000176e+01,9.911993999999999971e+00
5.686500000000000199e+01,9.911993999999999971e+00
5.687100000000000222e+01,9.892841000000000662e+00
5.687599999999999767e+01,9.988609000000000293e+00
5.688199999999999790e+01,9.950302000000000646e+00
5.688700000000000045e+01,9.931148000000000309e+00
5.689300000000000068e+01,1.000776199999999960e+01
5.689900000000000091e+01,9.940725000000000477e+00
5.690400000000000347e+01,1.002691599999999994e+01
5.690999999999999659e+01,9.950302000000000646e+00
5.691599999999999682e+01,9.921571000000000140e+00
5.692199999999999704e+01,9.892841000000000662e+00
5.692699999999999960e+01,9.902418000000000831e+00
5.693299999999999983e+01,9.940725000000000477e+00
5.693800000000000239e+01,9.892841000000000662e+00
5.694400000000000261e+01,9.931148000000000309e+00
5.695000000000000284e+01,9.940725000000000477e+00
5.695600000000000307e+01,9.892841000000000662e+00
5.696099999999999852e+01,9.998186000000000462e+00
5.696699999999999875e+01,9.921571000000000140e+00
5.697200000000000131e+01,9.864110000000000156e+00
5.697800000000000153e+01,9.969454999999999956e+00
5.698899999999999721e+01,9.921571000000000140e+00
5.699499999999999744e+01,9.979032000000000124e+00
5.700000000000000000e+01,9.979032000000000124e+00
5.700600000000000023e+01,9.988609000000000293e+00
5.701200000000000045e+01,9.864110000000000156e+00
5.701800000000000068e+01,9.911993999999999971e+00
5.702300000000000324e+01,9.950302000000000646e+00
5.702900000000000347e+01,9.911993999999999971e+00
5.703499999999999659e+01,9.940725000000000477e+00
5.704099999999999682e+01,1.000776199999999960e+01
5.704599999999999937e+01,9.979032000000000124e+00
5.705199999999999960e+01,9.988609000000000293e+00
5.705700000000000216e+01,9.892841000000000662e+00
5.706300000000000239e+01,9.902418000000000831e+00
5.706900000000000261e+01,9.931148000000000309e+00
5.707399999999999807e+01,9.921571000000000140e+00
5.707999999999999829e+01,1.001733899999999977e+01
5.708599999999999852e+01,9.892841000000000662e+00
5.709199999999999875e+01,9.979032000000000124e+00
5.709700000000000131e+01,9.988609000000000293e+00
5.710300000000000153e+01,9.940725000000000477e+00
5.710799999999999699e+01,9.959877999999999787e+00
5.711399999999999721e+01,1.003649300000000011e+01
5.711999999999999744e+01,9.940725000000000477e+00
5.712599999999999767e+01,9.950302000000000646e+00
5.713100000000000023e+01,9.998186000000000462e+00
5.713700000000000045e+01,9.911993999999999971e+00
5.714200000000000301e+01,9.931148000000000309e+00
5.714800000000000324e+01,9.940725000000000477e+00
5.715400000000000347e+01,9.950302000000000646e+00
5.715899999999999892e+01,9.969454999999999956e+00
5.716499999999999915e+01,9.940725000000000477e+00
5.717099999999999937e+01,9.892841000000000662e+00
5.717600000000000193e+01,9.950302000000000646e+00
5.718200000000000216e+01,9.979032000000000124e+00
5.718800000000000239e+01,1.002691599999999994e+01
5.719299999999999784e+01,9.931148000000000309e+00
5.719899999999999807e+01,9.998186000000000462e+00
5.720400000000000063e+01,9.892841000000000662e+00
5.721000000000000085e+01,9.892841000000000662e+00
5.722099999999999653e+01,9.921571000000000140e+00
5.722699999999999676e+01,9.902418000000000831e+00
5.723299999999999699e+01,9.959877999999999787e+00
5.723799999999999955e+01,9.864110000000000156e+00
5.724399999999999977e+01,9.950302000000000646e+00
5.725000000000000000e+01,9.959877999999999787e+00
5.725500000000000256e+01,9.969454999999999956e+00
